sample_id,dataset,relation,model,profile,direct_disagreement,logic_or_evidence_challenge,counter_claim,targeted_response,agreement_or_neutral,C,reason
4F-QUOTE-001,4forums,quote,DeepSeek-V4-Flash,P0,0.95,0.35,0.85,,0.05,0.7277777777777776,引用者直接否定“胎儿是人”并称其只是潜在的人，还反驳“所有杀戮都是谋杀”的说法，立场明显对立。
4F-QUOTE-001,4forums,quote,glm-5.3-flash,P0,0.85,0.7,0.9,,0.05,0.8222222222222222,引用者直接说'Wrong'，明确否定胎儿是人的观点，并提出替代主张：胎儿只是潜在的人，且并非所有杀死行为都构成谋杀。
4F-QUOTE-001,4forums,quote,doubao-seed-2-0-lite-260215,P0,0.9,0.8,0.9,,0.05,0.8722222222222222,明确反对被引用中胎儿是人、堕胎是错误杀人的核心观点，提出胎儿是潜在人类的相反主张，直接否定对方观点
4F-QUOTE-002,4forums,quote,DeepSeek-V4-Flash,P0,0.55,0.65,0.7,,0.25,0.6388888888888888,引用者用肝脏与电脑类比回应质疑，核心是区分肝脏和胎儿，主张胎儿因其自主运作而更像实体，属于对原质疑逻辑的反驳。
4F-QUOTE-002,4forums,quote,glm-5.3-flash,P0,0.35,0.55,0.6,,0.25,0.5166666666666667,引用者回应被引用的质疑，通过肝脏与整体过程的关系论证肝脏不是独立实体，并以电脑类比反驳肝脏与胎儿的等同，属于温和反驳而非明确否定。
4F-QUOTE-002,4forums,quote,doubao-seed-2-0-lite-260215,P0,0.0,0.0,0.0,,0.95,0.00555555555555556,仅回应对方提出的问题，澄清解释自身观点，未否定或反对被引用内容，属于中性讨论
4F-QUOTE-003,4forums,quote,DeepSeek-V4-Flash,P0,0.9,0.85,0.9,,0.05,0.888888888888889,引用者明确说对方“某种程度是在杀未出生者”，质疑脑活动定义，提出存活能力作为标准，并称其为反生命，整体强烈反对。
4F-QUOTE-003,4forums,quote,glm-5.3-flash,P0,0.8,0.85,0.85,,0.1,0.8388888888888889,引用者明确反驳'你不是在杀死胎儿'的说法，质疑脑活动标准（指出孕早期已有脑活动），并提出以体外存活力为界线的对立观点。
4F-QUOTE-003,4forums,quote,doubao-seed-2-0-lite-260215,P0,0.9,0.85,0.9,,0.05,0.888888888888889,逐一反驳被引用的堕胎定位、生命起点等多个核心观点，提出相反的界定标准和立场结论，对立明确
4F-QUOTE-004,4forums,quote,DeepSeek-V4-Flash,P0,0.5,0.65,0.4,,0.2,0.5611111111111111,引用者没有直接否定“ intellectually dishonest”本身，而是用“你似乎又接受它作为堕胎理由”指责对方自相矛盾，属于挑战一致性。
4F-QUOTE-004,4forums,quote,glm-5.3-flash,P0,0.5,0.75,0.3,,0.15,0.5777777777777778,引用者用'然而你却接受它作为堕胎理由'指出被引用者的自相矛盾，属于逻辑一致性挑战，但未直接否定其核心观点。
4F-QUOTE-004,4forums,quote,doubao-seed-2-0-lite-260215,P0,0.6,0.7,0.3,,0.2,0.5888888888888889,指出被引用观点存在的内在立场矛盾，质疑对方的一致性，未提出完整替代观点
4F-QUOTE-005,4forums,quote,DeepSeek-V4-Flash,P0,0.95,0.85,0.9,,0.02,0.908888888888889,引用者反驳“谋杀比堕胎更早存在”的说法，质疑其代表残障者发言，强调痛与感知痛不同，并直接叫对方闭嘴，对立明显。
4F-QUOTE-005,4forums,quote,glm-5.3-flash,P0,0.85,0.85,0.8,,0.05,0.85,引用者逐点反驳：指出谋杀概念依赖法律定义、以自身残障身份反驳'残障人士支持反堕胎'的概括、质疑胎儿痛觉证据并区分'有痛觉与知晓疼痛'。
4F-QUOTE-005,4forums,quote,doubao-seed-2-0-lite-260215,P0,0.95,0.9,0.85,,0.0,0.9166666666666666,直接否定被引用的谋杀定义、残障人士立场、胎儿疼痛感知等多个核心观点，以亲身经历反驳，对立非常明确
4F-QUOTE-006,4forums,quote,DeepSeek-V4-Flash,P0,0.9,0.95,0.9,,0.02,0.9255555555555555,引用者批评对方重复误导性言论，引用统计和政府网站反驳扶贫无效论，并指责其不诚实，属于强烈反驳。
4F-QUOTE-006,4forums,quote,glm-5.3-flash,P0,0.85,0.9,0.8,,0.05,0.8666666666666667,引用者明确指责对方'继续误导'，并以政府统计数据（贫困率从22%降至10%以下）直接反驳'反贫困战争毫无成效'的说法。
4F-QUOTE-006,4forums,quote,doubao-seed-2-0-lite-260215,P0,0.9,0.95,0.8,,0.05,0.8999999999999999,明确否定被引用反贫困战争无效的观点，用相反统计数据反驳对方事实错误，提出对立结论
4F-QUOTE-007,4forums,quote,DeepSeek-V4-Flash,P0,0.85,0.9,0.8,,0.05,0.8666666666666667,引用者直接称对方来源是右翼宗教基要团体、不可信，并讽刺其自欺，明确质疑其“客观来源”的说法。
4F-QUOTE-007,4forums,quote,glm-5.3-flash,P0,0.6,0.9,0.3,,0.05,0.6722222222222222,引用者直接否定'客观来源'的说法，指出数据来自右翼宗教团体、不可信，属于对证据来源可信度的正面挑战，但未提出替代结论。
4F-QUOTE-007,4forums,quote,doubao-seed-2-0-lite-260215,P0,0.8,0.95,0.7,,0.05,0.8444444444444443,直接否定对方来源客观的说法，质疑来源的可信度，明确挑战被引用内容的有效性
4F-QUOTE-008,4forums,quote,DeepSeek-V4-Flash,P0,0.9,0.85,0.85,,0.05,0.8777777777777778,引用者嘲讽“胎儿。当然”，指责对方只想用信息劝人不要堕胎、不了解孕妇处境，并反驳其类比和论证，整体强烈对立。
4F-QUOTE-008,4forums,quote,glm-5.3-flash,P0,0.8,0.85,0.75,,0.05,0.8222222222222222,引用者嘲讽并否定对方'知情选择'的说法，质疑其类比和论证为谬误，并提出对立观点：有时终止妊娠是唯一出路，反对方无权替女性做决定。
4F-QUOTE-008,4forums,quote,doubao-seed-2-0-lite-260215,P0,0.85,0.8,0.9,,0.1,0.85,逐一反驳被引用的反堕胎核心观点，提出相反的支持堕胎选择权的主张，明确反对对方立场
4F-QUOTE-009,4forums,quote,DeepSeek-V4-Flash,P0,0.5,0.8,0.3,,0.2,0.5888888888888889,以伊拉克战争平民为例反问，质疑被引用原则在“无辜者”标准上的一致性和适用性，属挑战但未直接否定原则本身。
4F-QUOTE-009,4forums,quote,glm-5.3-flash,P0,0.45,0.82,0.3,,0.12,0.5877777777777778,引用者用讽刺语气指出对方原则与伊拉克战争立场的矛盾，追问被杀者何罪，属逻辑一致性挑战而非直接否定原则本身。
4F-QUOTE-009,4forums,quote,doubao-seed-2-0-lite-260215,P0,0.8,0.9,0.7,,0.05,0.8277777777777777,引用者通过归谬反问，指出被引用观点的逻辑矛盾，否定原观点的合理性，属于明确反驳
4F-QUOTE-010,4forums,quote,DeepSeek-V4-Flash,P0,0.9,0.85,0.85,,0.05,0.8777777777777778,用反讽语气否定州监护与保护逻辑，指出强制生育造成更大身体创伤，并提出应务实解决堕胎问题，明显反驳被引用观点。
4F-QUOTE-010,4forums,quote,glm-5.3-flash,P0,0.78,0.85,0.62,,0.08,0.7833333333333332,开头的Right为反讽，引用者指出州政府立场自相矛盾（认定其无同意能力却强迫其承担后果），并以数据支持堕胎更安全，是强烈反驳。
4F-QUOTE-010,4forums,quote,doubao-seed-2-0-lite-260215,P0,0.85,0.9,0.8,,0.0,0.8722222222222222,引用者明确反驳原观点支持州阻止13岁被强奸女孩堕胎的立场，指出原观点的逻辑矛盾，持相反立场
4F-QUOTE-011,4forums,quote,DeepSeek-V4-Flash,P0,0.8,0.6,0.8,,0.1,0.7444444444444445,反驳被引用者对“pro-lifers使用baby一词是情绪勒索”的说法，转而主张Pro-life更准确，并讽刺应称Pro-choice为Pro-fetal homiciders，立场对立。
4F-QUOTE-011,4forums,quote,glm-5.3-flash,P0,0.6,0.58,0.6,,0.15,0.6211111111111111,引用者坚持自己立场，反驳对方对pro-life用词的指责，并以Pro-choice标签更不准确为由反击，属于对术语批评的反驳。
4F-QUOTE-011,4forums,quote,doubao-seed-2-0-lite-260215,P0,0.7,0.6,0.8,,0.1,0.7111111111111111,原观点称反堕胎者用“baby”是情绪勒索，引用者反对该说法，提出应准确命名堕胎本质，与原观点对立
4F-QUOTE-012,4forums,quote,DeepSeek-V4-Flash,P0,0.4,0.7,0.0,,0.3,0.4444444444444444,仅以“According to whom?”质疑其断言来源和依据，未提出相反结论，属轻度质疑。
4F-QUOTE-012,4forums,quote,glm-5.3-flash,P0,0.22,0.72,0.05,,0.3,0.40222222222222226,仅以一句质疑性的问句挑战对方论断的依据和权威来源，未直接否定也未提出替代观点，是典型的证据来源质疑。
4F-QUOTE-012,4forums,quote,doubao-seed-2-0-lite-260215,P0,0.1,0.5,0.0,,0.45,0.26111111111111107,引用者仅质疑原观点的依据来源，未明确否定原观点，也未提出相反主张
4F-QUOTE-013,4forums,quote,DeepSeek-V4-Flash,P0,0.7,0.8,0.5,,0.15,0.7055555555555554,直接反驳“没有证据”的说法，称已提供医学链接且多数情况下无害，属证据层面的反驳。
4F-QUOTE-013,4forums,quote,glm-5.3-flash,P0,0.5,0.8,0.45,,0.1,0.6333333333333334,引用者针对对方称无证据的指控，直接举出此前提供的医学网站链接作为反证，并以质问语气反驳，属于证据层面的直接对抗。
4F-QUOTE-013,4forums,quote,doubao-seed-2-0-lite-260215,P0,0.6,0.7,0.3,,0.1,0.6,原观点称相关内容没有证据支持，引用者指出已提供医学证据，反驳了“无证据”的说法，存在对立
4F-QUOTE-014,4forums,quote,DeepSeek-V4-Flash,P0,0.1,0.25,0.1,,0.8,0.1611111111111111,主要在补充心理学、地球科学等领域也使用科学方法，以支持或扩展被引用定义，而非反对其核心观点。
4F-QUOTE-014,4forums,quote,glm-5.3-flash,P0,0.55,0.75,0.65,,0.15,0.6722222222222222,引用者提供词典链接和实例论证心理学、地球科学等均使用科学方法，反驳对方对科学范围过于狭窄的界定并提出更宽泛定义。
4F-QUOTE-014,4forums,quote,doubao-seed-2-0-lite-260215,P0,0.75,0.8,0.8,,0.0,0.8055555555555555,原观点对科学做了狭义限定，引用者明确否定原定义，给出大量反例和相反定义，属于明确反驳
4F-QUOTE-015,4forums,quote,DeepSeek-V4-Flash,P0,0.3,0.15,0.25,,0.6,0.25,多为戏谑回击，提醒对方勿双标，未实质反驳被引用内容，对立程度较低。
4F-QUOTE-015,4forums,quote,glm-5.3-flash,P0,0.15,0.1,0.1,,0.72,0.13666666666666666,双方以玩笑口吻互相调侃双标问题，引用者语气轻松带表情符号，属于打趣式的中性互动而非实质性对立。
4F-QUOTE-015,4forums,quote,doubao-seed-2-0-lite-260215,P0,0.1,0.1,0.0,,0.85,0.08333333333333333,原内容是个人情绪和玩笑表达，引用者仅提醒对方不要对自己双标，未反对原内容本身的观点，属于中性回应
4F-QUOTE-016,4forums,quote,DeepSeek-V4-Flash,P0,0.9,0.8,0.7,,0.05,0.8277777777777777,直接以“No”否定对方“已经说过”的说法，并重申双方原话不同，属明显纠正与反驳。
4F-QUOTE-016,4forums,quote,glm-5.3-flash,P0,0.5,0.4,0.42,,0.25,0.4766666666666667,引用者以No开头明确否认对方已陈述过的说法，指出laserbeam与any focus at all的措辞差异并给出自己的版本，属带调侃的事实纠正。
4F-QUOTE-016,4forums,quote,doubao-seed-2-0-lite-260215,P0,0.6,0.5,0.4,,0.2,0.5444444444444444,被引用者称自己已经说过对应内容，引用者指出被引用者混淆了表述，纠正对方的错误理解，存在明确对立
4F-QUOTE-017,4forums,quote,DeepSeek-V4-Flash,P0,0.78,0.88,0.72,,0.1,0.8133333333333332,引用者要求对方展示矛盾并声称不存在矛盾，直接挑战其“与四个来源矛盾”的说法，并维护自己引用的定义。
4F-QUOTE-017,4forums,quote,glm-5.3-flash,P0,0.72,0.85,0.68,,0.12,0.7722222222222221,引用者直接要求对方展示所谓矛盾，并明确主张不存在矛盾，还提出自己引用的定义是唯一给出标准的定义，属于对引用内容证据主张的直接反驳与替代观点。
4F-QUOTE-017,4forums,quote,doubao-seed-2-0-lite-260215,P0,0.8,0.75,0.7,,0.05,0.7777777777777777,引用者明确反对被引用者「该定义与其他定义矛盾、不准确」的主张，提出不存在矛盾，只有自己引用的定义符合标准，质疑对方的矛盾主张，属于明确对立
4F-QUOTE-018,4forums,quote,DeepSeek-V4-Flash,P0,0.94,0.88,0.92,,0.04,0.9177777777777778,引用者逐条反驳被引用内容中的历史、法律和定义主张，称对方撒谎或倒退，并提出德雷德·斯科特等反例，对立明显。
4F-QUOTE-018,4forums,quote,glm-5.3-flash,P0,0.92,0.85,0.83,,0.05,0.88,引用者多次使用False、lying等字眼逐条否定对方关于法律与人格的论断，引用Dred Scott判决等证据反驳，并提出法律决定权利、3/5条款只是人口普查等相反结论，对立非常明显。
4F-QUOTE-018,4forums,quote,doubao-seed-2-0-lite-260215,P0,0.9,0.9,0.85,,0.05,0.8944444444444445,引用者逐点反驳被引用者的核心观点，多次指出对方存在事实错误和撒谎，纠正了3/5妥协、黑人法律人格等事实，提出完全相反的主张，高度对立
4F-QUOTE-019,4forums,quote,DeepSeek-V4-Flash,P0,0.86,0.72,0.8,,0.08,0.8066666666666666,引用者质疑“受苦是上帝旨意”的结论，并反推出上帝残忍，明确拒绝该上帝观，属于反对和反驳。
4F-QUOTE-019,4forums,quote,glm-5.3-flash,P0,0.7,0.74,0.58,,0.1,0.7088888888888889,引用者质疑若苦难是神的旨意则神是残忍的，反问救世主救的是什么，并以讽刺口吻拒绝对方的信仰表述，属于对该观点的逻辑质疑与拒绝。
4F-QUOTE-019,4forums,quote,doubao-seed-2-0-lite-260215,P0,0.85,0.8,0.8,,0.1,0.8277777777777777,引用者直接反对被引用者「苦难是上帝的旨意」的观点，推论出上帝残忍，明确表示不接受该上帝观，属于明确对立
4F-QUOTE-020,4forums,quote,DeepSeek-V4-Flash,P0,0.66,0.48,0.72,,0.14,0.6355555555555555,引用者以“应让女孩继续怀孕吗”反问被引用的反堕胎讽刺，转而支持女性一方，构成反驳和相反立场。
4F-QUOTE-020,4forums,quote,glm-5.3-flash,P0,0.68,0.76,0.65,,0.15,0.7188888888888889,引用者用反问质疑对方立场的隐含前提（难道要强迫她怀孕、她就毫无价值吗），并明确表示自己站在女性一边，构成对立的替代立场。
4F-QUOTE-020,4forums,quote,doubao-seed-2-0-lite-260215,P0,0.75,0.7,0.8,,0.1,0.7611111111111111,引用者反对被引用者反对堕胎的隐含立场，反问反驳对方只强调胎儿生命、忽视孕妇权益的逻辑，明确提出站在孕妇这边的相反主张
4F-QUOTE-021,4forums,quote,DeepSeek-V4-Flash,P0,0.84,0.9,0.86,,0.08,0.8733333333333333,引用者用幼儿、畸形儿和象人案例反驳“未发育或不像人就可杀”的论证，强调外观和发育不决定人性，直接挑战被引用逻辑。
4F-QUOTE-021,4forums,quote,glm-5.3-flash,P0,0.74,0.8,0.7,,0.1,0.7688888888888888,引用者以幼儿也发育未全、畸形儿童的例子反驳以发育程度判断人的标准，并反驳关于机构撒谎的指控，指出外表不等于不是人，属明确的逻辑反驳与相反主张。
4F-QUOTE-021,4forums,quote,doubao-seed-2-0-lite-260215,P0,0.8,0.85,0.8,,0.1,0.8277777777777777,引用者直接反驳被引用者「胎儿未发育类似低等生物所以可以堕胎」的逻辑，举幼儿、畸形儿的反例，提出不能以发育程度定义人能否被杀的相反观点，高度对立
4F-QUOTE-022,4forums,quote,DeepSeek-V4-Flash,P0,0.3,0.25,0.55,,0.38,0.37444444444444447,引用者没有直接反驳被引用内容，而是反问对方并转向自己的问题，仅隐含继续主张“不便才堕胎”，对立性中等偏低。
4F-QUOTE-022,4forums,quote,glm-5.3-flash,P0,0.42,0.2,0.55,,0.25,0.41222222222222227,引用者未正面回应对方的要求，而是转移话题并反问对方，重申多数堕胎出于不便的立场，属于回避后的重新主张，对立程度中等偏低。
4F-QUOTE-022,4forums,quote,doubao-seed-2-0-lite-260215,P0,0.1,0.1,0.1,,0.8,0.11111111111111112,引用者没有否定被引用者要求举证的主张，仅转换话头要求对方先回答自己的问题，属于中性回应，没有明确反驳对立
4F-QUOTE-023,4forums,quote,DeepSeek-V4-Flash,P0,0.08,0.16,0.34,,0.72,0.18666666666666668,引用者主要在回答“海洛因与自然流产有何共同点”，提出两者若都由上帝负责则共同点为上帝责任，更像补充或中性回应而非反对。
4F-QUOTE-023,4forums,quote,glm-5.3-flash,P0,0.45,0.2,0.5,,0.35,0.4,引用者以若上帝对一切负责则两者都由上帝负责来回应对方的质疑，间接维护了原有类比，但没有直接否定或攻击对方观点，更多是延续辩论。
4F-QUOTE-023,4forums,quote,doubao-seed-2-0-lite-260215,P0,0.0,0.05,0.1,,0.9,0.049999999999999996,被引用者仅表示不理解海洛因和自然流产的关联，引用者给出了基于上帝全能论的关联解释，没有否定原有观点，无对立
4F-QUOTE-024,4forums,quote,DeepSeek-V4-Flash,P0,0.45,0.62,0.28,,0.38,0.48777777777777775,引用者纠正对方混淆名词与形容词含义，挑战其用词和定义，但未直接否定“胎儿是人”的结论，属部分反驳部分澄清。
4F-QUOTE-024,4forums,quote,glm-5.3-flash,P0,0.48,0.72,0.38,,0.2,0.5733333333333334,引用者指出对方混淆了名词与形容词含义，质疑其所引医学定义的适用性，属于对证据使用的逻辑挑战，但未直接否定胎儿是人的结论。
4F-QUOTE-024,4forums,quote,doubao-seed-2-0-lite-260215,P0,0.8,0.85,0.7,,0.1,0.8055555555555555,引用者明确指出被引用者混淆了名词和形容词的语义，否定了对方论证的逻辑基础，属于明确的反驳对立
4F-QUOTE-025,4forums,quote,DeepSeek-V4-Flash,P0,0.65,0.9,0.5,,0.1,0.7277777777777777,引用者质疑对方没有证据、要求提供证明，并指责其循环论证，主要在挑战引用内容的证据与逻辑。
4F-QUOTE-025,4forums,quote,glm-5.3-flash,P0,0.72,0.78,0.6,,0.12,0.731111111111111,引用者明确质疑对方拿不出证据，指出其循环论证（beg the question），反驳其对fact的定义，并用Human的词典定义反证胚胎属于Homo sapiens，属于直接的证据与逻辑挑战。
4F-QUOTE-025,4forums,quote,doubao-seed-2-0-lite-260215,P0,0.8,0.9,0.7,,0.05,0.8277777777777777,引用者否定对方声称证据无需出示的说法，质疑对方的论证逻辑是乞题，提出胚胎属于智人，明确反对被引用内容
4F-QUOTE-026,4forums,quote,DeepSeek-V4-Flash,P0,0.8,0.7,0.8,,0.1,0.7777777777777777,引用者反驳“道义全属编造”的说法，强调《独立宣言》的权利观和立国意义，并提出相反解释。
4F-QUOTE-026,4forums,quote,glm-5.3-flash,P0,0.65,0.72,0.7,,0.15,0.7066666666666667,引用者反驳'开国者反对宣言内容'和'所有道德都是编造的'的说法，追问道德若无基础如何判断善恶，并提出替代观点：独立宣言确立了生命权并成为废奴的原则依据。
4F-QUOTE-026,4forums,quote,doubao-seed-2-0-lite-260215,P0,0.6,0.6,0.7,,0.1,0.6555555555555556,针对被引用的所有道德都是编造、独立宣言未提及天赋权利的观点，提出相反主张，质疑原观点的合理性，存在对立
4F-QUOTE-027,4forums,quote,DeepSeek-V4-Flash,P0,0.55,0.15,0.8,,0.25,0.4944444444444445,引用者虽承认与法国法相似，但明确不同意该立场，并主张以24周存活能力为界，提出替代结论。
4F-QUOTE-027,4forums,quote,glm-5.3-flash,P0,0.65,0.25,0.7,,0.3,0.5333333333333333,引用者先承认该观点与法国法律相似（部分认可），但明确表示不同意该立场，转而主张以24周胎儿存活期为界限的英国法律模式，属于提出相反结论但未深入质疑其推理。
4F-QUOTE-027,4forums,quote,doubao-seed-2-0-lite-260215,P0,0.5,0.2,0.6,,0.1,0.4666666666666666,引用者明确表示不同意原观点，提出以24周胎儿可存活作为分界的相反立场，存在对立
4F-QUOTE-028,4forums,quote,DeepSeek-V4-Flash,P0,0.15,0.1,0.05,,0.9,0.10555555555555554,引用者只是纠正拼写/用语，没有实质反驳“胚胎是人类生命”的论点，整体接近中性纠错。
4F-QUOTE-028,4forums,quote,glm-5.3-flash,P0,0.1,0.2,0.1,,0.55,0.17222222222222222,引用者只是纠正对方拼写（unalienable vs inalienable），属于措辞层面的挑刺，并未在实质观点上反对'胚胎是人命'的立场，整体更像中性或调侃式补充。
4F-QUOTE-028,4forums,quote,doubao-seed-2-0-lite-260215,P0,0.0,0.0,0.0,,1.0,0.0,仅纠正原内容的拼写错误，未反对原内容的观点，属于中性澄清
4F-QUOTE-029,4forums,quote,DeepSeek-V4-Flash,P0,0.9,0.45,0.9,,0.05,0.7555555555555555,引用者直接否定新生儿不依赖母亲的说法，强调所有情况下都依赖母亲，并给出相反论证。
4F-QUOTE-029,4forums,quote,glm-5.3-flash,P0,0.85,0.6,0.78,,0.05,0.7622222222222221,引用者开头直接否定对方断言，声称新生儿在任何情况下都完全依赖母亲，并用母亲忽视婴儿的真实案例反驳'他人可替代照顾'的论点，是对立性很强的反驳。
4F-QUOTE-029,4forums,quote,doubao-seed-2-0-lite-260215,P0,0.9,0.8,0.9,,0.05,0.8722222222222222,明确否定原观点
4F-QUOTE-030,4forums,quote,DeepSeek-V4-Flash,P0,0.85,0.8,0.7,,0.1,0.8055555555555555,引用者反驳对方对其立场不一致的指控，指其歪曲、转移话题并误解论证，属于强烈反驳。
4F-QUOTE-030,4forums,quote,glm-5.3-flash,P0,0.82,0.7,0.65,,0.05,0.7566666666666666,引用者指责对方歪曲自己的话，坚决否认自己立场不一致，纠正对方'意识等同于感受痛苦'的观点，指出对方偷换辩论框架，是对被引内容多重指控的全面回击。
4F-QUOTE-030,4forums,quote,doubao-seed-2-0-lite-260215,P0,0.85,0.9,0.75,,0.05,0.8555555555555555,明确否定被引用者提出的论证不一致的指控，指出对方歪曲自身观点，直接反驳原内容
4F-QUOTE-031,4forums,quote,DeepSeek-V4-Flash,P0,0.85,0.9,0.85,,0.08,0.8744444444444445,引用者否定定义暗示心智存在，指责对方犯逻辑谬误，并明确表示心智存在与否不重要。
4F-QUOTE-031,4forums,quote,glm-5.3-flash,P0,0.72,0.8,0.68,,0.1,0.7577777777777777,引用者反驳'死者不是成员'的说法，用'我的猫也有精神存在'的归谬法指出对方定义的逻辑漏洞，指控其犯有谬误，并提出相反结论：精神存在与否并不重要，胚胎仍是人。
4F-QUOTE-031,4forums,quote,doubao-seed-2-0-lite-260215,P0,0.8,0.8,0.8,,0.05,0.8166666666666667,否定原内容对定义的解读，反驳精神存在是生命权必要条件的观点，提出相反结论，明确对立
4F-QUOTE-032,4forums,quote,DeepSeek-V4-Flash,P0,0.75,0.25,0.7,,0.15,0.5833333333333333,引用者反唇相讥，反驳对方称其幼稚的指责，并用对方惯用“虚假歧视”来回击。
4F-QUOTE-032,4forums,quote,glm-5.3-flash,P0,0.55,0.45,0.4,,0.25,0.5055555555555556,引用者否认对方'幼稚'的指责，并以对方也常玩虚假歧视把戏为由反击其虚伪，属于对人身攻击式引用的对抗性回应，含有以牙还牙的质疑但缺乏实质议题论证。
4F-QUOTE-032,4forums,quote,doubao-seed-2-0-lite-260215,P0,0.9,0.8,0.8,,0.05,0.85,明确反驳对方说自己幼稚的指控，指出对方本身也使用同类不当策略，直接反对原内容
4F-QUOTE-033,4forums,quote,DeepSeek-V4-Flash,P0,0.1,0.05,0.05,,0.85,0.07777777777777778,引用者未正面回应对方对其签名的质疑，仅回应拼写并转移话题，没有明显反驳原引用内容。
4F-QUOTE-033,4forums,quote,glm-5.3-flash,P0,0.25,0.15,0.1,,0.55,0.20555555555555555,引用者以讽刺口吻回应拼写质疑并感谢对方了解Holocaust，回避了实质争论，既未明确反驳也未正面赞同，属于带防御色彩的调侃。
4F-QUOTE-033,4forums,quote,doubao-seed-2-0-lite-260215,P0,0.0,0.0,0.0,,0.95,0.00555555555555556,引用者仅回应对方指出拼写错误的内容，未对被引用内容的核心疑问提出反对，属于中性回应
4F-QUOTE-034,4forums,quote,DeepSeek-V4-Flash,P0,0.35,0.25,0.1,,0.5,0.2777777777777778,引用者部分承认对方说法，但又称对方陈述无关，带有轻微反驳和贬低相关性的意味。
4F-QUOTE-034,4forums,quote,glm-5.3-flash,P0,0.3,0.35,0.1,,0.65,0.2777777777777778,"先以'Ok, true'承认对方指出的问题属实，再称其表述'半准确但完全无关'，属于部分认同伴随对相关性的轻微批评。"
4F-QUOTE-034,4forums,quote,doubao-seed-2-0-lite-260215,P0,0.2,0.4,0.1,,0.7,0.25555555555555554,引用者先认可被引用内容对自己的指责，仅指出对方陈述无关，未全面明确反对被引用观点
4F-QUOTE-035,4forums,quote,DeepSeek-V4-Flash,P0,0.1,0.0,0.0,,0.85,0.049999999999999996,引用者确认对方被忽略，并评论忽略行为，未反驳对方询问或观点。
4F-QUOTE-035,4forums,quote,glm-5.3-flash,P0,0.35,0.05,0.05,,0.5,0.19999999999999998,以自嘲玩笑确认将对方加入忽略名单，隐含对对方立场的排斥，但未对其观点内容进行任何实质反驳。
4F-QUOTE-035,4forums,quote,doubao-seed-2-0-lite-260215,P0,0.0,0.0,0.0,,0.95,0.00555555555555556,被引用内容询问是否被屏蔽，引用者给出肯定答复，未反对被引用内容，属于中性回应
4F-QUOTE-036,4forums,quote,DeepSeek-V4-Flash,P0,0.9,0.7,0.85,,0.05,0.8277777777777777,引用者将对方对科学的辩护斥为“借口”，并继续主张进化研究中存在造假，明确反对原引用立场。
4F-QUOTE-036,4forums,quote,glm-5.3-flash,P0,0.85,0.6,0.7,,0.05,0.7444444444444444,以'借口、借口'全盘否定引用中对科学的辩护，并列举Archaeoraptor等造假案例作为进化论造假的反证，对立非常明确。
4F-QUOTE-036,4forums,quote,doubao-seed-2-0-lite-260215,P0,0.9,0.85,0.9,,0.05,0.888888888888889,引用者明确否定被引用为演化科学辩护的观点，提出演化研究存在大量造假的相反观点，属于明确反对
4F-QUOTE-037,4forums,quote,DeepSeek-V4-Flash,P0,0.0,0.0,0.0,,0.95,0.00555555555555556,引用者表示“Exactly”并补充个人看法，属于赞同和补充，而非反对。
4F-QUOTE-037,4forums,quote,glm-5.3-flash,P0,0.08,0.05,0.1,,0.85,0.08222222222222224,以'Exactly'明确赞同对方对'100%预知'条件的更正，并顺势补充自己的个人立场，属于认同与补充而非反驳。
4F-QUOTE-037,4forums,quote,doubao-seed-2-0-lite-260215,P0,0.0,0.0,0.1,,0.9,0.03333333333333333,引用者明确赞同被引用提出的逻辑命题，仅表达自身不相信100%预知，未反对原被引用内容
4F-QUOTE-038,4forums,quote,DeepSeek-V4-Flash,P0,0.0,0.0,0.0,,0.9,0.01111111111111111,引用者先赞同“生命由无生命粒子构成”这一事实，随后转向其他论点，未反驳原引用。
4F-QUOTE-038,4forums,quote,glm-5.3-flash,P0,0.1,0.12,0.15,,0.8,0.1288888888888889,先以'Yes'赞同'万物由粒子构成'的事实，随后转向批评进化论未能解释生命起源，批评对象是进化论而非被引内容本身。
4F-QUOTE-038,4forums,quote,doubao-seed-2-0-lite-260215,P0,0.0,0.0,0.0,,0.95,0.00555555555555556,引用者明确赞同被引用内容的观点，仅补充演化未证明其他问题，未反对原被引用内容
4F-QUOTE-039,4forums,quote,DeepSeek-V4-Flash,P0,0.2,0.0,0.0,,0.7,0.09999999999999999,引用者以玩笑方式回应“神是人造的”，未形成实质反驳或对立论证。
4F-QUOTE-039,4forums,quote,glm-5.3-flash,P0,0.3,0.3,0.1,,0.45,0.2833333333333333,用'蛋糕、代糖'等戏谑类比回应'上帝是人造的'，语气带有嘲弄式质疑，但语义模糊，未提出明确的反对立场。
4F-QUOTE-039,4forums,quote,doubao-seed-2-0-lite-260215,P0,0.0,0.0,0.1,,0.9,0.03333333333333333,引用者只是调侃反问，未对被引用观点提出实质反对，属于中性回应
4F-QUOTE-040,4forums,quote,DeepSeek-V4-Flash,P0,0.25,0.0,0.0,,0.6,0.12777777777777777,引用者以讽刺语气要求对方停止引用经文，但未针对经文内容进行实质反驳。
4F-QUOTE-040,4forums,quote,glm-5.3-flash,P0,0.03,0.03,0.0,,0.9,0.031111111111111107,以玩笑口吻表示对方引用经文的行为印证了自己此前的预测，属于同一阵营内的认同式调侃，无任何对立意图。
4F-QUOTE-040,4forums,quote,doubao-seed-2-0-lite-260215,P0,0.0,0.0,0.0,,0.98,0.002222222222222224,引用者未反对被引用经文的内容，只是提醒对方不要这么发帖，和被引用观点无关，属于中性
4F-QUOTE-041,4forums,quote,DeepSeek-V4-Flash,P0,0.9,0.85,0.9,,0.05,0.888888888888889,引用经文直接反驳“耶稣从未用地狱威胁人”的说法，提供多处反例，立场明显对立。
4F-QUOTE-041,4forums,quote,glm-5.3-flash,P0,0.88,0.92,0.85,,0.08,0.8911111111111112,引用者直接列出耶稣谈论地狱的经文，用证据正面否定对方'耶稣从未用地狱威胁人'的说法，结尾'Amazing'带讽刺，属于明确反驳。
4F-QUOTE-041,4forums,quote,doubao-seed-2-0-lite-260215,P0,0.95,0.9,0.9,,0.0,0.9277777777777777,原观点称圣经中找不到耶稣威胁人下地狱的内容，引用者直接举出耶稣提到地狱的经文，明确反驳原观点
4F-QUOTE-042,4forums,quote,DeepSeek-V4-Flash,P0,0.6,0.7,0.4,,0.35,0.5944444444444444,部分承认人类有偏见，但否定该事实能支持对方立场，并用类比质疑其逻辑，整体偏反驳。
4F-QUOTE-042,4forums,quote,glm-5.3-flash,P0,0.55,0.72,0.48,,0.42,0.5944444444444444,引用者先部分让步承认人皆有偏见，但随后反驳对方立场，并用'有人不诚实就不该和任何人做生意'的归谬法质疑其逻辑，属于部分同意、部分反驳。
4F-QUOTE-042,4forums,quote,doubao-seed-2-0-lite-260215,P0,0.6,0.7,0.5,,0.1,0.6444444444444444,引用者承认科学家存在偏差，但质疑该事实能支撑对方立场，否定对方观点的合理性
4F-QUOTE-043,4forums,quote,DeepSeek-V4-Flash,P0,0.95,0.85,0.95,,0.02,0.9199999999999999,强烈否定诺亚方舟和创世记，称其为神话，并援引地质与化石记录反驳，攻击性明显。
4F-QUOTE-043,4forums,quote,glm-5.3-flash,P0,0.95,0.9,0.9,,0.04,0.9233333333333332,引用者以'诺亚方舟是神话、地质记录证明大洪水未发生'正面否定对方，并嘲讽其证据只是地质构造，双方互相攻击，对立极其明确。
4F-QUOTE-043,4forums,quote,doubao-seed-2-0-lite-260215,P0,0.98,0.95,0.95,,0.0,0.9655555555555554,原观点称搜索诺亚方舟是严肃科学探索，引用者完全否定该观点，提出诺亚方舟是神话，地质证据不支持诺亚洪水
4F-QUOTE-044,4forums,quote,DeepSeek-V4-Flash,P0,0.15,0.4,0.05,,0.65,0.2333333333333333,主要是讽刺性怀疑对方能否兑现找证据的承诺，并未直接反驳“我会去找一个”的内容。
4F-QUOTE-044,4forums,quote,glm-5.3-flash,P0,0.15,0.2,0.05,,0.62,0.16999999999999998,被引内容只是承诺去找证据，引用者以调侃口吻追问何时兑现，带有轻微怀疑和嘲讽，但并未反对其观点本身，基本属中性跟进。
4F-QUOTE-044,4forums,quote,doubao-seed-2-0-lite-260215,P0,0.0,0.0,0.0,,0.95,0.00555555555555556,引用者只是调侃催促对方兑现找证据的承诺，未反对原观点，属于中性互动
4F-QUOTE-045,4forums,quote,DeepSeek-V4-Flash,P0,0.3,0.45,0.4,,0.6,0.3833333333333334,回应质疑并解释自身目标，提出寒武纪等证据，部分不认同对方论断，但整体更偏澄清和继续讨论。
4F-QUOTE-045,4forums,quote,glm-5.3-flash,P0,0.28,0.45,0.32,,0.55,0.36444444444444446,引用者先表示感激和坦诚自己了解不深，随后以寒武纪爆发等证据问题提出质疑，并将话题转向教学应呈现多种理论，整体偏中性讨论兼局部质疑。
4F-QUOTE-045,4forums,quote,doubao-seed-2-0-lite-260215,P0,0.2,0.25,0.3,,0.6,0.2611111111111111,引用者未否定对方核心观点，仅说明自身讨论目标，支持允许其他理论探讨，偏中性讨论
4F-QUOTE-046,4forums,quote,DeepSeek-V4-Flash,P0,0.95,0.9,0.95,,0.02,0.9366666666666665,直接以镰刀型细胞特征抗疟疾作为有益突变反例，反驳“没有有益突变”的指责。
4F-QUOTE-046,4forums,quote,glm-5.3-flash,P0,0.9,0.85,0.85,,0.05,0.8777777777777778,引用者以'当然有'直接否定对方'举不出有益突变例子'的说法，并提供镰刀型细胞抗疟疾这一反例，是明确的直接反驳和证据挑战。
4F-QUOTE-046,4forums,quote,doubao-seed-2-0-lite-260215,P0,0.9,0.95,0.9,,0.0,0.9277777777777777,原观点称不存在有益突变的例子，引用者直接举出镰刀型细胞抗疟疾的反例，明确反驳原观点
4F-QUOTE-047,4forums,quote,DeepSeek-V4-Flash,P0,0.5,0.7,0.55,,0.35,0.5944444444444443,在部分承认可能错误的同时，为科学存在系统偏见辩护并举手机辐射等例，反驳对方“你错了/拒绝辩论”的指责。
4F-QUOTE-047,4forums,quote,glm-5.3-flash,P0,0.45,0.52,0.4,,0.46,0.47222222222222227,面对'你就是错了、在回避辩论'的指控，引用者一方面承认在哥德尔定理点上可能出错，另一方面为自己的系统性偏见研究辩护并质疑科学vs宗教的二元框架，属辩解式回应，部分承认部分反驳。
4F-QUOTE-047,4forums,quote,doubao-seed-2-0-lite-260215,P0,0.7,0.8,0.6,,0.1,0.7333333333333333,引用者反驳对方自己拒绝辩论、观点错误的指责，质疑科学的绝对客观性，提出不同观点
4F-QUOTE-048,4forums,quote,DeepSeek-V4-Flash,P0,0.1,0.15,0.2,,0.85,0.14444444444444446,引用者提供资料回答“哪些黑猩猩基因表达不同”的问题，虽结尾嘲讽进化科学，但并非反驳被引用的提问。
4F-QUOTE-048,4forums,quote,glm-5.3-flash,P0,0.35,0.45,0.4,,0.35,0.42777777777777776,引用者实际回答了对方关于黑猩猩基因表达差异的问题并附上链接，但结尾以'进化科学真烂'的嘲讽将答案用作反驳对方进化立场的武器，属答问与挑战并存。
4F-QUOTE-048,4forums,quote,doubao-seed-2-0-lite-260215,P0,0.0,0.0,0.0,,0.9,0.01111111111111111,原内容是对进化论基因差异说法的质疑，引用者认同该质疑，未反对原内容，仅嘲讽进化论本身
4F-QUOTE-049,4forums,quote,DeepSeek-V4-Flash,P0,0.2,0.1,0.15,,0.6,0.17777777777777778,引用者主要贴出DNA相似度和形态差异并带嘲弄，但未明确反驳被引用问题，偏向补充/讽刺，对立较弱。
4F-QUOTE-049,4forums,quote,glm-5.3-flash,P0,0.05,0.05,0.03,,0.72,0.07111111111111111,引用者以新闻中99.9%相似度的DNA测序结果回应被引用者的提问，属于补充证据支持对方观点，'LOL'是调侃语气而非反驳。
4F-QUOTE-049,4forums,quote,doubao-seed-2-0-lite-260215,P0,0.0,0.0,0.0,,0.95,0.00555555555555556,引用者仅补充公布尼安德特DNA的匹配结果，未否定、质疑被引用内容，属于中性补充
4F-QUOTE-050,4forums,quote,DeepSeek-V4-Flash,P0,0.0,0.0,0.0,,1.0,0.0,明确接受纠正并感谢指出错误，属于赞同/让步。
4F-QUOTE-050,4forums,quote,glm-5.3-flash,P0,0.0,0.0,0.0,,0.95,0.00555555555555556,引用者明确说'Fair point'并感谢对方指正，承认自己此前理解有误，是完全的赞同与接受。
4F-QUOTE-050,4forums,quote,doubao-seed-2-0-lite-260215,P0,0.0,0.0,0.0,,1.0,0.0,引用者明确认可被引用内容，承认自身之前错误，属于完全赞同
4F-QUOTE-051,4forums,quote,DeepSeek-V4-Flash,P0,0.75,0.65,0.8,,0.15,0.7388888888888889,以“Nope”纠正爱因斯坦宇宙常数并非非物质解释，指出其物质性并称近来回归，反驳被引用观点。
4F-QUOTE-051,4forums,quote,glm-5.3-flash,P0,0.75,0.72,0.7,,0.1,0.7455555555555554,引用者以'Nope'开头明确纠正对方对爱因斯坦的解读，指出宇宙常数基于经验观察而非非物质解释，并提出该常数近期复兴的事实作为反证。
4F-QUOTE-051,4forums,quote,doubao-seed-2-0-lite-260215,P0,0.3,0.4,0.4,,0.25,0.4055555555555556,引用者以Nope否定原内容对爱因斯坦宇宙常数事件的解读，纠正相关事实，提出不同解释，存在一定对立
4F-QUOTE-052,4forums,quote,DeepSeek-V4-Flash,P0,0.5,0.8,0.75,,0.15,0.6944444444444444,通过质疑“退化器官”“低效鞭毛”等论证反驳被引用对创造论论证的贬斥。
4F-QUOTE-052,4forums,quote,glm-5.3-flash,P0,0.6,0.65,0.55,,0.2,0.6277777777777777,被引用内容批评创造论论证不合逻辑，引用者为其立场辩护，质疑'低效鞭毛'等说法的依据，并反问对方具体指什么不合逻辑，属于针对批评的反击。
4F-QUOTE-052,4forums,quote,doubao-seed-2-0-lite-260215,P0,0.8,0.9,0.7,,0.1,0.8222222222222222,原内容称神创论相关论点不合逻辑，引用者逐一反驳质疑，明确反对原判断，直接挑战原观点逻辑
4F-QUOTE-053,4forums,quote,DeepSeek-V4-Flash,P0,0.0,0.0,0.0,,0.95,0.00555555555555556,“Fair enough”并接受未见页面，未反驳被引用澄清，主要是中立/同意。
4F-QUOTE-053,4forums,quote,glm-5.3-flash,P0,0.1,0.05,0.08,,0.78,0.0922222222222222,引用者以'Fair enough'承认自己未读原页面，基本接受对方的澄清，仅坚持自己关于学术讨论产生分歧的宽泛观点，无实质对立。
4F-QUOTE-053,4forums,quote,doubao-seed-2-0-lite-260215,P0,0.0,0.0,0.0,,0.95,0.00555555555555556,引用者认可被引用内容的观点，仅补充自身核心立场，未产生对立
4F-QUOTE-054,4forums,quote,DeepSeek-V4-Flash,P0,0.1,0.1,0.1,,0.85,0.10555555555555556,主要在讨论定义、理论关联与进化可观察性，未直接反驳被引用关于BBT的怀疑，偏中性/补充。
4F-QUOTE-054,4forums,quote,glm-5.3-flash,P0,0.08,0.05,0.08,,0.6,0.10555555555555556,引用者未直接回应被引用者对大爆炸理论的批评，而是中性地解释三大理论之间的关系和定义，属于转移话题式的中性讨论。
4F-QUOTE-054,4forums,quote,doubao-seed-2-0-lite-260215,P0,0.0,0.0,0.0,,0.9,0.01111111111111111,引用者未否定或质疑被引用内容，仅展开讨论进化论相关理论与神创论的关系，属于中性讨论
4F-QUOTE-055,4forums,quote,DeepSeek-V4-Flash,P0,0.55,0.3,0.75,,0.25,0.5333333333333333,用“电视布道者”作为讽刺性例外，反驳“单靠宣称不能成立”的绝对说法。
4F-QUOTE-055,4forums,quote,glm-5.3-flash,P0,0.05,0.03,0.0,,0.72,0.05777777777777778,引用者用'电视布道者除外'的讽刺笑话呼应并延伸被引用者的批评，实际是在赞同对方并共同嘲讽，并非对立。
4F-QUOTE-055,4forums,quote,doubao-seed-2-0-lite-260215,P0,0.4,0.3,0.4,,0.2,0.41111111111111115,原观点称单纯宣称某事不能赢，引用者提出电视布道者的反例，对原观点存在有限反驳
4F-QUOTE-056,4forums,quote,DeepSeek-V4-Flash,P0,0.05,0.0,0.15,,0.9,0.0611111111111111,直接回答“因为没有反创造论的证据”，与被引用“几乎没人给证据”一致，属于支持/解释。
4F-QUOTE-056,4forums,quote,glm-5.3-flash,P0,0.05,0.0,0.05,,0.68,0.06333333333333332,被引用者询问反对创造论的证据是什么，引用者直接回答'因为没有这种证据'，是对提问的正面回应而非反驳提问者。
4F-QUOTE-056,4forums,quote,doubao-seed-2-0-lite-260215,P0,0.0,0.0,0.0,,1.0,0.0,引用者直接回应被引用内容提出的问题，属于中性回答，未反对原内容
4F-QUOTE-057,4forums,quote,DeepSeek-V4-Flash,P0,0.86,0.92,0.88,,0.06,0.8933333333333333,引用者明确要求对方不要曲解自己立场，贬低对方关于用词和达尔文雀的争论，并指责对方无法为神创论提供实证证据，还以SN1987A作为反例，构成强烈反对与证据挑战。
4F-QUOTE-057,4forums,quote,glm-5.3-flash,P0,0.55,0.85,0.7,,0.08,0.7244444444444444,引用者指责对方歪曲自己立场，称其论词性的争论为petty并直接搁置，进而质疑对方无法为神创论提供正面论证，并举SN1987A作为反驳创世记的反证，要求对方拿出实证证据，整体呈对抗性挑战。
4F-QUOTE-057,4forums,quote,doubao-seed-2-0-lite-260215,P0,0.9,0.8,0.8,,0.05,0.85,引用者明确指出被引用内容歪曲了自身立场，反对被引用对自己立场的错误描述，指出原作者未提供神创论的证据，存在明确对立
4F-QUOTE-058,4forums,quote,DeepSeek-V4-Flash,P0,0.74,0.18,0.32,,0.16,0.47111111111111115,引用者主要攻击被引用者 Nancy 的个人可信度与虚伪，称其个人简介中的话是对无神论的谩骂且自己被指责为谩骂，并未深入反驳其宗教论述，但整体语气是直接对抗和挑战。
4F-QUOTE-058,4forums,quote,glm-5.3-flash,P0,0.5,0.55,0.35,,0.08,0.53,引用者回应被引者对其资历的质疑，指其个人简介中的反无神论言论与指责他人的行为构成伪善，宣称其已失去公信力并坚持自己先前论断，属于针对发言者可信度的反驳而非对宗教论点本身的正面交锋。
4F-QUOTE-058,4forums,quote,doubao-seed-2-0-lite-260215,P0,0.8,0.7,0.7,,0.1,0.7555555555555554,被引用内容质疑引用者对宗教的认知深度，怀疑引用者是换马甲的老用户，引用者明确反驳该质疑，指出被引用者自身虚伪丧失公信力，存在对立
4F-QUOTE-059,4forums,quote,DeepSeek-V4-Flash,P0,0.82,0.58,0.74,,0.08,0.7333333333333333,引用者以反问质疑对方是否不把女性投票权视为民权，并反驳其关于女性运动依赖法官而非修正案的说法，指出民权法案与修正案才是关键，构成明显反驳。
4F-QUOTE-059,4forums,quote,glm-5.3-flash,P0,0.6,0.6,0.65,,0.08,0.6466666666666666,引用者以反问质疑对方贬低女性投票权的说法，主张1964年民权法案及修正案才是民权最关键成果，并指控对方阵营回避立法途径而依赖法院，明确反驳被引内容的框架与结论。
4F-QUOTE-059,4forums,quote,doubao-seed-2-0-lite-260215,P0,0.65,0.55,0.6,,0.2,0.6222222222222222,引用者质疑被引用内容关于女性运动成果的表述，指出同婚运动偏向法院途径是因为无法通过修宪，提出不同判断，存在对立
4F-QUOTE-060,4forums,quote,DeepSeek-V4-Flash,P0,0.72,0.05,0.42,,0.22,0.43666666666666665,引用者用“I'd hazard to guess not”对原问句给出否定性预测/回应，暗示对方并不真正支持人们拥有选择权，属于简短但直接的对立表达。
4F-QUOTE-060,4forums,quote,glm-5.3-flash,P0,0.85,0.1,0.45,,0.05,0.5222222222222223,被引内容问人们是否应有选择自己生活的权利，引用者干脆回答'hazard to guess not'，即明确否定该权利主张，是对被引观点的直接否认，虽未展开论证。
4F-QUOTE-060,4forums,quote,doubao-seed-2-0-lite-260215,P0,0.8,0.0,0.75,,0.1,0.5333333333333333,被引用内容隐含人们应当拥有个人生活选择权的观点，引用者明确表示不认同，存在直接对立
4F-QUOTE-061,4forums,quote,DeepSeek-V4-Flash,P0,0.55,0.88,0.16,,0.18,0.6033333333333335,引用者并未接受对方的举证要求，而是纠正称是对方先主张会影响社会，因此应由对方举证，并挑战其“事情太多无法列举”的说法，主要构成证据与逻辑层面的反驳。
4F-QUOTE-061,4forums,quote,glm-5.3-flash,P0,0.4,0.8,0.12,,0.15,0.5211111111111111,引用者拒绝对方要求其证伪的主张，指出主张'影响社会'的是对方，举证责任在提出者一方，并讥讽对方声称'太多例证列举不完'却举不出几个，属于典型的举证责任质疑，而非提出相反立场。
4F-QUOTE-061,4forums,quote,doubao-seed-2-0-lite-260215,P0,0.3,0.9,0.2,,0.1,0.5444444444444445,引用者未直接否定被引用的结论，仅指出提出主张的被引用者需要提供证据支撑，核心是对举证逻辑的挑战
4F-QUOTE-062,4forums,quote,DeepSeek-V4-Flash,P0,0.91,0.86,0.88,,0.04,0.8922222222222222,引用者强烈反对被引用者关于多数可投票歧视、自由可限制自由的立场，用奴隶制类比，要求证明同性婚姻如何伤害自身，并提出限制他人以迎合道德在自由社会不合理，构成全面反驳。
4F-QUOTE-062,4forums,quote,glm-5.3-flash,P0,0.8,0.8,0.75,,0.05,0.8055555555555555,引用者全面反驳'多数人可投票限制他人自由'的观点，要求对方证明同性婚姻会伤害自己，以奴隶制类比反证多数暴政之害，并改写对方原则提出'限制不伤及他人的行为在自由社会不合理'，最后直言对方完全误解自由。
4F-QUOTE-062,4forums,quote,doubao-seed-2-0-lite-260215,P0,0.9,0.85,0.9,,0.05,0.888888888888889,引用者明确反对被引用'多数限制少数自由属于自由一部分'的观点，提出'不影响他人的行为不应被多数限制'的相反观点，对立强烈
4F-QUOTE-063,4forums,quote,DeepSeek-V4-Flash,P0,0.0,0.0,0.0,,0.96,0.004444444444444448,被引用者问“例如????”，引用者只是给出 2000 年大选、Roe v Wade、Loving v Virginia 等例子，属于补充/回答，并非反对。
4F-QUOTE-063,4forums,quote,glm-5.3-flash,P0,0.02,0.0,0.0,,0.9,0.017777777777777778,被引内容只是索要例子，引用者顺势列举2000年大选、罗诉韦德案、Loving诉弗吉尼亚案等最高法院争议案例予以回应，属于配合性的信息补充，无对立迹象。
4F-QUOTE-063,4forums,quote,doubao-seed-2-0-lite-260215,P0,0.0,0.0,0.0,,1.0,0.0,被引用内容仅为请求举例，引用者按要求给出对应案例，属于中性回应，无任何对立
4F-QUOTE-064,4forums,quote,DeepSeek-V4-Flash,P0,0.02,0.02,0.02,,0.93,0.02555555555555555,引用者以“Or the Code of Hammurabi”补充同类例子，并延伸批评依赖超自然诫命判断道德的人，方向与被引用者一致，属于赞同、补充或扩展。
4F-QUOTE-064,4forums,quote,glm-5.3-flash,P0,0.05,0.12,0.08,,0.85,0.09111111111111111,引用者顺着对方的类比补充汉谟拉比法典早于犹太教数百年，随后批评依赖宗教经典判定道德之人，实为赞同并扩展被引论点的同一立场，对立程度很低。
4F-QUOTE-064,4forums,quote,doubao-seed-2-0-lite-260215,P0,0.0,0.0,0.0,,0.9,0.01111111111111111,引用者补充了被引用内容的举例，进一步延伸支持被引用的观点，属于赞同补充，无对立
4F-QUOTE-065,4forums,quote,DeepSeek-V4-Flash,P0,0.92,0.65,0.88,,0.04,0.8255555555555555,引用者否认被指有病、压抑同性欲望等指控，并反向指责对方，属强烈反驳。
4F-QUOTE-065,4forums,quote,glm-5.3-flash,P0,0.9,0.7,0.85,,0.05,0.8277777777777777,引用者明确否认被引者对自己'有病''压抑同性欲望'的指控，并反向指责对方才是'有病'的' closet case'，属于正面反驳并抛出对立指控。
4F-QUOTE-065,4forums,quote,doubao-seed-2-0-lite-260215,P0,0.95,0.9,0.9,,0.05,0.9222222222222222,引用者明确反对被引用内容中指责自己生病、压抑同性恋欲望的观点，反过来指责对方，直接否定原观点，提出相反主张，对立明确
4F-QUOTE-066,4forums,quote,DeepSeek-V4-Flash,P0,0.72,0.78,0.68,,0.28,0.731111111111111,引用者质疑类比讨论的必要性，并纠正对方对责任归属的类比，虽部分回应但整体反驳。
4F-QUOTE-066,4forums,quote,glm-5.3-flash,P0,0.6,0.75,0.55,,0.25,0.6555555555555557,引用者逐点回应，否认类比必要、指出'现代'无相关教令并以'恶意同样可能'质疑'偏见必源于无知'的推论，但语气相对克制且承认对方'very telling'一说，属部分反驳。
4F-QUOTE-066,4forums,quote,doubao-seed-2-0-lite-260215,P0,0.3,0.5,0.4,,0.5,0.4111111111111111,引用者仅对被引用内容的部分观点进行反驳，质疑了偏见恐惧必然伴随无知的逻辑，提出存在故意恶意的可能，属于部分争论，整体对立程度中等
4F-QUOTE-067,4forums,quote,DeepSeek-V4-Flash,P0,0.12,0.08,0.08,,0.8,0.10666666666666666,引用者用玩笑式回应，并未实质反对被引用内容，更像调侃或中性回应。
4F-QUOTE-067,4forums,quote,glm-5.3-flash,P0,0.12,0.05,0.05,,0.68,0.10333333333333333,引用者只是以讽刺口吻开玩笑（翻白眼表情），并未在语义上否定或质疑被引内容，更像调侃式中性互动。
4F-QUOTE-067,4forums,quote,doubao-seed-2-0-lite-260215,P0,0.8,0.2,0.1,,0.1,0.4555555555555556,引用者通过反讽表达对被引用内容的不认同，明确不赞同原观点，但未提出完整替代主张
4F-QUOTE-068,4forums,quote,DeepSeek-V4-Flash,P0,0.93,0.82,0.9,,0.03,0.8911111111111112,引用者以自身经历反驳对方对原教旨基督徒的概括，并指责其偏激、偏见。
4F-QUOTE-068,4forums,quote,glm-5.3-flash,P0,0.88,0.85,0.8,,0.05,0.86,引用者自认'基要派基督徒'直接否定被引者对基要派的批判，并以'把人一概而论正是偏见'反驳其逻辑，同时以自身不歧视同性恋亲友的事实提出反例。
4F-QUOTE-068,4forums,quote,doubao-seed-2-0-lite-260215,P0,0.9,0.9,0.8,,0.1,0.8777777777777778,引用者直接否定被引用内容对所有原教旨主义者一概否定的观点，指出原观点本身就是偏见，对立明确
4F-QUOTE-069,4forums,quote,DeepSeek-V4-Flash,P0,0.9,0.75,0.9,,0.05,0.8555555555555555,引用者直接假定对方支持歧视与压迫，并质疑其为何要让婚姻受民主程序决定。
4F-QUOTE-069,4forums,quote,glm-5.3-flash,P0,0.92,0.5,0.85,,0.02,0.7711111111111112,引用者直接宣称'婚姻绝不应交由民主程序决定'，与被引者立场完全相反，并重申对方指责为'稻草人'的'歧视压迫'指控，属针锋相对的对立回应。
4F-QUOTE-069,4forums,quote,doubao-seed-2-0-lite-260215,P0,0.95,0.85,0.9,,0.05,0.9055555555555556,被引用内容指出引用者犯下稻草人谬误，强加支持压迫的观点，引用者直接否定该辩解，坚持原指责，还提出婚姻不应交给民主程序的相反主张，对立非常明确
4F-QUOTE-070,4forums,quote,DeepSeek-V4-Flash,P0,0.5,0.9,0.7,,0.12,0.72,引用者用男性乳头反问，挑战身体部位都有特定演化任务这一假设。
4F-QUOTE-070,4forums,quote,glm-5.3-flash,P0,0.45,0.85,0.5,,0.15,0.6388888888888888,引用者用'男性乳头有何特定功能'的反例质疑'身体器官为特定任务而进化'的说法，属典型的证据/逻辑挑战，未明确表态但隐含否定。
4F-QUOTE-070,4forums,quote,doubao-seed-2-0-lite-260215,P0,0.2,0.8,0.1,,0.2,0.4444444444444445,引用者通过提问质疑被引用内容中所有身体部位都有特定进化功能的假设，未直接否定也未提出明确替代观点，核心是质疑原假设合理性
4F-QUOTE-071,4forums,quote,DeepSeek-V4-Flash,P0,0.55,0.88,0.45,,0.12,0.6744444444444444,引用者质疑对方关于非洲艾滋病起源的因果推断，要求其解释最初来源。
4F-QUOTE-071,4forums,quote,glm-5.3-flash,P0,0.5,0.9,0.55,,0.1,0.6888888888888889,引用者以归谬方式指出对方逻辑荒谬（两个未感染者性行为不会凭空产生艾滋病），并追问'第一颗蛋从哪来'以动摇其'同性恋传播艾滋病'的因果论。
4F-QUOTE-071,4forums,quote,doubao-seed-2-0-lite-260215,P0,0.5,0.8,0.3,,0.1,0.6,引用者指出被引用内容关于艾滋病起源于同性恋群体的论述存在逻辑漏洞，明确质疑原观点的合理性，对立程度较高
4F-QUOTE-072,4forums,quote,DeepSeek-V4-Flash,P0,0.95,0.7,0.92,,0.02,0.8633333333333333,引用者明确反对同性恋需要被修正的说法，并提出相反主张与反问。
4F-QUOTE-072,4forums,quote,glm-5.3-flash,P0,0.9,0.7,0.8,,0.05,0.8166666666666667,引用者明确宣称'同性恋不需要被矫正'，用'我能否矫正你让你喜欢你不喜欢的'反问质疑对方逻辑，并直言其说法愚蠢，属明确反对。
4F-QUOTE-072,4forums,quote,doubao-seed-2-0-lite-260215,P0,0.95,0.8,0.9,,0.05,0.8888888888888888,被引用内容称同性恋有错需要修正，引用者直接明确否定该观点，指责原说法愚蠢，提出相反主张，对立非常明确
4F-QUOTE-073,4forums,quote,DeepSeek-V4-Flash,P0,0.7,0.05,0.8,,0.1,0.5277777777777778,引用者以“实践你所传讲的”回击，指出对方才需要被纠正，属于反讽式反驳，并非赞同。
4F-QUOTE-073,4forums,quote,glm-5.3-flash,P0,0.8,0.35,0.7,,0.12,0.6366666666666666,引用者针锋相对地回击对方的宗教讽刺，称对方自己更需要祈祷和治愈，并把'罪'的指控反转到对方身上，属于明显的对抗性反驳。
4F-QUOTE-073,4forums,quote,doubao-seed-2-0-lite-260215,P0,0.8,0.3,0.7,,0.1,0.6222222222222221,引用者明确反对被引用内容对自身的指责，提出对方才需要做被引用要求的行为，存在明显对立
4F-QUOTE-074,4forums,quote,DeepSeek-V4-Flash,P0,0.9,0.95,0.9,,0.03,0.9244444444444444,直接说“你错了”，并用1964年民权法案、妇女选举权等反驳“其他民权不需投票”的说法，提出社会标准需经人民决定的相反结论。
4F-QUOTE-074,4forums,quote,glm-5.3-flash,P0,0.85,0.85,0.8,,0.05,0.85,明确指出'you are wrong'，用1964民权法案、妇女选举权等历史反例直接驳斥'从未通过投票决定民权'的论断，并提出婚姻标准需由社会逐步界定的对立解释。
4F-QUOTE-074,4forums,quote,doubao-seed-2-0-lite-260215,P0,0.9,0.8,0.8,,0.05,0.85,引用者明确指出原观点错误，质疑原内容不存在其他民权投票的说法，提出婚姻标准需人民界定的相反观点
4F-QUOTE-075,4forums,quote,DeepSeek-V4-Flash,P0,0.95,0.85,0.9,,0.03,0.9077777777777778,明确反驳“法院重新定义婚姻”，称争议只是既有法律下谁受保护，并指责对方未读案卷。
4F-QUOTE-075,4forums,quote,glm-5.3-flash,P0,0.75,0.8,0.7,,0.08,0.7744444444444444,开篇即否定对方'法院重新定义婚姻'的前提，纠正其事实理解，主张法院只是适用现有宪法保护所有人，并以'读案例'质疑对方的认知来源。
4F-QUOTE-075,4forums,quote,doubao-seed-2-0-lite-260215,P0,0.85,0.8,0.75,,0.1,0.8166666666666667,引用者否定被引用内容“法院重新定义婚姻”的说法，质疑对判决的错误解读，提出法院只是适用现有法律的相反解释
4F-QUOTE-076,4forums,quote,DeepSeek-V4-Flash,P0,0.6,0.65,0.45,,0.2,0.6055555555555556,质疑发帖人关于他人不文明、不合逻辑的指责，要求具体说明，并称多数人在逻辑讨论、指出谬误，属于反驳而非赞同。
4F-QUOTE-076,4forums,quote,glm-5.3-flash,P0,0.5,0.6,0.5,,0.3,0.5555555555555555,质疑对方对'不文明、不理性'的指控，要求举出具体事例，同时声称大家一直在理性讨论并指出对方逻辑谬误，属于部分反驳兼要求澄清。
4F-QUOTE-076,4forums,quote,doubao-seed-2-0-lite-260215,P0,0.5,0.6,0.4,,0.3,0.5333333333333333,引用者质疑原帖主“存在不文明辩论”的说法，指出多数人都在逻辑回应，询问具体所指，存在对立
4F-QUOTE-077,4forums,quote,DeepSeek-V4-Flash,P0,0.65,0.05,0.0,,0.18,0.3244444444444445,以“别屏息等待”拒绝提供对方要求的证据，是对质询的轻蔑回绝，但没有展开逻辑或替代论点。
4F-QUOTE-077,4forums,quote,glm-5.3-flash,P0,0.25,0.1,0.1,,0.45,0.19999999999999998,'Dont hold your breath'只是挑衅性地拒绝提供对方要求的证据，未对引用内容本身提出语义上的反驳或替代论证，对立性主要体现在语气而非实质。
4F-QUOTE-077,4forums,quote,doubao-seed-2-0-lite-260215,P0,0.1,0.0,0.0,,0.9,0.04444444444444444,引用者仅暗示无法拿出证据，未反对拿出证据的要求本身，属于中性回应，无对立
4F-QUOTE-078,4forums,quote,DeepSeek-V4-Flash,P0,0.88,0.9,0.88,,0.04,0.8955555555555555,直接称对方论证薄弱，并用社保、残疾补助等政府福利类比，主张同性婚姻诉求并不比其他基于条件的福利分配更特殊，提出相反结论。
4F-QUOTE-078,4forums,quote,glm-5.3-flash,P0,0.75,0.85,0.75,,0.08,0.8022222222222222,逐点称对方论证'weak'、'doesn't hold up'、'not compelling'，系统性质疑其证据与因果，并提出'不符合条件却想领取政府福利'的相反结论框架。
4F-QUOTE-078,4forums,quote,doubao-seed-2-0-lite-260215,P0,0.7,0.8,0.8,,0.1,0.7777777777777777,引用者明确指出被引用区分歧视好坏的论证薄弱，质疑其逻辑，提出同婚福利要求和其他福利标准本质一致的相反观点
4F-QUOTE-079,4forums,quote,DeepSeek-V4-Flash,P0,0.55,0.15,0.2,,0.25,0.3611111111111111,引用者没有接受对方的嘲讽，反讽对方拼写并要求更具体，随后陈述自己反对同性婚姻合法的观点；虽有回击，但主要不是针对被引论点做逻辑反驳。
4F-QUOTE-079,4forums,quote,glm-5.3-flash,P0,0.35,0.2,0.25,,0.3,0.31666666666666665,以拼写反击对方的人身嘲讽并要求对方别再装腔作势，随后自行陈述观点；对抗主要是互相讥讽，实质性观点交锋有限。
4F-QUOTE-079,4forums,quote,doubao-seed-2-0-lite-260215,P0,0.4,0.1,0.2,,0.5,0.26666666666666666,引用者回应对自己不会读、不懂观点的指责，指出对方拼写错误，存在轻度对立，未进行全面反驳
4F-QUOTE-080,4forums,quote,DeepSeek-V4-Flash,P0,0.08,0.0,0.12,,0.85,0.06999999999999999,被引用内容只是询问是否应合法化，引用者直接回答“不”，是对问题的回应和表态，并非反驳被引用文本本身。
4F-QUOTE-080,4forums,quote,glm-5.3-flash,P0,0.05,0.05,0.05,,0.85,0.061111111111111116,引用内容仅为一个提问，引用者澄清问题含义后直接回答自己不支持合法化，属于中性问答式回应，并非对被引用内容本身的反驳。
4F-QUOTE-080,4forums,quote,doubao-seed-2-0-lite-260215,P0,0.0,0.0,0.0,,1.0,0.0,被引用内容只是提问，引用者仅针对问题作答，未反对提问本身，属于中性回应，无对立
4F-QUOTE-081,4forums,quote,DeepSeek-V4-Flash,P0,0.55,0.5,0.45,,0.28,0.53,引用者在反驳‘布什政府不同意你’的推论，并强调平权保护涵盖各类群体、各州可在不侵犯联邦底线时补充，带有对抗性但更偏辩解和限定。
4F-QUOTE-081,4forums,quote,glm-5.3-flash,P0,0.62,0.72,0.55,,0.22,0.6555555555555557,引用者质疑引用内容的逻辑推理，表示不理解布什言论如何构成对自己的反驳，并提出自己的分类标准作为替代观点。
4F-QUOTE-081,4forums,quote,doubao-seed-2-0-lite-260215,P0,0.5,0.4,0.4,,0.2,0.4777777777777778,被引用内容声称布什政府不同意引用者观点，引用者明确否定该说法，提出自己对平等保护规则的解释，存在一定程度对立
4F-QUOTE-082,4forums,quote,DeepSeek-V4-Flash,P0,0.95,0.9,0.85,,0.03,0.9133333333333332,引用者明确否定将奴隶制类比到同性婚姻，认为二者不可等同，并直接反驳对方的论证逻辑，提出禁酒令等替代类比。
4F-QUOTE-082,4forums,quote,glm-5.3-flash,P0,0.85,0.82,0.78,,0.08,0.8322222222222222,引用者明确拒绝奴隶制类比，质疑该类比逻辑，并提出购酒权类比作为替代论证框架。
4F-QUOTE-082,4forums,quote,doubao-seed-2-0-lite-260215,P0,0.8,0.9,0.8,,0.05,0.85,被引用内容用奴隶制类比同性婚姻议题推导原观点不合理，引用者否定类比逻辑，提出对立观点，对立明确
4F-QUOTE-083,4forums,quote,DeepSeek-V4-Flash,P0,0.4,0.12,0.22,,0.62,0.2644444444444445,引用者主要在澄清自己是在质疑对方前后不一致，而非继续攻击发帖人；对引用观点本身的反驳很弱，更接近辩解。
4F-QUOTE-083,4forums,quote,glm-5.3-flash,P0,0.48,0.3,0.35,,0.5,0.3933333333333333,引用者对被引用的指控进行澄清和辩护，否认攻击动机但并非全面反驳其观点，更偏向解释性回应。
4F-QUOTE-083,4forums,quote,doubao-seed-2-0-lite-260215,P0,0.3,0.2,0.1,,0.6,0.2333333333333333,被引用指责引用者攻击发言者而非回应内容，引用者仅澄清自身行为性质，轻微否定指责，整体偏中性
4F-QUOTE-084,4forums,quote,DeepSeek-V4-Flash,P0,0.68,0.2,0.52,,0.24,0.49333333333333335,引用者把被引内容当作辱骂和嘲弄的例子，反对双方使用‘stupid’‘bigot’等标签，立场上不认同该嘲讽方式。
4F-QUOTE-084,4forums,quote,glm-5.3-flash,P0,0.4,0.18,0.32,,0.55,0.3144444444444444,引用者利用引用作为证据呼吁双方停止人身攻击，批评语气而非立场本身，态度偏中性调解。
4F-QUOTE-084,4forums,quote,doubao-seed-2-0-lite-260215,P0,0.7,0.6,0.7,,0.1,0.6888888888888889,被引用内容支持嘲讽反对该事件的家长，引用者反对双方使用辱骂性称呼，提出对立的沟通观点，存在明确对立
4F-QUOTE-085,4forums,quote,DeepSeek-V4-Flash,P0,0.92,0.88,0.9,,0.04,0.9066666666666667,引用者直接反驳‘耶稣重视家庭价值’的解释，引用经文论证耶稣要求恨家人、制造家庭分裂，并否定对方对其解经的指责。
4F-QUOTE-085,4forums,quote,glm-5.3-flash,P0,0.8,0.85,0.72,,0.08,0.8122222222222222,引用者否认操纵经文的指控，通过引用具体经文逐条反驳对方对圣经的解读，提出对立解释。
4F-QUOTE-085,4forums,quote,doubao-seed-2-0-lite-260215,P0,0.9,0.9,0.8,,0.05,0.8833333333333333,被引用指控引用者歪曲经文，引用者明确否认，逐句引用经文反驳对方解读，提出相反解读，对立明确
4F-QUOTE-086,4forums,quote,DeepSeek-V4-Flash,P0,0.95,0.8,0.9,,0.02,0.8922222222222221,引用者明确称对方是偏执者，反驳‘同性婚姻不是民权’和‘我不是歧视者’的说法，主张婚姻法正是民权问题且对方在支持歧视。
4F-QUOTE-086,4forums,quote,glm-5.3-flash,P0,0.95,0.72,0.9,,0.03,0.8644444444444445,引用者逐点直接反驳：断言对方确实偏执、同性婚姻确实是民权问题、对方确实支持歧视，态度极为对立。
4F-QUOTE-086,4forums,quote,doubao-seed-2-0-lite-260215,P0,0.95,0.9,0.95,,0.0,0.9388888888888887,被引用声称自己不是偏执狂，且同性婚姻不是民权问题，引用者明确否定两个核心观点，提出完全相反结论，对立非常明确
4F-QUOTE-087,4forums,quote,DeepSeek-V4-Flash,P0,0.9,0.75,0.85,,0.05,0.8444444444444444,引用者直接反对‘同性恋者追求文化承认并会侵蚀婚姻制度’的论点，主张他们追求的是法律平等，合法化影响积极或很小。
4F-QUOTE-087,4forums,quote,glm-5.3-flash,P0,0.82,0.78,0.85,,0.1,0.8222222222222222,引用者系统性地反驳被引用内容，否定追求文化认同的动机说，提出法律平等才是真正目标，并反驳婚姻制度被侵蚀的论点。
4F-QUOTE-087,4forums,quote,doubao-seed-2-0-lite-260215,P0,0.9,0.9,0.9,,0.05,0.9055555555555556,被引用提出同性婚姻活动家追求文化承认、放宽婚姻定义会侵蚀婚姻制度，引用者明确否定两个主张，提出相反观点，对立明确
4F-QUOTE-088,4forums,quote,DeepSeek-V4-Flash,P0,0.95,0.85,0.88,,0.02,0.9044444444444445,引用者强烈否定对方关于法典优先适用的说法，认为对方理解错误，并以爆炸物条款发问反驳其法律解释。
4F-QUOTE-088,4forums,quote,glm-5.3-flash,P0,0.9,0.8,0.72,,0.05,0.8322222222222222,引用者直接否定对方的法律解释（'which it isn't'），质疑其对法律层级的理解，斥其说法为'可悲地错误'。
4F-QUOTE-088,4forums,quote,doubao-seed-2-0-lite-260215,P0,0.9,0.95,0.85,,0.05,0.911111111111111,被引用提出新法优于旧法的法律主张，引用者明确否定该推理，提出相反的合法性结论，对立明确
4F-QUOTE-089,4forums,quote,DeepSeek-V4-Flash,P0,0.55,0.75,0.6,,0.2,0.6555555555555557,引用者用澳大利亚禁枪后毒药销量是否上升的反问，质疑全面禁枪能带来安全的论断。
4F-QUOTE-089,4forums,quote,glm-5.3-flash,P0,0.3,0.7,0.5,,0.2,0.5333333333333333,引用者以反讽语气质疑澳大利亚禁枪后毒药销量的问题，暗讽禁枪并不能消除暴力，实质是在挑战被引用观点的因果逻辑，但未明确直白地否定。
4F-QUOTE-089,4forums,quote,doubao-seed-2-0-lite-260215,P0,0.1,0.1,0.0,,0.8,0.08888888888888888,引用者仅针对澳大利亚禁枪提出一个相关疑问，未明确反对原引用的全面禁枪观点，属于中性相关提问，对立程度低
4F-QUOTE-090,4forums,quote,DeepSeek-V4-Flash,P0,0.82,0.75,0.75,,0.1,0.7899999999999999,引用者斥责对方说法“不合逻辑且自相矛盾”，并以“只要不把公民当罪犯就不在乎无辜者死亡”反问，明显反驳被引观点。
4F-QUOTE-090,4forums,quote,glm-5.3-flash,P0,0.8,0.75,0.7,,0.15,0.7666666666666666,引用者明确指出对方说法'不合逻辑且自相矛盾'，并反问'你不在意无辜者死亡'，直接否定并反转对方对其'把守法公民当罪犯'的指责，提出对立结论。
4F-QUOTE-090,4forums,quote,doubao-seed-2-0-lite-260215,P0,0.9,0.85,0.8,,0.05,0.8666666666666667,引用者明确指出原观点逻辑矛盾，通过反问反驳原内容对自己的指责，提出冲突立场，对立明确
4F-QUOTE-091,4forums,quote,DeepSeek-V4-Flash,P0,0.45,0.65,0.5,,0.3,0.5555555555555556,引用者以“餐刀和棒球棒呢”的讽刺扩展，质疑继续管制刀具、弓箭等武器的逻辑。
4F-QUOTE-091,4forums,quote,glm-5.3-flash,P0,0.4,0.72,0.55,,0.2,0.5844444444444444,引用者用讽刺口吻'翻白眼'追问是否连餐刀和棒球棒也要禁，以归谬法质疑被引用的管制延伸逻辑，暗含对管制范围的反对。
4F-QUOTE-091,4forums,quote,doubao-seed-2-0-lite-260215,P0,0.7,0.75,0.6,,0.1,0.7166666666666666,引用者用带讽刺的反问，质疑扩大武器管制的逻辑，反驳原内容隐含的支持扩大管制的观点，对立程度较高
4F-QUOTE-092,4forums,quote,DeepSeek-V4-Flash,P0,0.88,0.45,0.75,,0.08,0.7122222222222222,引用者否定对方“在传递信息”的说法，斥责其试图影响美国公共政策，属于强烈对抗。
4F-QUOTE-092,4forums,quote,glm-5.3-flash,P0,0.75,0.45,0.7,,0.1,0.6555555555555556,引用者强烈斥责对方在他国输出控枪主张是'帝国主义'，明确拒绝对方介入本国政策，反对对方立场，但主要是立场性指责而非逻辑反驳。
4F-QUOTE-092,4forums,quote,doubao-seed-2-0-lite-260215,P0,0.95,0.8,0.9,,0.0,0.8944444444444444,引用者明确否定对方支持枪控的立场，直接反对对方的意图，提出完全相反的反对枪控的观点，对立非常明确
4F-QUOTE-093,4forums,quote,DeepSeek-V4-Flash,P0,0.93,0.95,0.9,,0.05,0.9322222222222223,引用者质疑来源可信度、指责“cook data”，并以第二修正案“shall not be infringed”反驳成本论，提出登记违法等相反主张。
4F-QUOTE-093,4forums,quote,glm-5.3-flash,P0,0.7,0.85,0.8,,0.05,0.7999999999999999,引用者系统性质疑引用文的证据来源（指控'编造数据'、来源不可信），并援引第二修正案和最高法院判决提出'不得侵犯'的对立论点。
4F-QUOTE-093,4forums,quote,doubao-seed-2-0-lite-260215,P0,0.9,0.95,0.9,,0.05,0.9222222222222222,引用者质疑原内容的证据来源可靠性，指出原观点违反宪法，提出反对禁枪的相反立场，明确否定原观点，对立明确
4F-QUOTE-094,4forums,quote,DeepSeek-V4-Flash,P0,0.2,0.12,0.08,,0.75,0.15222222222222223,引用者主要在嘲讽对方发帖模式并希望其澄清，未实质反驳或挑战被引内容。
4F-QUOTE-094,4forums,quote,glm-5.3-flash,P0,0.35,0.2,0.2,,0.45,0.2888888888888889,引用者以'打哈欠''希望他澄清立场'等方式表达对被引用者的不屑与厌烦，带有个人化轻视，但并未针对其内容提出实质反驳或替代观点。
4F-QUOTE-094,4forums,quote,doubao-seed-2-0-lite-260215,P0,0.0,0.0,0.0,,1.0,0.0,引用者认同原引用内容对相关荒谬观点的批评，没有反对原内容，属于完全赞同，无对立
4F-QUOTE-095,4forums,quote,DeepSeek-V4-Flash,P0,0.02,0.02,0.0,,0.95,0.018888888888888893,引用者附和对“32支枪”的怀疑，属于认同和补充。
4F-QUOTE-095,4forums,quote,glm-5.3-flash,P0,0.05,0.05,0.05,,0.85,0.061111111111111116,引用者澄清对方'表示不相信'的说法，并补充自己也怀疑'32支枪'的说法，与被引用者的怀疑立场一致，属于赞同和补充。
4F-QUOTE-095,4forums,quote,doubao-seed-2-0-lite-260215,P0,0.0,0.0,0.0,,0.95,0.00555555555555556,引用者赞同被引用内容对对方拥有32支枪的质疑，补充自己持相同看法，属于赞同补充，无对立
4F-QUOTE-096,4forums,quote,DeepSeek-V4-Flash,P0,0.72,0.8,0.6,,0.15,0.7344444444444443,引用者以自身82空降兵经历说明没有外国武器训练，反驳被引“军人应受过AK训练”的推断。
4F-QUOTE-096,4forums,quote,glm-5.3-flash,P0,0.5,0.75,0.65,,0.25,0.6444444444444445,引用者以自己在82空降师服役四年的亲身经历反驳'军人应受过AK训练'的推测，指出根本没有外军武器训练，并补充自己接触Saiga的实际情况作为替代事实。
4F-QUOTE-096,4forums,quote,doubao-seed-2-0-lite-260215,P0,0.8,0.7,0.7,,0.15,0.7499999999999999,引用者用自身服役经历否定了
4F-QUOTE-097,4forums,quote,DeepSeek-V4-Flash,P0,0.03,0.08,0.03,,0.9,0.05444444444444445,引用者补充历史文献，支持被引用者对自然权利论忽视历史的批评，属于补充而非反对。
4F-QUOTE-097,4forums,quote,glm-5.3-flash,P0,0.08,0.12,0.1,,0.78,0.11333333333333334,被引用者批评自然权利论者讲不清权利来源且忽视历史；引用者引述学术著作论证第二修正案权利源于十七世纪英国传统而非普遍自然权利，实际上是在为被引用者的质疑补充历史证据，属于支持性引用。
4F-QUOTE-097,4forums,quote,doubao-seed-2-0-lite-260215,P0,0.0,0.0,0.0,,1.0,0.0,引用者仅转引书籍中关于第二修正案的内容，未对原被引用片段提出任何反对质疑，属于中性引用
4F-QUOTE-098,4forums,quote,DeepSeek-V4-Flash,P0,0.9,0.8,0.9,,0.1,0.8666666666666667,被引用者庆幸该法日落，引用者则称其疯狂并主张保留该法，还以十年无刺刀袭击作为论据，语义上明显对立。
4F-QUOTE-098,4forums,quote,glm-5.3-flash,P0,0.12,0.08,0.08,,0.75,0.11222222222222222,表面语气激烈地说'你疯了'，但整段是反讽，嘲讽的是禁枪法及其支持者（刺刀袭击论）；引用者与被引用者一样庆幸禁令到期，双方实际立场一致，对立程度低。
4F-QUOTE-098,4forums,quote,doubao-seed-2-0-lite-260215,P0,0.9,0.85,0.9,,0.0,0.8944444444444445,被引用内容支持禁枪法案到期失效，引用者明确否定该观点，质疑对方受NRA宣传误导，提出保留法案的相反主张，完全对立
4F-QUOTE-099,4forums,quote,DeepSeek-V4-Flash,P0,0.02,0.02,0.02,,0.96,0.022222222222222227,引用者赞同并补充枪械建议，还询问“Pseudo Galil”的定义，没有反驳被引用内容。
4F-QUOTE-099,4forums,quote,glm-5.3-flash,P0,0.03,0.03,0.03,,0.93,0.03444444444444444,引用者附和对方保留枪支的话题，并就中国产Uzi的性价比和改装提供建议，属于志同道合的 hobby 式交流补充，几乎不含任何对立成分。
4F-QUOTE-099,4forums,quote,doubao-seed-2-0-lite-260215,P0,0.0,0.0,0.0,,0.98,0.002222222222222224,引用者承接被引用的枪械购买改造讨论，补充自身购买使用经验，属于友好补充讨论，不存在对立
4F-QUOTE-100,4forums,quote,DeepSeek-V4-Flash,P0,0.72,0.68,0.7,,0.3,0.7,引用者虽回答部分问题，但以“神经质挑刺”定性和“你的整个观点毫无意义”反驳被引用者的质疑，并提出只有医生能开药或手术等相反论据。
4F-QUOTE-100,4forums,quote,glm-5.3-flash,P0,0.52,0.62,0.45,,0.18,0.5711111111111111,被引用文本质疑医疗事故统计中'注册医疗专业人员'和'组织'定义的模糊性；引用者斥之为'神经质的吹毛求疵'，逐条回应并论证定义成立，还引入公路死亡与枪支死亡数据反驳其质疑，明显在回击对方的证据挑战。
4F-QUOTE-100,4forums,quote,doubao-seed-2-0-lite-260215,P0,0.75,0.8,0.7,,0.1,0.7722222222222221,被引用内容对原定义细节提出质疑，引用者称对方是无端挑刺，拿出新定义证明对方质疑无意义，明确反驳对方疑问，存在对立
4F-REPLY-001,4forums,reply,DeepSeek-V4-Flash,P0,0.55,0.7,0.6,0.85,0.4,0.6399999999999999,回复部分澄清误读，但明确挑战父帖关于纪念与精神存在的类比，并反驳“若在乎胎儿就不会堕胎”的推断；同时承认胎儿有价值，整体偏向针对性反驳而非纯同意。
4F-REPLY-001,4forums,reply,glm-5.3-flash,P0,0.65,0.75,0.75,0.85,0.3,0.725,回复礼貌地承认误读并部分认同胎儿有价值，但明确反驳了父帖的核心类比：指出葬礼纪念与心理存在无关、没人认为堕胎不是大事，并以自身经历反驳'若在乎胎儿就不会堕胎'的假设，针对性和反驳性都较强。
4F-REPLY-001,4forums,reply,doubao-seed-2-0-lite-260215,P0,0.65,0.7,0.7,0.9,0.15,0.72,回复纠正了父帖关于葬礼原因的逻辑，否定父帖提出的双重标准结论，提出相反观点，全程针对父帖内容反驳，仅开头有少量澄清，反驳特征明显
4F-REPLY-002,4forums,reply,DeepSeek-V4-Flash,P0,0.9,0.85,0.85,0.9,0.1,0.875,回复直接否定父帖的法律推理，质疑最高法院与宪法关系、Harlan的解释以及修正案隐含权利，并提出宪法至上、修正案应按字面理解等相反主张，针对性很强。
4F-REPLY-002,4forums,reply,glm-5.3-flash,P0,0.85,0.8,0.75,0.85,0.05,0.825,回复开头即说'False? I dont think so'，直接否定父帖援引的宪法解释，称Harlan在编造、修正案没有隐藏含义，并提出'宪法才是最高法律'及第19修正案的反例，是对父帖法律论证的直接反驳。
4F-REPLY-002,4forums,reply,doubao-seed-2-0-lite-260215,P0,0.7,0.8,0.75,0.85,0.1,0.7749999999999999,回复直接否定父帖对宪法条款和大法官解读的论证，提出相反主张，针对性反驳父帖核心逻辑，反驳特征明显
4F-REPLY-003,4forums,reply,DeepSeek-V4-Flash,P0,0.95,0.9,0.9,0.95,0.05,0.9249999999999999,回复逐点反驳父帖，指责其缺乏证据、只是主观意见，并反对其对 pro-life/pro-choice 的定义和 Bush 判断，提出多个相反观点，属于强烈直接反驳。
4F-REPLY-003,4forums,reply,glm-5.3-flash,P0,0.9,0.9,0.8,0.9,0.05,0.885,回复逐点反驳父帖：指出对方未能证明反堕胎运动'无能'、称其全是主观臆断、质疑踢出Bush的例子、否认对pro-life/pro-choice有严格定义标准，明确说'你没提供任何证据'，反驳非常直接和全面。
4F-REPLY-003,4forums,reply,doubao-seed-2-0-lite-260215,P0,0.8,0.85,0.8,0.95,0.1,0.84,回复逐条反驳父帖对亲生命运动的指责，否定父帖核心观点，提出相反主张，全程针对父帖论点，反驳特征非常明显
4F-REPLY-004,4forums,reply,DeepSeek-V4-Flash,P0,0.7,0.6,0.8,0.8,0.15,0.7150000000000001,回复用反讽质问对方在死刑与堕胎上的立场矛盾，针对父帖提到的死刑/pro-life 话题提出相反道德论点，虽较短但明显带有挑战意味。
4F-REPLY-004,4forums,reply,glm-5.3-flash,P0,0.55,0.6,0.65,0.6,0.25,0.6099999999999999,回复没有直接否定父帖对Cloe的指控，而是以'以子之矛攻子之盾'的方式反击：你们怎么可以既反对死刑又支持杀害最无辜生命的堕胎，用反向的不一致指控来削弱父帖的指责，属于隐性的对立回应。
4F-REPLY-004,4forums,reply,doubao-seed-2-0-lite-260215,P0,0.45,0.6,0.5,0.8,0.2,0.5750000000000001,回复针对父帖提到的立场，质疑对方逻辑矛盾，未提出非常明确的完整相反结论，反驳特征中等偏上
4F-REPLY-005,4forums,reply,DeepSeek-V4-Flash,P0,0.95,0.8,0.95,0.9,0.05,0.8999999999999998,回复全面反对父帖的 pro-life 论证，主张女性权利优先、胎儿不应有高于母体的权利，并反驳领养角度、怀孕惩罚等说法，直接提出相反立场。
4F-REPLY-005,4forums,reply,glm-5.3-flash,P0,0.8,0.65,0.85,0.75,0.05,0.7749999999999999,回复明确提出相反主张——活着的女性的权利永远高于胎儿，胎儿不应享有超出女性的权利，并反驳父帖关于婴儿权利、收养说法，质问'你有什么权利'，与父帖亲生命立场针锋相对。
4F-REPLY-005,4forums,reply,doubao-seed-2-0-lite-260215,P0,0.9,0.85,0.9,0.95,0.05,0.895,回复全面直接反对父帖反对堕胎、胎儿权利优先的核心观点，提出明确相反主张，全程针对父帖反驳，反驳特征非常明确
4F-REPLY-006,4forums,reply,DeepSeek-V4-Flash,P0,0.0,0.0,0.0,0.2,0.9,0.030000000000000002,回复只是提醒 Linus 不要漏看自己的帖子，没有回应或反驳父帖观点，属于中性催促/提醒。
4F-REPLY-006,4forums,reply,glm-5.3-flash,P0,0.0,0.0,0.0,0.15,0.85,0.030000000000000002,回复只是提醒Linus别忘了查看之前的帖子，属于程序性的催促，完全没有回应或反驳父帖关于宪法是否提及堕胎的论证内容，本质上是中性内容。
4F-REPLY-006,4forums,reply,doubao-seed-2-0-lite-260215,P0,0.0,0.0,0.0,0.2,0.95,0.02500000000000001,回复仅为提醒对方不要漏看帖子，没有反驳任何父帖观点，属于中性内容，完全没有反驳特征
4F-REPLY-007,4forums,reply,DeepSeek-V4-Flash,P0,0.1,0.05,0.0,0.5,0.85,0.11,回复基本同意“真信徒不会支持堕胎”的前提，并追问父帖是否接受母亲生命、强奸、乱伦等例外，没有提出相反观点，整体偏同意或中性澄清。
4F-REPLY-007,4forums,reply,glm-5.3-flash,P0,0.02,0.0,0.0,0.35,0.75,0.066,回复开头'True believer yes...they couldn't believe abortion is ok'明确认同父帖观点，随后转向与其他参与者讨论pro-life策略和提问，整体是支持加中性闲谈，无反驳成分。
4F-REPLY-007,4forums,reply,doubao-seed-2-0-lite-260215,P0,0.1,0.05,0.1,0.5,0.8,0.135,回复开头同意了父帖核心观点，仅对细节做中性追问澄清，未反驳核心主张，属于同意加中性提问
4F-REPLY-008,4forums,reply,DeepSeek-V4-Flash,P0,0.0,0.0,0.0,0.25,0.9,0.035,回复只是问候同为田纳西州的人，没有回应父帖的政治论点，也没有反驳或挑战其观点，属于无关或中性社交回应。
4F-REPLY-008,4forums,reply,glm-5.3-flash,P0,0.0,0.0,0.0,0.05,0.85,0.020000000000000004,回复仅是一句来自同州网友的寒暄问候，与父帖关于孟菲斯自由派的内容毫无交锋，既不反对也不支持，属于无关的中性内容。
4F-REPLY-008,4forums,reply,doubao-seed-2-0-lite-260215,P0,0.0,0.0,0.0,0.1,0.9,0.02,回复仅为打招呼，没有针对父帖观点做任何反驳，属于中性回应，没有反驳特征
4F-REPLY-009,4forums,reply,DeepSeek-V4-Flash,P0,0.62,0.78,0.55,0.92,0.12,0.71,回复质疑父帖对“下降是好事”的乐观判断，追问下降幅度并贬低该下降，直接针对父帖数据。
4F-REPLY-009,4forums,reply,glm-5.3-flash,P0,0.6,0.7,0.6,0.85,0.2,0.675,回复以反问直接质疑父帖对堕胎率下降的正面评价，指出105/100仍不令人印象深刻，用词上是否定语气但较为含蓄。
4F-REPLY-009,4forums,reply,doubao-seed-2-0-lite-260215,P0,0.6,0.8,0.6,0.9,0.1,0.72,回复质疑父帖只提东欧堕胎率降幅、不提初始基数，不认可父帖认为堕胎率下降就是好事的观点，明确针对父帖内容反驳，基本没有同意倾向
4F-REPLY-010,4forums,reply,DeepSeek-V4-Flash,P0,0.85,0.55,0.9,0.88,0.08,0.78,回复提出相反因果：堕胎反而使女性更少、反女性，直接反驳父帖关于贬低女性人性的说法。
4F-REPLY-010,4forums,reply,glm-5.3-flash,P0,0.7,0.4,0.8,0.8,0.1,0.66,回复以'你没理解'开头否定父帖，提出堕胎反而对女性有害的相反主张，但主要以陈述替代观点为主，对父帖逻辑本身挑战有限。
4F-REPLY-010,4forums,reply,doubao-seed-2-0-lite-260215,P0,0.8,0.7,0.9,0.95,0.05,0.82,父帖认为支持胚胎生命权就是贬低女性，回复明确反对该观点，提出堕胎本身才是反女性反人类的相反主张，针对父帖观点反驳，几乎没有同意内容
4F-REPLY-011,4forums,reply,DeepSeek-V4-Flash,P0,0.9,0.88,0.85,0.95,0.05,0.894,回复否认父帖所谓“我说胎儿不存在”，要求举证，指出父帖误引或张冠李戴，并明确胎儿存在。
4F-REPLY-011,4forums,reply,glm-5.3-flash,P0,0.8,0.7,0.65,0.9,0.1,0.7599999999999999,回复明确否认父帖对自己立场的描述并指责对方撒谎，要求举证，并纠正'胎儿无年龄'的前提，针对性和反驳性都很强。
4F-REPLY-011,4forums,reply,doubao-seed-2-0-lite-260215,P0,1.0,1.0,1.0,1.0,0.0,1.0,父帖捏造回复方说过胎儿不存在，回复直接否定指控，指出对方撒谎，要求举证，明确承认胎儿存在，完全针对父帖错误指控反驳，无任何同意内容
4F-REPLY-012,4forums,reply,DeepSeek-V4-Flash,P0,0.05,0.05,0.08,0.5,0.75,0.121,回复未反驳父帖，而是对Chloe立场作补充或猜测，与父帖关于死刑的质疑方向相近，更像同意或中性评论。
4F-REPLY-012,4forums,reply,glm-5.3-flash,P0,0.1,0.1,0.1,0.4,0.65,0.155,回复以第三人称猜测Chloe的立场，实际上支持了父帖'支持死刑'的暗示，未反驳父帖，与父帖的直接关联也较弱。
4F-REPLY-012,4forums,reply,doubao-seed-2-0-lite-260215,P0,0.5,0.6,0.6,0.9,0.2,0.6199999999999999,父帖隐含认为支持生命反对堕胎的人必然反对死刑，回复指出该群体实际支持死刑，反驳了父帖的隐含假设，针对父帖提问回应，存在明确不同观点
4F-REPLY-013,4forums,reply,DeepSeek-V4-Flash,P0,0.05,0.05,0.15,0.7,0.85,0.14500000000000002,回复主要回答父帖提问并作个人说明，没有反驳父帖观点或证据，属于中性或回答性内容。
4F-REPLY-013,4forums,reply,glm-5.3-flash,P0,0.05,0.05,0.1,0.8,0.7,0.16,回复是对父帖提问的直接回答（12周后算谋杀），并补充个人经历，属于配合性回应，没有反驳父帖。
4F-REPLY-013,4forums,reply,doubao-seed-2-0-lite-260215,P0,0.0,0.0,0.0,0.8,0.9,0.09000000000000001,父帖提问关于对不同孕期堕胎的看法，回复正面回答问题，未反驳父帖任何观点，属于中性回应，内容明确针对父帖的提问
4F-REPLY-014,4forums,reply,DeepSeek-V4-Flash,P0,0.95,0.8,0.88,0.95,0.05,0.8909999999999999,回复明确反对父帖对Somnolence的“自私”等指责，纠正精神病学说法，质疑避孕和风险论证，并直接回应父帖多个论点。
4F-REPLY-014,4forums,reply,glm-5.3-flash,P0,0.8,0.75,0.7,0.9,0.05,0.7899999999999999,回复明确说父帖言论'离谱'，逐点纠正（抑郁不是精神病、她已用避孕措施），反驳'自私'的指控并提出相反评价。
4F-REPLY-014,4forums,reply,doubao-seed-2-0-lite-260215,P0,0.9,0.9,0.95,1.0,0.05,0.9249999999999999,回复明确反对父帖指控当事人自私、不做避孕的观点，逐一反驳父帖的错误说法，提出保护自身健康不是自私的相反主张，完全针对父帖内容，几乎没有同意倾向
4F-REPLY-015,4forums,reply,DeepSeek-V4-Flash,P0,0.82,0.88,0.82,0.85,0.1,0.849,回复反驳“堕胎作为人口控制”的思路，质疑父帖所引统计可信度和来源，提出自然人口控制的相反主张。
4F-REPLY-015,4forums,reply,glm-5.3-flash,P0,0.75,0.8,0.6,0.75,0.1,0.7499999999999999,回复称堕胎作为人口控制的想法'荒谬'，质疑数据来源可信度和统计数字夸大，并提出世界自身有人口调控机制的替代观点。
4F-REPLY-015,4forums,reply,doubao-seed-2-0-lite-260215,P0,0.8,0.9,0.8,0.95,0.1,0.855,回复直接反对堕胎作为人口控制的观点，质疑父帖给出的统计数据的来源和可信度，提出自然本身存在人口调节不需要人工堕胎控制的相反观点，明确针对父帖内容反驳
4F-REPLY-016,4forums,reply,DeepSeek-V4-Flash,P0,0.95,0.78,0.85,0.95,0.05,0.8789999999999999,回复直接反驳父帖对其辩论方式的指责，指控父帖曲解、回避问题且缺乏逻辑，属于明显局部反驳。
4F-REPLY-016,4forums,reply,glm-5.3-flash,P0,0.85,0.7,0.55,0.95,0.02,0.7679999999999999,回复直接指责父帖'极端虚伪'，反驳'不像成年人辩论'的指控，系统性质疑对方曲解帖子、回避问题，最后断言对方没有逻辑论证。
4F-REPLY-016,4forums,reply,doubao-seed-2-0-lite-260215,P0,0.9,0.9,1.0,1.0,0.0,0.94,父帖指控回复方不会成人辩论，回复直接反驳该指控，指出父帖才存在歪曲观点、不回应问题的问题，提出完全相反的主张，完全针对父帖内容反驳，无同意内容
4F-REPLY-017,4forums,reply,DeepSeek-V4-Flash,P0,0.75,0.8,0.8,0.7,0.15,0.7799999999999999,回复反驳父帖关于选择、权利与强制实施的观点，强调法律/宪法解释不同于立法，质疑对方未回应并给出反例，提出相反主张。
4F-REPLY-017,4forums,reply,glm-5.3-flash,P0,0.65,0.8,0.7,0.85,0.15,0.7449999999999999,回复明确指出对方说法不成立（这不是法律、谈不上强加），指出对方未回应论点，并用公交和窃贼类比反驳其责任逻辑，针对性强，属于明显反驳。
4F-REPLY-017,4forums,reply,doubao-seed-2-0-lite-260215,P0,0.5,0.5,0.5,0.7,0.3,0.54,回复明确针对父帖论点指出父帖说法有误，提出不同观点，存在明确反驳，因此对应维度打分如上
4F-REPLY-018,4forums,reply,DeepSeek-V4-Flash,P0,0.85,0.75,0.8,0.95,0.1,0.825,直接批评父帖把堕胎简化为隐私，指出隐私与行为本身不是一回事，属于逻辑反驳并引出相反主张。
4F-REPLY-018,4forums,reply,glm-5.3-flash,P0,0.6,0.85,0.65,0.9,0.1,0.7449999999999999,回复直接批评父帖把堕胎问题简化为隐私是过度简化，并区分保障行为隐私与支持行为本身，是对父帖论证框架的直接逻辑挑战。
4F-REPLY-018,4forums,reply,doubao-seed-2-0-lite-260215,P0,0.7,0.75,0.7,0.9,0.15,0.7499999999999999,回复直接指出父帖将堕胎简化为隐私问题过度简化，质疑父帖逻辑，反对父帖核心论点，反驳特征明显
4F-REPLY-019,4forums,reply,DeepSeek-V4-Flash,P0,0.0,0.0,0.0,0.8,0.75,0.10500000000000001,回复是在回答父帖问题，补充性病也是性行为潜在后果，并未反驳父帖，更像中性或支持性补充。
4F-REPLY-019,4forums,reply,glm-5.3-flash,P0,0.1,0.1,0.1,0.8,0.7,0.19000000000000003,回复是在回答父帖提出的问题，举出性病也是后果这一例子，基本顺着父帖'性行为有后果'的前提补充说明，未构成反驳。
4F-REPLY-019,4forums,reply,doubao-seed-2-0-lite-260215,P0,0.0,0.0,0.0,0.8,0.95,0.08500000000000002,回复仅回答父帖问题、补充符合提问方向的例子，无任何反驳内容，属于中性补充
4F-REPLY-020,4forums,reply,DeepSeek-V4-Flash,P0,0.85,0.8,0.85,0.95,0.1,0.85,明确否定父帖关于优生学和社会决定生死的说法，指出只有政府项目才更接近该情形，并提出相反论断。
4F-REPLY-020,4forums,reply,glm-5.3-flash,P0,0.85,0.85,0.85,0.9,0.1,0.86,回复明确说'你说得有理的前提不成立''社会并没有决定谁生谁死，事实恰恰相反'，直接否定父帖的优生学类比并提出相反解释。
4F-REPLY-020,4forums,reply,doubao-seed-2-0-lite-260215,P0,0.8,0.75,0.8,0.9,0.1,0.8049999999999999,回复直接否定父帖认为堕胎趋向优生学、社会决定生死的观点，质疑前提不成立，提出相反情况，反驳非常明确
4F-REPLY-021,4forums,reply,DeepSeek-V4-Flash,P0,0.1,0.35,0.2,0.25,0.6,0.24000000000000002,主要在嘲讽 Linus 的证据来源，未直接回应父帖关于马克思主义和神的论述，针对性和反驳性弱，偏中性或偏题。
4F-REPLY-021,4forums,reply,glm-5.3-flash,P0,0.15,0.3,0.2,0.25,0.55,0.245,回复主要在嘲笑Linus贴出的Geocities网站证据质量，与父帖关于马克思主义和宗教的论点关联较弱，更像插入的旁支评论。
4F-REPLY-021,4forums,reply,doubao-seed-2-0-lite-260215,P0,0.1,0.2,0.1,0.2,0.8,0.15,回复内容围绕第三方的证据来源展开，未针对当前父帖观点反驳，和父帖观点关联性弱，中性程度高
4F-REPLY-022,4forums,reply,DeepSeek-V4-Flash,P0,0.55,0.15,0.5,0.9,0.2,0.4800000000000001,以反问回应父帖质问，间接反驳父帖暗示其没有发声，但缺少论证逻辑，主要是情绪化反驳。
4F-REPLY-022,4forums,reply,glm-5.3-flash,P0,0.6,0.5,0.55,0.85,0.2,0.605,回复用反问'你以为我一直在做什么'否定父帖'你从未抗议过'的指责，隐含直接反驳其假设，但未给出具体论证。
4F-REPLY-022,4forums,reply,doubao-seed-2-0-lite-260215,P0,0.8,0.5,0.7,0.9,0.1,0.71,回复直接否定父帖声称作者从未反对教堂政治宣传的观点，提出相反事实，明确反驳父帖质疑，反驳清晰
4F-REPLY-023,4forums,reply,DeepSeek-V4-Flash,P0,0.3,0.25,0.45,0.85,0.6,0.38,针对父帖对 CountryGirl 不回答的猜测，提出她发帖频率低导致交流困难的不同解释，轻微挑战父帖判断，整体偏中性补充。
4F-REPLY-023,4forums,reply,glm-5.3-flash,P0,0.3,0.45,0.4,0.75,0.4,0.44000000000000006,回复提供另一种解释（她很少发帖）来削弱父帖'她不知道自己为何这样认为'的推测，是对父帖推断的温和质疑而非直接否定。
4F-REPLY-023,4forums,reply,doubao-seed-2-0-lite-260215,P0,0.2,0.1,0.2,0.8,0.8,0.23,回复仅解释对方不回帖的原因，未明确反驳父帖的核心观点，属于中性补充说明
4F-REPLY-024,4forums,reply,DeepSeek-V4-Flash,P0,0.7,0.85,0.6,0.8,0.15,0.75,引用帖子内容指出对方未能证明“堕胎=种族灭绝”，直接质疑父帖一方的论证和证据，属于较强的逻辑挑战。
4F-REPLY-024,4forums,reply,glm-5.3-flash,P0,0.6,0.85,0.6,0.8,0.1,0.725,回复引用帖子并指出对方'无法也未曾证明该说法'，因此堕胎等于种族灭绝的等式不成立，是对父帖所引论证的证据性直接挑战。
4F-REPLY-024,4forums,reply,doubao-seed-2-0-lite-260215,P0,0.8,0.9,0.7,1.0,0.05,0.845,回复直接指出对方无法证明堕胎等于种族灭绝的结论，质疑对方的证据和推理，完全针对父帖内容回应，反驳非常明确
4F-REPLY-025,4forums,reply,DeepSeek-V4-Flash,P0,0.85,0.65,0.85,0.9,0.1,0.7999999999999999,回复明确以自身经验否定父帖关于孩子缺乏同理心、以自我为中心的观点，并给出相反主张：孩子常比许多成年人更有同理心。针对性强，几乎不属同意或中性。
4F-REPLY-025,4forums,reply,glm-5.3-flash,P0,0.85,0.65,0.85,0.8,0.1,0.7899999999999999,回复明确说'这与我的经验完全不同'，直接否定父帖关于儿童缺乏同理心的观点，并用自己养育三个孩子的经验提出完全相反的主张。
4F-REPLY-025,4forums,reply,doubao-seed-2-0-lite-260215,P0,0.8,0.7,0.8,0.9,0.1,0.7899999999999999,父帖称儿童普遍以自我为中心缺乏同理心，回复直接反对该观点，以自身养育经验提出相反结论，明确针对父帖论点，反驳特征明显
4F-REPLY-026,4forums,reply,DeepSeek-V4-Flash,P0,0.55,0.5,0.65,0.85,0.35,0.595,回复质疑父帖把舒适视为需求的逻辑，并提出便利/舒适不是好理由，与父帖有冲突；但结尾也有部分同意和双方都应学习的表述，因此同意/中性维度为中等偏低。
4F-REPLY-026,4forums,reply,glm-5.3-flash,P0,0.45,0.55,0.4,0.8,0.5,0.5100000000000001,回复质疑'舒适'是否算需求，部分不同意父帖的定性，但也明确同意父帖关于许多pro-life者的看法，试图寻找双方都能学习的中间立场，既有反驳也有认同。
4F-REPLY-026,4forums,reply,doubao-seed-2-0-lite-260215,P0,0.6,0.6,0.7,0.8,0.3,0.65,父帖指责回复轻视女性的所有需求，回复反驳该指责，区分了不同堕胎情况，提出自身不同立场，部分同意父帖观点，明确针对父帖回应
4F-REPLY-027,4forums,reply,DeepSeek-V4-Flash,P0,0.6,0.85,0.2,0.9,0.15,0.6499999999999999,回复直接针对父帖中“生命始于受孕但支持选择”的立场，质疑其逻辑一致性，追问如何辩护堕胎；主要是逻辑挑战而非提出替代主张。
4F-REPLY-027,4forums,reply,glm-5.3-flash,P0,0.3,0.85,0.35,0.85,0.15,0.585,回复没有直接说对方错了，但通过质问'既然你认为生命始于受孕又支持堕胎，你如何为其辩护'，有力挑战了父帖立场的逻辑一致性，是典型的逻辑矛盾质疑。
4F-REPLY-027,4forums,reply,doubao-seed-2-0-lite-260215,P0,0.2,0.6,0.1,0.9,0.7,0.38000000000000006,回复仅针对父帖‘相信生命始于受孕同时支持堕胎’的立场提问，质疑逻辑一致性，未明确否定观点也未提出相反主张，属于中性提问
4F-REPLY-028,4forums,reply,DeepSeek-V4-Flash,P0,0.9,0.85,0.9,0.95,0.05,0.895,回复强烈反对父帖关于父母应拥有最终权威、州不应绕过父母的论点，并提出女孩对自身身体有自主权、父母并不拥有孩子身体等相反主张，针对性极强。
4F-REPLY-028,4forums,reply,glm-5.3-flash,P0,0.8,0.8,0.8,0.85,0.1,0.815,回复系统性地反驳父帖关于家长应有最终决定权的论点，指出父母不能保护女孩免受压力和危险，父母不拥有孩子的身体，女孩应对自己有自主权，逐一回应父帖多个具体论点。
4F-REPLY-028,4forums,reply,doubao-seed-2-0-lite-260215,P0,0.9,0.9,0.95,0.95,0.05,0.9199999999999999,父帖主张未成年人堕胎需父母主导，父母拥有绝对权威，回复逐点反驳核心观点，提出未成年人拥有自身身体自主权的相反主张，完全针对父帖论点反驳
4F-REPLY-029,4forums,reply,DeepSeek-V4-Flash,P0,0.5,0.7,0.6,0.9,0.35,0.635,回复针对父帖的花盆类比和权利依据提出不同解释：花盆无权利是因为它的本质，而非缺乏心智存在。它挑战了父帖的推理，但也部分认同花盆无权利，因此同意/中性有中等偏低体现。
4F-REPLY-029,4forums,reply,glm-5.3-flash,P0,0.4,0.7,0.55,0.75,0.35,0.5799999999999998,回复重新框架了花盆权利的问题，区分了'应得权利'和'实际拥有权利'，质疑父帖将权利归因于心智存在的逻辑，但未完全否定父帖的结论，部分是在澄清而非纯粹反驳。
4F-REPLY-029,4forums,reply,doubao-seed-2-0-lite-260215,P0,0.7,0.8,0.7,0.9,0.1,0.7699999999999999,父帖主张事物无权利是因为缺乏智力，回复直接反对该逻辑，提出花盆无权利是因其本身属性的相反解释，明确针对父帖论点
4F-REPLY-030,4forums,reply,DeepSeek-V4-Flash,P0,0.9,0.8,0.9,0.9,0.05,0.875,回复明确反对父帖对胎儿、胚胎和两岁儿童同理心的论证，提出母亲权利、胚胎非人、胎儿到第三孕期才存在等相反主张，逻辑与针对性都很强。
4F-REPLY-030,4forums,reply,glm-5.3-flash,P0,0.75,0.7,0.75,0.8,0.1,0.755,回复以'为什么不呢？'开头直接质疑父帖论点，主张母亲也是人类生命也有权利，反驳胚胎即人格的说法，明确表示'胚胎不是两岁孩子'，在多个论点上提出相反立场。
4F-REPLY-030,4forums,reply,doubao-seed-2-0-lite-260215,P0,0.9,0.9,0.9,0.95,0.05,0.91,父帖主张胚胎属于有权利的人类应受保护，回复直接反对核心观点，提出胚胎不具有人格、母亲权利优先的相反主张，明确针对父帖反驳
4F-REPLY-031,4forums,reply,DeepSeek-V4-Flash,P0,0.95,0.85,0.9,0.95,0.05,0.91,回复以“Nope”开头，直接反驳父帖对其风险、禁欲、关系及女儿价值的质疑，并用个人经历提出相反主张，最后反指对方才有问题，针对性极强。
4F-REPLY-031,4forums,reply,glm-5.3-flash,P0,0.6,0.55,0.55,0.85,0.25,0.615,回复以'不'开头，逐一回应父帖的各项质疑和问题，用个人经验反驳关于风险的担忧，为自己的立场辩护，但形式更多是防御性回答而非主动反驳。
4F-REPLY-031,4forums,reply,doubao-seed-2-0-lite-260215,P0,0.85,0.8,0.85,0.9,0.1,0.845,父帖指责回复不愿承担风险、不重视女儿，回复直接反驳该指责，以自身经验举证，提出问题出在反堕胎立场的相反主张，明确针对父帖回应
4F-REPLY-032,4forums,reply,DeepSeek-V4-Flash,P0,0.5,0.75,0.5,0.85,0.35,0.625,回复针对父帖关于法律是否被强加、宪法原则和普遍福利的论述提出追问与不同理解，挑战其论证和回避；但也有“我赞同”“我们都同意”等同意/中性成分。
4F-REPLY-032,4forums,reply,glm-5.3-flash,P0,0.4,0.6,0.45,0.8,0.4,0.53,回复主要是在回应父帖关于法律和宪法的论点，指出对方前后不一致的地方（'你又不告诉我，但后来你透露了'），但同时表示'很高兴你同意'，并在此基础上构建自己的论证框架，既有挑战也有认同。
4F-REPLY-032,4forums,reply,doubao-seed-2-0-lite-260215,P0,0.3,0.4,0.2,0.9,0.6,0.38,回复主要澄清自身立场，延续和父帖的讨论，仅轻微纠正父帖对自己观点的误解，未明确否定父帖核心观点，偏中性讨论
4F-REPLY-033,4forums,reply,DeepSeek-V4-Flash,P0,0.6,0.55,0.72,0.65,0.22,0.6320000000000001,回复用统计来源反驳父帖关于多数基督徒支持堕胎权的说法，并提出多数数据相反及圣经反对堕胎的相反主张，但夹杂发散内容。
4F-REPLY-033,4forums,reply,glm-5.3-flash,P0,0.65,0.6,0.6,0.65,0.2,0.6400000000000001,回复明确说'大多数数据与你想的相反'，直接否定父帖关于多数基督徒立场的统计主张，并质疑其依赖的数据来源和推理逻辑（'用你惯用的逻辑'），还针对地 credibility 论点提出反例（博士也会说地球是平的），但语气戏谑、部分内容发散。
4F-REPLY-033,4forums,reply,doubao-seed-2-0-lite-260215,P0,0.7,0.6,0.7,0.8,0.1,0.7000000000000001,回复明确反对父帖提出的美国多数基督徒支持堕胎权的观点，质疑父帖所用数据，提出圣经反对堕胎的相反主张，全程针对父帖内容回应，几乎无同意成分。
4F-REPLY-034,4forums,reply,DeepSeek-V4-Flash,P0,0.5,0.15,0.3,0.82,0.2,0.41700000000000004,回复针对父帖的学历自嘲，回敬说应多听有学士学位的人，属于局部反驳/挑战，但未展开证据或逻辑论证。
4F-REPLY-034,4forums,reply,glm-5.3-flash,P0,0.4,0.4,0.4,0.7,0.4,0.45,回复针对父帖炫耀学士学位的嘲讽进行回击，暗示应该听有学位者（自己）的话，隐含反驳父帖以学历压人的立场，但没有显式否定父帖观点，也没有展开论证，更多是针锋相对的调侃。
4F-REPLY-034,4forums,reply,doubao-seed-2-0-lite-260215,P0,0.3,0.2,0.2,0.8,0.5,0.32,父帖仅为拼写错误和无学士学位致歉，回复未明确反驳父帖观点，仅暗示无学位应听有学位者，针对父帖学历表述回应，无明确相反主张。
4F-REPLY-035,4forums,reply,DeepSeek-V4-Flash,P0,0.9,0.85,0.8,0.95,0.05,0.875,回复强烈否定父帖，指责其撒谎、无知，并引用链接和他人发言质疑其证据与论述，针对性极强。
4F-REPLY-035,4forums,reply,glm-5.3-flash,P0,0.85,0.9,0.85,0.9,0.05,0.88,回复强烈反驳父帖：'你的无知令人震惊'、指控对方撒谎，并提供蜜蜂飞行原理（dynamic stall）的科学证据直接推翻父帖的'大黄蜂违反飞行定律'论证，还逐条引用链接指出父帖多处错误，针对性和反驳性都极强。
4F-REPLY-035,4forums,reply,doubao-seed-2-0-lite-260215,P0,0.95,0.9,0.9,1.0,0.05,0.9299999999999999,回复直接否定父帖观点，指责父帖撒谎无知，明确指出蜜蜂飞行原理早已探明，针对父帖全部论点回应，提出完全相反的事实，反驳非常明确。
4F-REPLY-036,4forums,reply,DeepSeek-V4-Flash,P0,0.58,0.15,0.68,0.82,0.12,0.525,回复以神爱世人、人性悖逆来回应父帖对神设计世界为 ego trip 的质疑，提出相反解释，但主要是说教而非逻辑论证。
4F-REPLY-036,4forums,reply,glm-5.3-flash,P0,0.55,0.35,0.65,0.7,0.25,0.545,回复针对父帖'全能者为何为虚荣设计世界'的质疑提出相反解释：虚荣来自人类背离上帝的本性而非上帝的设计，并反问'你明明知道真理却不信'，构成对父帖怀疑立场的神学反驳，但未质疑父帖的逻辑或证据本身。
4F-REPLY-036,4forums,reply,doubao-seed-2-0-lite-260215,P0,0.6,0.5,0.6,0.9,0.2,0.6199999999999999,父帖质疑上帝设计世界出于自我ego是拟人化，回复提出相反解释，认为问题源于人类本性，反驳了父帖的归因，针对父帖问题回应。
4F-REPLY-037,4forums,reply,DeepSeek-V4-Flash,P0,0.5,0.65,0.3,0.88,0.35,0.558,回复用反问质疑父帖“神像时间一样”的说法，指出若神创造时间则类比有问题，针对性强但未提出完整反主张。
4F-REPLY-037,4forums,reply,glm-5.3-flash,P0,0.4,0.7,0.45,0.8,0.35,0.565,回复以'Ok开头但...'的结构先部分接纳，随后提出'上帝不是创造了时间吗'这一悖论式追问，直接挑战父帖'上帝如时间一样永在'的说法在逻辑上的自洽性，属于温和但明确的逻辑质疑而非正面断言反驳。
4F-REPLY-037,4forums,reply,doubao-seed-2-0-lite-260215,P0,0.3,0.4,0.1,0.8,0.6,0.35,回复仅针对父帖观点提出矛盾性质疑，未直接否定也未提出相反主张，属于中性提问，仅存在轻微逻辑挑战。
4F-REPLY-038,4forums,reply,DeepSeek-V4-Flash,P0,0.68,0.5,0.7,0.85,0.18,0.661,回复明确称心理学因使用科学方法而是真正科学，直接反驳父帖称其是否科学有争议的说法。
4F-REPLY-038,4forums,reply,glm-5.3-flash,P0,0.7,0.6,0.7,0.7,0.3,0.6699999999999999,父帖称'心理学是否算真科学尚有争议'，回复直接断言'心理学本身就是真科学，因为它使用科学方法'，正面推翻父帖结论并给出理由，同时承认实践层面常是伪科学的，因此部分吸收了父帖的观点。
4F-REPLY-038,4forums,reply,doubao-seed-2-0-lite-260215,P0,0.6,0.5,0.6,1.0,0.3,0.6199999999999999,父帖认为心理学本身算不算真科学存在争议，回复直接反对，提出心理学本身符合科学方法属于真科学，仅认同其实践多为伪科学的部分。
4F-REPLY-039,4forums,reply,DeepSeek-V4-Flash,P0,0.3,0.2,0.15,0.6,0.75,0.265,回复主要顺着父帖批评 Marc，并补充其名单/无神论措辞，不是反驳父帖；仅局部纠正父帖对 Marc 名单的表述。
4F-REPLY-039,4forums,reply,glm-5.3-flash,P0,0.75,0.65,0.6,0.8,0.15,0.7050000000000001,回复开篇即否定父帖前提：'marc并没有那样的名单'，并列举多人应战的事实反驳该说法，还进一步挑战'atheistic'的用法，提出'secular'才是更恰当的术语，与父帖的措辞框架形成明显冲突。
4F-REPLY-039,4forums,reply,doubao-seed-2-0-lite-260215,P0,0.8,0.7,0.8,0.9,0.1,0.7899999999999999,回复直接反驳父帖对Marc和辩论的描述，指出父帖说法不符合事实，提出相反的事实描述和正确术语定义，反驳明确，针对父帖内容回应。
4F-REPLY-040,4forums,reply,DeepSeek-V4-Flash,P0,0.82,0.7,0.65,0.92,0.08,0.7699999999999999,回复逐点反驳父帖关于亵渎、达尔文雀和定义争论的说法，指责父帖未面对其论点，针对性很强。
4F-REPLY-040,4forums,reply,glm-5.3-flash,P0,0.75,0.7,0.65,0.85,0.15,0.7349999999999999,回复明确以'不，你根本没有面对我的论点'反驳父帖的指控，指出对方一边称达尔文雀是完美例证一边又无法清晰定义物种是自相矛盾，并反驳'证据模糊却称有证据'的说法，同时指责对方滥用神名，针对父帖多个具体论点逐一回击。
4F-REPLY-040,4forums,reply,doubao-seed-2-0-lite-260215,P0,0.75,0.8,0.7,0.9,0.15,0.7799999999999999,回复直接反驳父帖指责对方玩定义的说法，指出父帖自身论证存在逻辑矛盾，明确针对父帖各个论点回应，反驳特征明显。
4F-REPLY-041,4forums,reply,DeepSeek-V4-Flash,P0,0.75,0.65,0.7,0.85,0.1,0.7349999999999999,回复以反问质疑父帖“神设计世界荣耀自己”的说法，认为这是一种拟人化，直接挑战其前提，针对性强，不属于同意或中性补充。
4F-REPLY-041,4forums,reply,glm-5.3-flash,P0,0.6,0.8,0.6,0.8,0.15,0.7050000000000001,回复以反问质疑父帖'神设计世界荣耀自己'的说法，指出这是将神人格化的错误假设，直接针对并挑战父帖的核心逻辑，但未使用显式否定词，属较强但含蓄的反驳。
4F-REPLY-041,4forums,reply,doubao-seed-2-0-lite-260215,P0,0.6,0.75,0.5,0.9,0.1,0.6849999999999999,回复直接质疑父帖中上帝为荣耀自己设计世界的说法，指出父帖存在拟人化的逻辑问题，明确针对父帖内容，几乎没有同意父帖的观点
4F-REPLY-042,4forums,reply,DeepSeek-V4-Flash,P0,0.35,0.55,0.5,0.3,0.45,0.455,父帖只是中性提问进化如何发生，没有明确观点可反驳；回复主要针对创造论/有机质来源进行举证和嘲讽，虽语气强硬，但直接对立和针对性偏低。
4F-REPLY-042,4forums,reply,glm-5.3-flash,P0,0.45,0.6,0.55,0.5,0.15,0.56,父帖只是中性提问，回复却指责对方无知或欺骗，并用米勒-尤里实验等证据反驳其暗示的立场，攻击性强但部分内容像在回应其他语境，针对父帖本身的程度中等。
4F-REPLY-042,4forums,reply,doubao-seed-2-0-lite-260215,P0,0.1,0.0,0.0,0.8,0.6,0.15000000000000002,父帖仅提出提问，未表达明确观点，回复未反驳任何主张，仅针对提问展开内容，不存在对父帖观点的反驳
4F-REPLY-043,4forums,reply,DeepSeek-V4-Flash,P0,0.15,0.1,0.2,0.2,0.75,0.16,回复泛泛谈论信仰对有些人是安慰、对另一些人不是，未针对父帖关于教育创造论者或批评的论点，既不明确反对也不明确同意，偏中性/补充。
4F-REPLY-043,4forums,reply,glm-5.3-flash,P0,0.2,0.1,0.3,0.25,0.65,0.21,回复表达'信仰对某些人有益、不信对另一些人也好'的各走各路观点，与父帖为嘲讽辩护的立场略有张力，但更像是中性泛论，未直接否定或质疑父帖的具体论点。
4F-REPLY-043,4forums,reply,doubao-seed-2-0-lite-260215,P0,0.0,0.0,0.0,0.4,0.9,0.05,回复未反驳父帖关于批评反神创论言论不合理的核心观点，只是中性补充说明不同信仰选择都合理，未和父帖产生冲突
4F-REPLY-044,4forums,reply,DeepSeek-V4-Flash,P0,0.9,0.9,0.9,0.95,0.05,0.91,回复直接反驳父帖关于数学没有观察/实验、科学定义等说法，引用 NASA、实验数学等证据和反例，并讽刺“显然你对 NASA 错”，针对性强。
4F-REPLY-044,4forums,reply,glm-5.3-flash,P0,0.85,0.9,0.85,0.95,0.05,0.885,回复以反讽('显然你是对的，NASA错了')明确否定父帖的两个论断，引用NASA和《实验数学》期刊等证据反驳'数学无观察实验'的说法，并用数橘子的例子直接挑战父帖逻辑，针对性极强。
4F-REPLY-044,4forums,reply,doubao-seed-2-0-lite-260215,P0,0.85,0.9,0.9,1.0,0.05,0.9,回复明确否定父帖提出的「数学不属于科学、不存在观察实验、天体生物学不属于科学」的核心观点，用权威资料和实例挑战父帖逻辑，提出完全相反的主张，全部内容针对父帖，几乎没有同意父帖观点
4F-REPLY-045,4forums,reply,DeepSeek-V4-Flash,P0,0.55,0.75,0.6,0.8,0.2,0.6700000000000002,回复针对父帖的亲属选择/基因传递论证发问，提出“基因长期不活跃会减少”的逻辑质疑，虽未直接说“你错了”，但明显挑战其推理，反驳性较强。
4F-REPLY-045,4forums,reply,glm-5.3-flash,P0,0.3,0.55,0.4,0.85,0.45,0.47500000000000003,回复以提问形式质疑父帖的亲属选择假说：不活跃的基因是否会随世代稀释，这是针对父帖机制的合理质疑，但语气是询问而非断然否定，也可能是真诚求知。
4F-REPLY-045,4forums,reply,doubao-seed-2-0-lite-260215,P0,0.2,0.5,0.1,0.9,0.4,0.38,回复仅针对父帖提出的同性恋基因亲属遗传理论提出疑问，未直接否定观点，也未提出明确相反主张，只是质疑逻辑合理性，明确针对父帖内容提问
4F-REPLY-046,4forums,reply,DeepSeek-V4-Flash,P0,0.85,0.85,0.75,0.9,0.1,0.84,回复质疑父帖替 Close 读心、自相矛盾（纳粹与科学）、爱荷华文件可伪造等，直接挑战其论证和证据，针对性强。
4F-REPLY-046,4forums,reply,glm-5.3-flash,P0,0.7,0.8,0.65,0.9,0.15,0.7549999999999999,回复连续质疑父帖：'你能读心？'、指出对方关于纳粹与科学的说法自相矛盾、质疑爱荷华文件的可信性，并提出基于意识形态的替代解释，是针对性强、逻辑挑战明显的反驳。
4F-REPLY-046,4forums,reply,doubao-seed-2-0-lite-260215,P0,0.7,0.8,0.75,0.9,0.1,0.7799999999999999,回复直接反驳父帖的多个观点，质疑父帖的推理逻辑，提出与父帖冲突的主张，内容全部针对父帖，几乎没有同意父帖的内容
4F-REPLY-047,4forums,reply,DeepSeek-V4-Flash,P0,0.9,0.9,0.85,0.95,0.05,0.9,回复以讽刺方式逐点反驳 marc 关于无神论者无法理解、达尔文主义、圣经问题敌意等说法，提出科学证据缺乏等相反论点，针对性强。
4F-REPLY-047,4forums,reply,glm-5.3-flash,P0,0.85,0.9,0.85,0.95,0.05,0.885,回复以大量讽刺明确否定父帖'无神论者无法理解'等说法，列举邪恶论证等反例、指出出埃及记缺乏证据、批评对方重复虚假主张，是全面、证据充分的直接反驳。
4F-REPLY-047,4forums,reply,doubao-seed-2-0-lite-260215,P0,0.8,0.75,0.8,0.95,0.1,0.8099999999999999,回复明确否定父帖的核心观点，指出父帖说法错误，提出与父帖冲突的相反主张，明确针对父帖内容反驳，几乎不同意父帖观点
4F-REPLY-048,4forums,reply,DeepSeek-V4-Flash,P0,0.4,0.2,0.6,0.45,0.35,0.41,回复未直接回应父帖对水量、数学、Discovery 引用的具体质疑，而是提出“地下水/天降雨”支持洪水的个人猜测；与父帖怀疑洪水的立场相反，但反驳性和针对性不强。
4F-REPLY-048,4forums,reply,glm-5.3-flash,P0,0.15,0.1,0.4,0.2,0.55,0.22000000000000003,回复讲述洪水前'地雨'的说法及化石证据来支持洪水叙事，与父帖对洪水怀疑论的嘲讽立场存在潜在冲突，但语气试探('不是证明'、'我不确定')，且未回应父帖的具体质疑，更像话题延续。
4F-REPLY-048,4forums,reply,doubao-seed-2-0-lite-260215,P0,0.0,0.0,0.0,0.6,0.9,0.06999999999999999,回复未反驳父帖指出的洪水论作者的错误，只是补充分享自己对诺亚洪水的相关看法，属于中性内容，未与父帖产生冲突
4F-REPLY-049,4forums,reply,DeepSeek-V4-Flash,P0,0.85,0.55,0.78,0.95,0.12,0.759,回复明确否认父帖“你只是反对天主教会”的推断，提出自己真正反对的是把圣经当科学书，直接针对父帖并形成相反主张。
4F-REPLY-049,4forums,reply,glm-5.3-flash,P0,0.78,0.6,0.62,0.9,0.12,0.716,回复明确否定父帖的推断（'I'm not arguing against the Bible/Church'），纠正对方对自己立场的误读，并坚持'反对照圣经当科学书'的替代定性，针对性强、对立明确。
4F-REPLY-049,4forums,reply,doubao-seed-2-0-lite-260215,P0,0.85,0.7,0.8,0.9,0.1,0.8049999999999999,父帖错误猜测回复的立场是反对天主教会，回复明确否定该猜测，提出了自身真实立场，直接针对父帖提问回应，反驳特征明显，同意程度低
4F-REPLY-050,4forums,reply,DeepSeek-V4-Flash,P0,0.05,0.05,0.12,0.6,0.88,0.126,回复主要在解释自己为何使用马和驴、以及物种形成的逻辑，属于澄清和补充，并未明显反驳父帖观点或证据。
4F-REPLY-050,4forums,reply,glm-5.3-flash,P0,0.15,0.2,0.25,0.85,0.72,0.268,回复针对父帖的马/驴和物种定义问题逐点说明，试图寻找双方共识（'I think we can agree'），主要是解释和补充自己的论证框架，未明确反驳父帖观点。
4F-REPLY-050,4forums,reply,doubao-seed-2-0-lite-260215,P0,0.05,0.05,0.05,0.8,0.9,0.13000000000000003,回复仅针对父帖提到的马驴话题补充解释自身观点，没有否定、质疑父帖任何观点，也未提出相反主张，属于中性推进讨论
4F-REPLY-051,4forums,reply,DeepSeek-V4-Flash,P0,0.7,0.88,0.88,0.6,0.08,0.8019999999999999,回复用非功能DNA、章鱼眼、退化器官等证据反驳特殊创造论，间接但明确挑战父帖的反进化立场，只是未逐点回应父帖引用的Gould和Lewontin。
4F-REPLY-051,4forums,reply,glm-5.3-flash,P0,0.55,0.7,0.85,0.65,0.15,0.6950000000000001,回复用无用DNA、章鱼眼、退化器官等证据论证特创论与证据不符，间接反驳'进化只是信仰'的主张，提出对立解释，但未直接针对父帖引用的具体引文展开。
4F-REPLY-051,4forums,reply,doubao-seed-2-0-lite-260215,P0,0.8,0.9,0.8,0.85,0.1,0.845,父帖主张进化论是信仰而非科学，回复提出相反观点，用多个生物学证据反驳神创论，直接针对父帖核心观点反驳，反驳特征明显
4F-REPLY-052,4forums,reply,DeepSeek-V4-Flash,P0,0.02,0.02,0.05,0.85,0.9,0.117,父帖是在询问ID是什么，回复只是解释ID并附带批评，属于信息性回答，并未反驳父帖。
4F-REPLY-052,4forums,reply,glm-5.3-flash,P0,0.05,0.12,0.15,0.85,0.9,0.176,父帖只是提问什么是ID，回复直接回答并解释ID的定义与背景，属于信息性澄清；对ID的批评是陈述观点，并非反驳父帖。
4F-REPLY-052,4forums,reply,doubao-seed-2-0-lite-260215,P0,0.0,0.0,0.0,0.9,0.95,0.09500000000000001,回复仅回答父帖关于ID含义的提问，没有否定或挑战父帖任何内容，属于中性问答
4F-REPLY-053,4forums,reply,DeepSeek-V4-Flash,P0,0.6,0.75,0.82,0.8,0.12,0.737,回复反驳把神创论与科学/理论现象相联系的说法，强调神创论是教条且反科学，直接挑战父帖中犹豫性的关联观点。
4F-REPLY-053,4forums,reply,glm-5.3-flash,P0,0.7,0.6,0.8,0.85,0.15,0.72,回复明确否定父帖中'许多人认为这些现象不是科学'及'科学与圣经创造有对应关系'的看法，主张创造论是教条而非理论，直接针对父帖内容提出相反定性。
4F-REPLY-053,4forums,reply,doubao-seed-2-0-lite-260215,P0,0.7,0.6,0.75,0.8,0.2,0.7000000000000002,父帖对创造论是否属于科学持不确定态度，还提到有人认为科学和创造可共存，回复明确否定该立场，提出创造论是宗教教条而非科学的相反主张，反驳特征明显
4F-REPLY-054,4forums,reply,DeepSeek-V4-Flash,P0,0.9,0.82,0.9,0.95,0.05,0.886,回复先引父帖并指责其转移话题、空谈，随后提出头骨比较无根据、没有家族树等相反主张，反驳非常明确。
4F-REPLY-054,4forums,reply,glm-5.3-flash,P0,0.75,0.72,0.8,0.85,0.1,0.7759999999999999,回复指责父帖转移话题、空喊口号，并系统性地反驳其立场：质疑'生理特征由基因与祖先决定'的假设，主张没有家族树、DNA高度相同，提出相反结论。
4F-REPLY-054,4forums,reply,doubao-seed-2-0-lite-260215,P0,0.8,0.9,0.85,0.9,0.1,0.86,父帖指责回复观点错误，回复反过来反驳进化论头骨研究的核心逻辑，指出该研究的基础不成立，提出相反结论，明确针对父帖内容反驳，反驳特征极强
4F-REPLY-055,4forums,reply,DeepSeek-V4-Flash,P0,0.48,0.55,0.55,0.85,0.38,0.5660000000000001,回复纠正父帖对自然选择的概括，并称进化灭亡论是创造论者的妄想，局部有反驳；但开头带有澄清和部分认同，所以中性分也较高。
4F-REPLY-055,4forums,reply,glm-5.3-flash,P0,0.45,0.55,0.5,0.85,0.45,0.54,"开头以'Not natural selection alone, but...'修正并补充父帖对表述的理解，属半纠正半同意；结尾驳斥'进化论已完蛋'的暗示，称其为一厢情愿，整体语气平和、针对性强。"
4F-REPLY-055,4forums,reply,doubao-seed-2-0-lite-260215,P0,0.35,0.4,0.4,0.95,0.55,0.445,父帖仅确认表述是否正确，回复纠正了父帖不完整的表述，补充了进化的必要条件，同时反驳了进化论已灭亡的说法，部分反驳部分同意，因此同意程度中等
4F-REPLY-056,4forums,reply,DeepSeek-V4-Flash,P0,0.88,0.88,0.82,0.92,0.08,0.876,回复用“Really?”、“No it doesn't”、“I disagree”等直接反驳父帖，并质疑其证据来源、观察与结论之间的逻辑，针对性强。
4F-REPLY-056,4forums,reply,glm-5.3-flash,P0,0.82,0.8,0.75,0.9,0.08,0.818,回复用'No it doesn't'、'I disagree'、'Really? Can you cite those sources?'等明确否定父帖的说法，要求对方举证，并重新解释椒花蛾研究说明的是什么，反驳性极强且针对父帖具体论点。
4F-REPLY-056,4forums,reply,doubao-seed-2-0-lite-260215,P0,0.7,0.75,0.8,0.9,0.15,0.7699999999999999,回复直接反驳父帖关于胡椒蛾案例和进化论的相关观点，提出相反主张，还质疑父帖的证据来源，明确针对父帖内容反驳，反驳特征明显
4F-REPLY-057,4forums,reply,DeepSeek-V4-Flash,P0,0.95,0.9,0.95,0.95,0.05,0.9349999999999998,回复开头直接称父帖观点荒谬，并逐点反驳其关于进化论、创世纪历史性和无神论论点的说法，提出相反主张，针对性很强，几乎无同意成分。
4F-REPLY-057,4forums,reply,glm-5.3-flash,P0,0.9,0.92,0.85,0.9,0.05,0.901,回复逐条反驳父帖：称其观点荒谬、质疑创世记是否为世俗史实、否定其历史依据主张（指出特殊 pleading）、并明确主张进化论已证明字面解读的创世记为假，反驳针对性强且直接。
4F-REPLY-057,4forums,reply,doubao-seed-2-0-lite-260215,P0,0.95,0.9,0.95,1.0,0.05,0.9399999999999998,回复全面明确否定父帖所有核心观点，逐一质疑父帖的证据和逻辑，提出完全相反的主张，全程针对父帖内容展开反驳，几乎没有同意成分
4F-REPLY-058,4forums,reply,DeepSeek-V4-Flash,P0,0.75,0.7,0.85,0.8,0.1,0.775,回复通过质疑婚姻的历史定义和法律本质，反对父帖关于同性婚姻从未合法因此不存在权利被剥夺的论点，提出婚姻是两人法律协议的相反主张。
4F-REPLY-058,4forums,reply,glm-5.3-flash,P0,0.6,0.7,0.75,0.7,0.12,0.698,回复通过反问质疑父帖关于婚姻起源于教会/从未存在过同性婚姻权的假设，并提出婚姻本质是两人间法律协议的替代观点，结尾'YOUR PROBLEM'带有明显对抗，但无显式否定词。
4F-REPLY-058,4forums,reply,doubao-seed-2-0-lite-260215,P0,0.7,0.65,0.7,0.8,0.2,0.7050000000000001,回复针对父帖关于同性婚姻权利基础的核心观点，提出相反的婚姻本质主张，否定父帖“不存在权利剥夺”的结论，属于明确反驳
4F-REPLY-059,4forums,reply,DeepSeek-V4-Flash,P0,0.65,0.9,0.3,0.9,0.15,0.7,回复直接质疑父帖的假设，追问证据来源，挑战其推理，但没有提出明确替代主张，主要针对父帖内容进行反驳。
4F-REPLY-059,4forums,reply,glm-5.3-flash,P0,0.5,0.85,0.25,0.8,0.15,0.62,回复直接质疑父帖的假设缺乏证据（'On what evidence do you base that assumption?'）并贬其为'无资格的意见'，是针对父帖论断的证据挑战，但未提出自己的替代主张，直接否定程度中等。
4F-REPLY-059,4forums,reply,doubao-seed-2-0-lite-260215,P0,0.3,0.8,0.2,0.9,0.3,0.53,回复未直接否定父帖结论，也未提出相反主张，仅针对父帖的概括性假设质疑其证据基础，因此仅证据质疑维度得分较高
4F-REPLY-060,4forums,reply,DeepSeek-V4-Flash,P0,0.85,0.7,0.85,0.9,0.1,0.815,回复明确区分政治信念与宗教信仰，反对父帖关于要求改变宗教信念和强加于人的说法，提出自己不要求改变宗教信仰的相反主张。
4F-REPLY-060,4forums,reply,glm-5.3-flash,P0,0.7,0.7,0.75,0.75,0.1,0.735,回复明确否认父帖的'强加于人'指控（'I am not forcing it upon them'），区分政治信仰与宗教信仰以反驳父帖的因果推定，并提出自己只是请求而非强制的对立解释。
4F-REPLY-060,4forums,reply,doubao-seed-2-0-lite-260215,P0,0.8,0.7,0.8,1.0,0.1,0.7999999999999999,回复直接否定父帖“要求宗教人士改变信仰”的错误断言，区分了宗教信仰与政治信仰，提出和父帖完全冲突的主张，明确针对父帖反驳
4F-REPLY-061,4forums,reply,DeepSeek-V4-Flash,P0,0.95,0.85,0.95,0.95,0.1,0.9149999999999999,回复强烈反驳父帖多个具体论点，如中国态度、集中营类比、人权和婚姻定义，提出大量相反主张，虽结尾有一句同意但整体明显对立。
4F-REPLY-061,4forums,reply,glm-5.3-flash,P0,0.9,0.8,0.8,0.9,0.12,0.848,回复强烈反驳父帖多处论点：指出'不屠杀不等于不歧视'以瓦解父帖的公平论证、否定其对婚姻原始定义的说法、反驳以多数国家态度为据的逻辑，针对性强，仅结尾一句表示同意。
4F-REPLY-061,4forums,reply,doubao-seed-2-0-lite-260215,P0,0.9,0.85,0.9,0.95,0.1,0.89,回复全面反驳父帖核心观点，质疑“不杀戮就是公平”的错误逻辑，提出同志同等享有人权的相反主张，全程针对父帖内容，仅末尾有一句同意，同意得分极低
4F-REPLY-062,4forums,reply,DeepSeek-V4-Flash,P0,0.7,0.75,0.6,0.9,0.1,0.7349999999999999,回复以反问质疑父帖限制宗教言论在公共广场的立场，指出其与言论自由矛盾，针对性较强，属于反驳性质。
4F-REPLY-062,4forums,reply,glm-5.3-flash,P0,0.55,0.6,0.5,0.7,0.2,0.595,回复以反问指控父帖持双重标准（只给自己认同的观点言论自由），是对父帖立场一致性的逻辑质疑，但没有展开论证也未提出完整的替代观点，对抗强度中等。
4F-REPLY-062,4forums,reply,doubao-seed-2-0-lite-260215,P0,0.75,0.8,0.7,0.9,0.1,0.7849999999999999,回复明确指出父帖在言论自由上的双重标准，直接挑战父帖禁止宗教观点进入公共领域的主张，针对父帖内容反驳
4F-REPLY-063,4forums,reply,DeepSeek-V4-Flash,P0,0.0,0.0,0.0,0.8,1.0,0.08000000000000002,回复表示感兴趣、感谢信息，完全是同意和中性反馈，没有反对、质疑或提出相反观点，但明确针对父帖内容。
4F-REPLY-063,4forums,reply,glm-5.3-flash,P0,0.02,0.02,0.02,0.5,0.95,0.07100000000000001,回复仅为感谢和表示有兴趣（'Very interesting... thanks for the info'），属于典型同意/中性回应，无任何反驳内容，仅表明针对父帖所提供的信息。
4F-REPLY-063,4forums,reply,doubao-seed-2-0-lite-260215,P0,0.0,0.0,0.0,1.0,1.0,0.1,回复完全同意父帖内容，仅表达感谢和认可，不存在任何反驳
4F-REPLY-064,4forums,reply,DeepSeek-V4-Flash,P0,0.7,0.85,0.75,0.9,0.2,0.7849999999999999,回复指出法院不是决定者，挑战父帖关于婚姻对孩子有益的假设，并提出问题应转向立法机关是否能合理认为，整体在反驳父帖推理，但有少量中性/同意表述。
4F-REPLY-064,4forums,reply,glm-5.3-flash,P0,0.7,0.75,0.7,0.85,0.28,0.7319999999999999,回复以'Not their call'和'This rules out the point you were making earlier'明确否定父帖论点，重构争议问题为立法机关的合理性判断，针对性强；但也表示并不完全认同法院推理且肯定程序，含部分中性/保留成分。
4F-REPLY-064,4forums,reply,doubao-seed-2-0-lite-260215,P0,0.7,0.75,0.7,0.95,0.3,0.7399999999999999,回复针对父帖要求法院批准同性婚姻的观点，提出法院权责划分的相反主张，质疑父帖对法院角色的错误认知，明确反驳核心论点，回复自身也表明不完全认可法院推理，因此同意维度得中等偏低分
4F-REPLY-065,4forums,reply,DeepSeek-V4-Flash,P0,0.95,0.7,0.85,0.9,0.08,0.847,回复直接否定父帖关于民事结合违宪的核心论点，提出“不违宪”的相反主张，并用滑坡论和大意调侃挑战父帖逻辑，针对性强，基本不是同意或中性补充。
4F-REPLY-065,4forums,reply,glm-5.3-flash,P0,0.85,0.7,0.8,0.9,0.1,0.8049999999999999,回复明确否定父帖的违宪论断（'It isn't unconstitutional because...'），引用DOMA作为替代依据，并以反讽方式回应父帖的滑坡论证和面包店类比，针对性极强，构成明确的反驳。
4F-REPLY-065,4forums,reply,doubao-seed-2-0-lite-260215,P0,0.8,0.75,0.8,0.95,0.05,0.815,回复直接否定父帖主张的民事婚姻分离违宪的核心观点，针对父帖的论证提出相反主张和法律依据，完全针对父帖内容反驳，几乎没有同意成分。
4F-REPLY-066,4forums,reply,DeepSeek-V4-Flash,P0,0.05,0.05,0.0,0.45,0.85,0.09000000000000001,回复是在附和父帖关于“无知”的话题，补充说现在仍有许多人无知，并未反驳父帖观点或逻辑，整体更接近同意/延续。
4F-REPLY-066,4forums,reply,glm-5.3-flash,P0,0.05,0.05,0.05,0.4,0.8,0.1,回复延续父帖关于'无知'的话题，表示遗憾仍有人继续表现无知，是对父帖观点的附和与延伸，没有反驳迹象，只是与父帖主题关联较强。
4F-REPLY-066,4forums,reply,doubao-seed-2-0-lite-260215,P0,0.0,0.0,0.0,0.6,0.9,0.06999999999999999,回复顺着父帖关于无知的表述延伸，没有反对、挑战父帖的任何观点，属于延续话题的同意性表述。
4F-REPLY-067,4forums,reply,DeepSeek-V4-Flash,P0,0.85,0.35,0.8,0.9,0.1,0.7,回复明确反驳父帖“只是为了不劳而获/经济勒索”的定性，提出“这是平等问题”的相反主张；虽未展开复杂证据，但直接针对父帖论点。
4F-REPLY-067,4forums,reply,glm-5.3-flash,P0,0.7,0.45,0.6,0.85,0.15,0.6349999999999999,回复直接否定父帖'不劳而获/经济勒索'的定性（'It's not about getting something for nothing'），但论证较简略，仅以'平等'作为替代解释，未详细质疑父帖关于医疗授权等证据。
4F-REPLY-067,4forums,reply,doubao-seed-2-0-lite-260215,P0,0.7,0.6,0.8,0.9,0.1,0.73,回复直接否定父帖称同性结婚是索要不劳而获利益的观点，针对父帖的主张提出追求平等的相反主张，明确反驳，同意成分极少。
4F-REPLY-068,4forums,reply,DeepSeek-V4-Flash,P0,0.0,0.0,0.0,0.9,0.9,0.1,回复感谢并引用父帖提供的网址，继续用这些材料支持同性恋健康风险论点，属于补充和强化父帖，不是反驳。
4F-REPLY-068,4forums,reply,glm-5.3-flash,P0,0.05,0.05,0.05,0.8,0.9,0.13000000000000003,回复以'Thanks'感谢父帖提供的网站，整理列表并明确认同这些健康问题足以解释预期寿命差距，是对父帖证据的支持和补充，完全非反驳。
4F-REPLY-068,4forums,reply,doubao-seed-2-0-lite-260215,P0,0.0,0.0,0.0,0.9,0.95,0.09500000000000001,回复认可父帖提供的链接内容，补充整理信息延伸父帖的观点，没有任何反驳，属于完全同意补充。
4F-REPLY-069,4forums,reply,DeepSeek-V4-Flash,P0,0.45,0.35,0.6,0.8,0.45,0.495,回复围绕父帖的投票/民权论点展开，提出宪法修正案、法官不能仅因不公而推翻法律等替代视角，对父帖“让大众决定民权是愚蠢错误”的立场构成一定挑战，但没有强烈直接否定。
4F-REPLY-069,4forums,reply,glm-5.3-flash,P0,0.3,0.5,0.45,0.75,0.5,0.455,回复先认可父帖一方关于多数人可能做不公之事的观点，但随后提出自己的核心主张：法官不能仅因认为法律不公就推翻法律，只能推翻违宪法律，这与父帖隐含的'民权不应交由多数投票、需司法保护'立场形成一定张力，属于部分同意部分反驳的讨论式回应。
4F-REPLY-069,4forums,reply,doubao-seed-2-0-lite-260215,P0,0.1,0.1,0.1,0.8,0.7,0.19000000000000003,回复围绕父帖的话题延伸讨论，没有否定父帖关于大众投票决定民权是错误的核心观点，仅补充法官权限的额外观点，无反驳，属于中性延伸。
4F-REPLY-070,4forums,reply,DeepSeek-V4-Flash,P0,0.8,0.1,0.7,0.85,0.1,0.5850000000000001,回复针对父帖“同样的话也可以说你”进行反击，直接否定对方并主张 WSM 一直尊重人、对方才不尊重；属于明确对立，但主要是人身/态度争论而非证据逻辑挑战。
4F-REPLY-070,4forums,reply,glm-5.3-flash,P0,0.6,0.3,0.5,0.85,0.15,0.54,回复直接否定父帖对自己的指控（'now you're out of bounds'），反驳说WSM一直很有礼貌而对方不是，并指责对方回避问题。虽针对性强且立场对立，但更多是人际指责而非对观点、证据或逻辑的实质挑战。
4F-REPLY-070,4forums,reply,doubao-seed-2-0-lite-260215,P0,0.9,0.8,0.9,1.0,0.0,0.89,回复直接否定父帖指责当事人不尊重的观点，明确针对父帖的说法提出相反主张，完全反驳父帖的判断，没有同意成分。
4F-REPLY-071,4forums,reply,DeepSeek-V4-Flash,P0,0.0,0.0,0.0,0.8,0.9,0.09000000000000001,回复强烈谴责医院和员工，与父帖的愤怒和指责方向一致，是在附和而非反驳父帖。
4F-REPLY-071,4forums,reply,glm-5.3-flash,P0,0.05,0.05,0.05,0.6,0.85,0.115,回复强调医院行为无可辩护、相关人应感到羞耻，与父帖对医院的强烈谴责立场一致，属于附和支持，只是措辞面向潜在的辩护者。
4F-REPLY-071,4forums,reply,doubao-seed-2-0-lite-260215,P0,0.0,0.0,0.0,0.9,0.95,0.09500000000000001,回复完全认同父帖对医院行为的谴责，没有反驳任何内容，属于同意父帖观点的表述。
4F-REPLY-072,4forums,reply,DeepSeek-V4-Flash,P0,0.7,0.55,0.15,0.9,0.15,0.5800000000000001,回复直接质疑父帖答非所问，指出“我的问题不是教会对同性恋行为的看法”，并暗示对方在回避问题；针对性强，属于挑战父帖回应方式，但未提出相反实质主张。
4F-REPLY-072,4forums,reply,glm-5.3-flash,P0,0.55,0.8,0.4,0.9,0.15,0.66,回复指出父帖答非所问，明确质疑对方'你可能在回避问题'，直接针对父帖的回答方式挑战其推理过程，并暗示独身同性恋牧师并非自相矛盾，构成对父帖逻辑的清晰质疑。
4F-REPLY-072,4forums,reply,doubao-seed-2-0-lite-260215,P0,0.75,0.8,0.7,0.95,0.1,0.7899999999999999,回复指出父帖回避原有问题，挑战父帖转移话题的回应逻辑，明确否定父帖答非所问的做法，反驳特征明显，同意成分极少。
4F-REPLY-073,4forums,reply,DeepSeek-V4-Flash,P0,0.05,0.0,0.1,0.05,0.7,0.07,回复讨论婚姻定义、宪法权利与同性婚姻合法化，未回应父帖关于LGBT自杀统计的内容，因此不构成对父帖的反驳，偏向无关/中立。
4F-REPLY-073,4forums,reply,glm-5.3-flash,P0,0.1,0.05,0.15,0.1,0.72,0.11299999999999999,回复内容是关于婚姻定义与同性婚姻合法性的立场陈述，完全没有回应父帖关于LGBT青少年自杀统计的内容，属于基本脱离父帖的自说自话，因此反驳相关维度都很低，更像中性或无关内容。
4F-REPLY-073,4forums,reply,doubao-seed-2-0-lite-260215,P0,0.0,0.0,0.0,0.0,0.9,0.009999999999999998,回复完全脱离父帖关于LGBT青少年自杀率统计的讨论，未涉及父帖任何内容，属于无关内容，无任何反驳行为，因此反驳维度得0，同意中性维度得高分
4F-REPLY-074,4forums,reply,DeepSeek-V4-Flash,P0,0.9,0.85,0.85,0.95,0.05,0.885,回复明确否定父帖的教会定义与人类/斑马类比，质疑其假设并区分法律婚姻与宗教仪式，直接针对父帖论点提出相反观点。
4F-REPLY-074,4forums,reply,glm-5.3-flash,P0,0.95,0.9,0.88,0.95,0.05,0.9209999999999999,回复明确否定父帖核心假设（'Your assumption simply isn't true'），逐点反驳：质疑教会定义能否约束法律、指出并非所有教会都反对同性结合、驳斥人/斑马类比（同一物种）、区分法律婚姻与宗教仪式，并总结父帖是混淆议题，针对性和反驳性都极强。
4F-REPLY-074,4forums,reply,doubao-seed-2-0-lite-260215,P0,0.9,0.85,0.9,0.95,0.05,0.895,回复直接明确反驳父帖核心观点，挑战了父帖混淆宗教仪式与法律婚姻的逻辑错误，提出完全相反的主张，全程针对父帖论点，几乎无同意内容
4F-REPLY-075,4forums,reply,DeepSeek-V4-Flash,P0,0.9,0.85,0.85,0.95,0.05,0.885,回复反驳父帖关于同性恋者炫耀导致反感的因果解释，指出偏见才是游行出现的原因，并直接回应父帖中关于出柜、公开牵手和游行的论述。
4F-REPLY-075,4forums,reply,glm-5.3-flash,P0,0.88,0.8,0.85,0.95,0.05,0.864,"回复直斥父帖作者及其观点（'You, and bigots like you'），反转父帖的逻辑：指出作者的解释恰恰暴露了偏见，并提出相反解释——游行是对不宽容的回应，若平等对待就不会有游行，明确针对父帖内容进行反驳。"
4F-REPLY-075,4forums,reply,doubao-seed-2-0-lite-260215,P0,0.9,0.88,0.9,0.9,0.05,0.899,回复直接否定父帖将冲突归因于同性恋招摇的观点，颠倒了父帖的因果逻辑，提出相反归因，全程针对父帖反驳，几乎无同意内容
4F-REPLY-076,4forums,reply,DeepSeek-V4-Flash,P0,0.85,0.8,0.85,0.7,0.05,0.83,回复以强烈否定开头，反驳父帖对“lifestyle”的辩护，提出同性恋不等于滥交、滥交是个人选择，并用异性婚姻出轨数据挑战父帖隐含的道德优越论。
4F-REPLY-076,4forums,reply,glm-5.3-flash,P0,0.95,0.88,0.9,0.9,0.05,0.9139999999999999,开头即称父帖说法是'今年听过最荒谬的'，随后逐条反驳父帖关联的逻辑（宗教说教荒谬、同性恋不等于滥交、滥交是个人选择），并引用异性婚姻出轨率数据作为反证，直接点名回应父帖作者。
4F-REPLY-076,4forums,reply,doubao-seed-2-0-lite-260215,P0,0.9,0.85,0.9,0.95,0.05,0.895,回复直接否定父帖为'lifestyle'一词辩护的观点，提出相反主张还辅以证据反驳，全程针对父帖内容，几乎无同意内容
4F-REPLY-077,4forums,reply,DeepSeek-V4-Flash,P0,0.0,0.0,0.0,0.9,0.95,0.09500000000000001,回复完全赞同父帖，补充支持不要将整个基督教与Phelps极端团体混为一谈，属于明确同意和补充。
4F-REPLY-077,4forums,reply,glm-5.3-flash,P0,0.03,0.05,0.05,0.85,0.95,0.12400000000000001,回复以'Well said'开头，完全赞同父帖为基督徒群体辩护的立场，并补充支持性论点（Phelps是极端分子不代表基督教会），是明确的同意和补充，没有任何反驳。
4F-REPLY-077,4forums,reply,doubao-seed-2-0-lite-260215,P0,0.0,0.0,0.0,0.9,0.95,0.09500000000000001,回复完全同意父帖的观点，未做任何反驳，针对父帖内容明确表达支持，因此反驳维度得0，同意维度得高分
4F-REPLY-078,4forums,reply,DeepSeek-V4-Flash,P0,0.95,0.9,0.9,0.95,0.05,0.9249999999999999,回复直接嘲讽并否定父帖“西班牙永远不会让同性婚姻发生”的断言，指出西班牙政府是社会主义且以压倒性优势当选，事实正相反。
4F-REPLY-078,4forums,reply,glm-5.3-flash,P0,0.9,0.92,0.8,0.95,0.05,0.896,回复用事实直接推翻父帖的断言：西班牙政府正是社会党且以压倒性优势当选，'永远不会允许同性婚姻'的预测不成立，并提出相反观点——西班牙正加入认可同性婚姻的国家行列，针对性和反驳性都很明确。
4F-REPLY-078,4forums,reply,doubao-seed-2-0-lite-260215,P0,1.0,0.95,1.0,1.0,0.0,0.9849999999999999,回复直接明确否定父帖'西班牙永远不会允许同性婚姻'的判断，用现有事实反驳父帖，提出完全相反的结论，全程针对父帖，无同意内容
4F-REPLY-079,4forums,reply,DeepSeek-V4-Flash,P0,0.8,0.85,0.5,0.8,0.15,0.76,回复要求父帖证明其说法，并直接称其关于“most”的断言是胡扯、不真实，质疑父帖证据和概括；但替代主张不够清晰，偏向质疑而非完整相反论证。
4F-REPLY-079,4forums,reply,glm-5.3-flash,P0,0.88,0.85,0.85,0.95,0.05,0.879,回复要求父帖作者证明其陈述，借用对方原话反将一军，明确称父帖关于'most'的说法'just plain b.s.''untrue'，并列举FOF、AFA等反对组织的言论作为反证，针对父帖具体论断进行反驳。
4F-REPLY-079,4forums,reply,doubao-seed-2-0-lite-260215,P0,0.8,0.9,0.8,0.95,0.1,0.855,回复明确质疑并否定父帖的核心陈述，要求父帖举证，挑战了父帖说法的合理性，针对父帖内容反驳，少有同意内容
4F-REPLY-080,4forums,reply,DeepSeek-V4-Flash,P0,0.7,0.9,0.85,0.95,0.1,0.835,回复直接针对父帖引用利未记来反对同性恋的论据，引用同一经文并解释其属于宗教纯洁法典而非道德法典，挑战父帖的圣经依据和推理。
4F-REPLY-080,4forums,reply,glm-5.3-flash,P0,0.7,0.85,0.85,0.9,0.1,0.815,回复虽无'你错了'式字眼，但以居高临下的口吻（'My dear child'）直接针对父帖的利未记引文，通过引用经文原文和学术解释（圣洁法典、与巴力崇拜相关、非道德规范）反驳父帖对圣经的解读，属于明确的逻辑与证据挑战。
4F-REPLY-080,4forums,reply,doubao-seed-2-0-lite-260215,P0,0.85,0.9,0.9,0.95,0.1,0.89,回复直接否定父帖对圣经利未记经文的解读，挑战了父帖引用经文的逻辑，提出相反的合理解读，针对父帖论点反驳，几乎无同意内容
4F-REPLY-081,4forums,reply,DeepSeek-V4-Flash,P0,0.85,0.8,0.8,0.95,0.1,0.84,回复直接挑战父帖对‘非理性偏见’和个人感受的强调，质疑其比较逻辑，并提出个人感受无关、对方未驳倒相关论点等相反主张，针对性强。
4F-REPLY-081,4forums,reply,glm-5.3-flash,P0,0.72,0.78,0.75,0.88,0.1,0.7779999999999999,回复以'So what if...'直接否定父帖对对方动机的指控，指出两者论证存在本质区别、'jury is still out'质疑父帖类比的有效性，并提出反指控（骄傲运动助长了偏见），属于明确且针对性的反驳。
4F-REPLY-081,4forums,reply,doubao-seed-2-0-lite-260215,P0,0.8,0.75,0.8,0.9,0.1,0.8049999999999999,回复直接反对父帖将对方观点归为非理性偏见、用荒谬类比对方观点的做法，质疑父帖论证逻辑，提出对方观点未被证伪值得辩论的相反主张，全程针对父帖内容，几乎无同意成分
4F-REPLY-082,4forums,reply,DeepSeek-V4-Flash,P0,0.05,0.02,0.05,0.7,0.85,0.11599999999999999,回复用讽刺语气谈论投票和民主，更像是在附和或嘲讽反对者，没有反驳父帖观点，也没有质疑其逻辑或证据，基本不构成对立。
4F-REPLY-082,4forums,reply,glm-5.3-flash,P0,0.48,0.3,0.45,0.55,0.2,0.459,回复用强烈讽刺嘲讽投票禁令者是大佬，隐含反对父帖支持的禁令立场，但主要通过反讽表达，未正面否定父帖的具体论点或证据，针对性中等。
4F-REPLY-082,4forums,reply,doubao-seed-2-0-lite-260215,P0,0.8,0.7,0.75,0.9,0.1,0.7799999999999999,回复以讽刺方式直接反驳对德州民主投票禁同婚的批判，挑战对方否定投票合法性的逻辑，提出人民有权民主决策的相反立场，针对父帖内容，几乎无同意
4F-REPLY-083,4forums,reply,DeepSeek-V4-Flash,P0,0.0,0.0,0.0,0.1,0.9,0.02,回复是玩笑式、离题的回应，没有针对父帖内容进行反驳或提出相反观点，属于中性/无关内容。
4F-REPLY-083,4forums,reply,glm-5.3-flash,P0,0.05,0.02,0.05,0.25,0.72,0.084,回复'I love you too'是调侃式回应，未对父帖问题作出实质回应，既非反驳也非明确同意，属于玩笑性、中性偏亲密的互动。
4F-REPLY-083,4forums,reply,doubao-seed-2-0-lite-260215,P0,0.0,0.0,0.0,0.2,0.85,0.035,回复仅为情绪化友好互动，未否定、挑战父帖任何观点，未提出相反主张，属于中性内容，无任何反驳特征
4F-REPLY-084,4forums,reply,DeepSeek-V4-Flash,P0,0.1,0.05,0.15,0.35,0.8,0.12999999999999998,父帖指责前后不一致，回复只说‘你可以称之为婚姻’，没有正面回应指责，也没有挑战父帖的逻辑或证据，更接近中性回避。
4F-REPLY-084,4forums,reply,glm-5.3-flash,P0,0.15,0.05,0.2,0.35,0.55,0.18,父帖指责回复者前后说法不一致，回复未正面回应指控，只是重复自己的立场'you can call it a marriage'，更像回避而非反驳，针对性弱。
4F-REPLY-084,4forums,reply,doubao-seed-2-0-lite-260215,P0,0.0,0.0,0.1,0.4,0.8,0.08000000000000002,回复未否定父帖指出自身前后不一致的说法，未挑战逻辑，未提出明确相反主张，仅中性回应内容，无明显反驳
4F-REPLY-085,4forums,reply,DeepSeek-V4-Flash,P0,0.95,0.85,0.9,1.0,0.05,0.915,回复逐条引用并反驳父帖，直接否定‘不迎合他人信仰就是傲慢’的论调，挑战其‘迎合’类比，提出相反主张，针对性极强。
4F-REPLY-085,4forums,reply,glm-5.3-flash,P0,0.85,0.85,0.85,0.95,0.05,0.87,回复逐句引用父帖并逐点反驳，指出'真正的傲慢是限制他人生活'，将对方信念类比种族歧视信念，并明确说'you have that backwards'，是全面且有针对性的强反驳。
4F-REPLY-085,4forums,reply,doubao-seed-2-0-lite-260215,P0,0.9,0.85,0.9,0.95,0.05,0.895,回复逐点直接反驳父帖的观点，挑战父帖要求同婚支持者迁就反对信念的逻辑，提出完全冲突的相反主张，全程针对父帖反驳，几乎没有同意成分
4F-REPLY-086,4forums,reply,DeepSeek-V4-Flash,P0,0.1,0.05,0.3,0.5,0.7,0.185,父帖讨论宪法解释，回复没有反驳该法律论点，而是另提‘干脆不禁枪’的主张；与父帖主题相关但未直接挑战其推理，偏向中性附带评论。
4F-REPLY-086,4forums,reply,glm-5.3-flash,P0,0.25,0.15,0.35,0.25,0.55,0.26,父帖是关于第二修正案是否适用于俄亥俄州法律的法律分析，回复只是提出'干脆别禁'的政策主张，未回应父帖的宪法论点，与父帖主张有一定冲突但针对性弱。
4F-REPLY-086,4forums,reply,doubao-seed-2-0-lite-260215,P0,0.3,0.2,0.6,0.7,0.3,0.41000000000000003,父帖仅陈述禁枪不违反美国宪法的法律观点，回复未否定该陈述，仅提出不要禁枪的相反政策主张，针对当前议题，反驳特征中等
4F-REPLY-087,4forums,reply,DeepSeek-V4-Flash,P0,0.05,0.1,0.15,0.4,0.8,0.135,父帖列举三种解释，回复只是泛泛说解释应由联邦法院定夺并表达个人态度，没有反驳父帖观点，也没有质疑其证据或逻辑。
4F-REPLY-087,4forums,reply,glm-5.3-flash,P0,0.1,0.1,0.2,0.3,0.65,0.165,父帖是中性的三种解释分类，回复补充了'只有联邦法院的解释才有效'及个人看法，与父帖分类无冲突，属于中性延伸评论。
4F-REPLY-087,4forums,reply,doubao-seed-2-0-lite-260215,P0,0.1,0.2,0.2,0.7,0.6,0.24000000000000002,父帖仅客观列出第二修正案的三种解释，未提出明确立场，回复仅表达自身对辩论的看法，未反驳父帖内容，偏向中性，反驳特征极弱
4F-REPLY-088,4forums,reply,DeepSeek-V4-Flash,P0,0.5,0.4,0.8,0.9,0.15,0.605,回复直接回应父帖提问，批评其辱骂式开场，并提出减少枪支可让罪犯、儿童等更难获取枪支的相反理由，构成明显的对立论证。
4F-REPLY-088,4forums,reply,glm-5.3-flash,P0,0.55,0.5,0.6,0.75,0.15,0.595,回复直接回应父帖的挑衅性提问，用'Of course it would be more difficult for criminals...'给出禁枪有效的理由，实质上反驳了父帖隐含的'禁枪无用'假设，同时批评其侮辱语气。
4F-REPLY-088,4forums,reply,doubao-seed-2-0-lite-260215,P0,0.7,0.65,0.7,0.9,0.2,0.7150000000000001,回复批评父帖的人身攻击，反驳父帖隐含的「禁枪不会让情况变好」的预设，提出禁枪更安全的相反主张，明确针对父帖，反驳特征明显
4F-REPLY-089,4forums,reply,DeepSeek-V4-Flash,P0,0.1,0.05,0.05,0.55,0.65,0.14500000000000002,回复主要是在回应父帖语气/上下文，带有轻微抱怨但未否定父帖观点，也未挑战其逻辑或提出相反主张。
4F-REPLY-089,4forums,reply,glm-5.3-flash,P0,0.12,0.05,0.05,0.55,0.72,0.14400000000000002,回复是解释自己为何误判对方立场，抱怨以往反枪者的言论，属澄清性回应，没有实质反驳父帖观点。
4F-REPLY-089,4forums,reply,doubao-seed-2-0-lite-260215,P0,0.1,0.1,0.1,0.8,0.8,0.18000000000000002,回复未否定父帖观点，仅要求父帖下次表述更清晰，属于中性说明，不存在反驳内容
4F-REPLY-090,4forums,reply,DeepSeek-V4-Flash,P0,0.4,0.25,0.65,0.2,0.3,0.41500000000000004,回复提出反枪支管控的替代主张，间接与父帖支持部分限制的立场冲突，但未直接针对父帖具体论述，也未深入挑战其证据。
4F-REPLY-090,4forums,reply,glm-5.3-flash,P0,0.65,0.6,0.78,0.42,0.1,0.663,回复明确主张收缴枪支是愚蠢的、不会解决问题，用黑市增长、注册、铅笔类比等论证挑战禁枪逻辑，与父帖支持枪支限制的立场冲突，但未逐点回应父帖关于文明讨论和机场学校禁枪的具体内容。
4F-REPLY-090,4forums,reply,doubao-seed-2-0-lite-260215,P0,0.8,0.85,0.9,0.9,0.1,0.855,回复明确反对父帖支持限制枪支的观点，提出相反主张，质疑控枪的逻辑，针对性强，属于明确反驳
4F-REPLY-091,4forums,reply,DeepSeek-V4-Flash,P0,0.05,0.05,0.1,0.05,0.85,0.07,回复与父帖关于逻辑澄清的内容几乎无关，属于另起话题的独立论述，不构成对父帖的反驳。
4F-REPLY-091,4forums,reply,glm-5.3-flash,P0,0.4,0.75,0.62,0.65,0.25,0.609,回复明确质疑父帖所依据的调查证据（称其多为无教育、情绪驱动，且包含罪犯），并用黑斯廷斯战役历史数据反驳，提出犯罪源于社会而非枪支的替代解释；但整体亲枪立场与父帖接近，含有呼应成分。
4F-REPLY-091,4forums,reply,doubao-seed-2-0-lite-260215,P0,0.75,0.8,0.7,0.9,0.15,0.7799999999999999,回复直接质疑父帖论点依据的民意样本合理性，否定父帖的论证基础，提出相反观点，针对性强，存在明确反驳
4F-REPLY-092,4forums,reply,DeepSeek-V4-Flash,P0,0.85,0.5,0.85,0.9,0.1,0.755,回复直接针对父帖关于政府无法从重罪犯手中收枪、只有守法者会交枪的说法提出相反主张，认为执法更强且重罪犯不能买枪。
4F-REPLY-092,4forums,reply,glm-5.3-flash,P0,0.75,0.58,0.72,0.72,0.08,0.7069999999999999,回复直接否定父帖关于政府无法收缴重罪犯枪支、犯罪会上升的说法，提出执法会更强、重罪犯本来就买不到枪的相反主张，针对性强。
4F-REPLY-092,4forums,reply,doubao-seed-2-0-lite-260215,P0,0.8,0.7,0.8,0.9,0.1,0.7899999999999999,回复直接反对父帖'政府仅能没收守法公民枪支，无法管控罪犯枪支'的观点，提出相反主张，针对性明确，属于反驳
4F-REPLY-093,4forums,reply,DeepSeek-V4-Flash,P0,0.0,0.0,0.0,0.05,0.8,0.024999999999999998,回复是无关的玩笑式回应，没有针对父帖内容，也没有反驳、质疑或提出相反观点。
4F-REPLY-093,4forums,reply,glm-5.3-flash,P0,0.05,0.03,0.05,0.5,0.8,0.10400000000000001,回复只是玩笑式调侃（说自己是南方美式英语），与父帖关系轻松，无任何反驳内容，属中性互动。
4F-REPLY-093,4forums,reply,doubao-seed-2-0-lite-260215,P0,0.0,0.0,0.0,0.0,0.9,0.009999999999999998,回复内容和父帖完全无关，不存在任何反驳内容，属于无关中性内容
4F-REPLY-094,4forums,reply,DeepSeek-V4-Flash,P0,0.95,0.9,0.85,0.95,0.05,0.9149999999999999,回复明确否定父帖的统计说法和个人经历，引用组织资料反驳，并质疑其轶事证据，直接挑战父帖观点与逻辑。
4F-REPLY-094,4forums,reply,glm-5.3-flash,P0,0.92,0.9,0.75,0.92,0.05,0.883,回复明确称对方说法在统计上不准确、直言'我不相信你'，引用GOA资料反驳其证据，并质疑由单个事故推出普遍结论的逻辑，针对父帖具体内容逐点反驳。
4F-REPLY-094,4forums,reply,doubao-seed-2-0-lite-260215,P0,0.9,0.9,0.9,0.95,0.05,0.91,回复直接否定父帖观点，质疑父帖给出的案例和统计依据，提出相反结论，针对性极强，属于非常明确的反驳
4F-REPLY-095,4forums,reply,DeepSeek-V4-Flash,P0,0.2,0.1,0.35,0.25,0.55,0.22999999999999998,回复主要在陈述持枪权立场，没有回答父帖关于契约法、侵权法的具体追问，也未明确反驳父帖，针对性较弱。
4F-REPLY-095,4forums,reply,glm-5.3-flash,P0,0.38,0.22,0.48,0.42,0.4,0.378,回复以'这是个人权利'回应父帖对契约法保护的质疑，未正面回答契约和侵权法的追问，更多是重申自己的一系列拥枪立场，反驳意图存在但不明确，部分像自说自话。
4F-REPLY-095,4forums,reply,doubao-seed-2-0-lite-260215,P0,0.1,0.1,0.1,0.8,0.8,0.18000000000000002,父帖仅为提出关于第二修正案解释的问题，未表达需要反驳的观点，回复给出自身立场，不存在反驳内容，属于中性回应
4F-REPLY-096,4forums,reply,DeepSeek-V4-Flash,P0,0.0,0.05,0.0,0.9,0.85,0.12000000000000001,回复直接回应父帖索要法律例子的请求，承认找不到具体法律但提供相关来源，属于合作性、中性补充而非反驳。
4F-REPLY-096,4forums,reply,glm-5.3-flash,P0,0.05,0.05,0.05,0.85,0.85,0.14,回复是按父帖要求提供伊利诺伊州警方FAQ作为证据来源，属配合性、澄清性回答，完全无反驳内容。
4F-REPLY-096,4forums,reply,doubao-seed-2-0-lite-260215,P0,0.0,0.0,0.0,0.9,0.9,0.1,父帖请求对方给出相关法律例子，回复回应请求提供了信息来源，不存在反驳内容，属于中性回应
4F-REPLY-097,4forums,reply,DeepSeek-V4-Flash,P0,0.62,0.25,0.65,0.65,0.2,0.536,回复用“come on”反驳父帖对Uzi街头扫射的夸张说法，并提出Uzi用于狩猎/打靶的相反说法；但未展开逻辑或证据挑战，且夹杂与父帖无关的拼写纠正。
4F-REPLY-097,4forums,reply,glm-5.3-flash,P0,0.3,0.25,0.3,0.55,0.55,0.32499999999999996,回复用反讽口吻（'uzi是用来打猎和打靶的'）戏谑父帖的夸张担忧，隐含不认同，但更多像玩笑式附和，还顺带纠正了法语拼写，反驳意图不明确。
4F-REPLY-097,4forums,reply,doubao-seed-2-0-lite-260215,P0,0.8,0.7,0.85,1.0,0.1,0.8099999999999999,回复直接否定了父帖中乌兹会在街头扫射危害安全的观点，提出乌兹用于打猎和打靶的相反主张，明确针对父帖内容，几乎没有同意成分
4F-REPLY-098,4forums,reply,DeepSeek-V4-Flash,P0,0.65,0.5,0.85,0.78,0.12,0.6809999999999999,回复明显针对父帖的饮酒、保险和机上用枪保护论点，提出枪如保险、禁枪只影响守法者等相反主张，形成反驳；但主要是替代论证，不是直接拆解父帖证据。
4F-REPLY-098,4forums,reply,glm-5.3-flash,P0,0.55,0.5,0.75,0.7,0.15,0.62,回复针对父帖的酒驾/保险类比进行回击（喝酒也能开车撞人），并提出相反主张：禁枪只约束守法者、控枪者是因为不需要枪，明显站在对立立场反驳父帖。
4F-REPLY-098,4forums,reply,doubao-seed-2-0-lite-260215,P0,0.7,0.75,0.8,0.9,0.2,0.7649999999999999,父帖认为存在比允许乘客带枪上飞机更好的保护方式，回复反驳该观点，质疑控枪的逻辑，提出控枪禁令仅约束守法者的相反主张，反驳倾向明显
4F-REPLY-099,4forums,reply,DeepSeek-V4-Flash,P0,0.1,0.1,0.12,0.82,0.85,0.181,回复整体在附和父帖的拥枪立场，围绕背景检查、破坏性武器、笔枪、全自动和SBR限制等父帖具体点补充看法，没有明显否定或挑战父帖观点。
4F-REPLY-099,4forums,reply,glm-5.3-flash,P0,0.1,0.15,0.1,0.65,0.8,0.18,回复明确表示'这里没什么争论''我们可以都同意'，并逐点附和父帖关于背景审查、NFA、全自动和SBR的立场，属于同意与补充，仅有轻微修辞性调侃。
4F-REPLY-099,4forums,reply,doubao-seed-2-0-lite-260215,P0,0.1,0.1,0.15,0.9,0.9,0.19,回复核心立场与父帖一致，认可父帖少数合理控枪其余放开的主张，没有提出反驳质疑，属于同意补充
4F-REPLY-100,4forums,reply,DeepSeek-V4-Flash,P0,0.55,0.15,0.7,0.85,0.2,0.515,回复用“but”直接针对父帖关于AWB影响的说法，提出“它杀死了Calico”的相反后果，构成局部反驳；但内容极短，没有展开逻辑或证据挑战。
4F-REPLY-100,4forums,reply,glm-5.3-flash,P0,0.5,0.5,0.65,0.6,0.2,0.5700000000000001,回复用'but'直接顶回父帖'高容量弹匣从未短缺'的说法，并举出Calico手枪被禁令扼杀的反例，构成对父帖论断的反驳，但表述极简、论证有限。
4F-REPLY-100,4forums,reply,doubao-seed-2-0-lite-260215,P0,0.2,0.1,0.15,0.8,0.7,0.23,回复仅补充AWB带来的另一结果，没有否定父帖关于禁令会产生意外后果的核心观点，未挑战逻辑，属于中性补充
CD-REPLY-001,createdebate,reply,DeepSeek-V4-Flash,P0,0.3,0.15,0.65,0.8,0.55,0.39,回复承认支持堕胎，但多次表示同意父帖、不认为父帖错，同时提出例外情况，因此直接反对较低；有替代主张且高度针对父帖。
CD-REPLY-001,createdebate,reply,glm-5.3-flash,P0,0.42,0.58,0.62,0.85,0.5,0.559,回复明确表示'I'm siding with abortion'反驳父帖的绝对反堕胎立场，并用印度核悲剧等实例质疑'绝不例外'的逻辑，但同时又明确说'I do not say your wrong'和'I agree with everything that you mention'，因此对立与同意并存，直接否定程度中等。
CD-REPLY-001,createdebate,reply,doubao-seed-2-0-lite-260215,P0,0.25,0.6,0.6,0.9,0.6,0.505,回复未直接否定父帖核心观点，仅指出堕胎存在特殊例外，针对父帖绝对化主张补充实例，明确表示同意父帖大部分内容，仅补充例外情况
CD-REPLY-002,createdebate,reply,DeepSeek-V4-Flash,P0,0.7,0.75,0.85,0.45,0.1,0.74,回复系统反驳反堕胎道德主张，提出身体自主权等相反论点，逻辑挑战强；但父帖很短，回复未直接紧扣其具体语句，针对性中等。
CD-REPLY-002,createdebate,reply,glm-5.3-flash,P0,0.55,0.85,0.85,0.78,0.1,0.7580000000000001,回复系统性地为堕胎权辩护，提出身体自主权框架和强制器官捐献类比作为相反观点，明确质疑统计数据的有效性('I seriously doubt the validity')并反驳'性行为选择等同于怀孕选择'的逻辑，虽未直接说'你错了'但整体是对父帖指控的正面反驳。
CD-REPLY-002,createdebate,reply,doubao-seed-2-0-lite-260215,P0,0.8,0.85,0.9,0.95,0.1,0.86,回复明确反驳父帖'堕胎杀婴是不道德错误'的核心观点，提出了支持堕胎的身体自主权相反主张，针对性强，几乎无同意内容
CD-REPLY-003,createdebate,reply,DeepSeek-V4-Flash,P0,0.0,0.0,0.0,0.7,0.9,0.07999999999999999,回复只是继续年龄谜题/玩笑，未反驳父帖，属于中性互动；但内容确实针对父帖的年龄转换。
CD-REPLY-003,createdebate,reply,glm-5.3-flash,P0,0.08,0.05,0.05,0.8,0.7,0.159,回复是关于十六进制年龄谜题的玩笑式追问('Are you 48?')，完全针对父帖的年龄梗，但不构成任何观点上的反对或挑战，属于中性互动。
CD-REPLY-003,createdebate,reply,doubao-seed-2-0-lite-260215,P0,0.0,0.0,0.0,0.4,0.9,0.05,回复仅针对父帖的年龄玩笑进行猜测，未反对或反驳父帖任何内容，属于中性互动
CD-REPLY-004,createdebate,reply,DeepSeek-V4-Flash,P0,0.6,0.8,0.8,0.95,0.15,0.76,回复逐点回应并挑战父帖的连体双胞胎类比和权利逻辑，提出相反解释，针对性很高，整体是反驳。
CD-REPLY-004,createdebate,reply,glm-5.3-flash,P0,0.7,0.8,0.8,0.95,0.1,0.7949999999999999,回复逐句引用父帖原文进行反驳，用连体双胞胎共享器官、Abigail和Brittany Hensel实例以及'可以脱离关系而非杀死'来逐一瓦解父帖的类比论证，并提出胎儿不拥有母亲身体的相反主张，针对性极强且反驳明确。
CD-REPLY-004,createdebate,reply,doubao-seed-2-0-lite-260215,P0,0.7,0.8,0.75,1.0,0.15,0.7849999999999999,回复逐个针对父帖提出的连体婴、父母抚养、器官捐赠等论点回应，反驳了父帖的类比逻辑，明确区分不同情况提出相反结论，针对性极强
CD-REPLY-005,createdebate,reply,DeepSeek-V4-Flash,P0,0.95,0.85,0.95,1.0,0.05,0.9249999999999999,回复逐条反驳父帖列表，直接否定、指出逻辑谬误、提出相反主张，几乎无同意或中性内容。
CD-REPLY-005,createdebate,reply,glm-5.3-flash,P0,0.85,0.9,0.85,0.95,0.05,0.885,"回复逐条编号反驳父帖的十点批评，明确使用'No, by definition'、'you were wrong'、'this is a logical fallacy on your part'等直接否定语言，用物种定义和领养数据等事实性反驳对抗父帖论点，几乎全方位对立。"
CD-REPLY-005,createdebate,reply,doubao-seed-2-0-lite-260215,P0,0.9,0.9,0.9,1.0,0.05,0.915,回复逐条反驳父帖列出的10个反对论点，直接否定各观点，指出父帖的逻辑和事实错误，提出相反主张，几乎无同意内容
CD-REPLY-006,createdebate,reply,DeepSeek-V4-Flash,P0,0.1,0.1,0.15,0.6,0.8,0.16999999999999998,回复先同意父帖关于不应发生性行为，再补充现实情况，整体更像同意/补充而非反驳，仅针对父帖一部分。
CD-REPLY-006,createdebate,reply,glm-5.3-flash,P0,0.2,0.3,0.32,0.72,0.6,0.32599999999999996,回复开头明确同意父帖('your right they shouldnt be haveing sex')，随后用'but they do'提出现实层面的补充性推回，即人们不会因此停止性行为，属于'同意但'结构，针对性明确但对立程度较弱。
CD-REPLY-006,createdebate,reply,doubao-seed-2-0-lite-260215,P0,0.0,0.0,0.1,0.8,0.9,0.11000000000000001,回复同意父帖'不该发生性行为'的说法，仅补充现实中人们确实会不戴套发生性行为的实际情况，未反驳父帖观点
CD-REPLY-007,createdebate,reply,DeepSeek-V4-Flash,P0,0.3,0.4,0.4,0.3,0.55,0.36500000000000005,回复转向胎龄/生存能力话题，质疑某个24周界限，但未直接回应父帖关于谋杀定义和医疗必要性的论证，针对性较弱。
CD-REPLY-007,createdebate,reply,glm-5.3-flash,P0,0.2,0.32,0.42,0.25,0.55,0.31,回复转向讨论英国24周堕胎期限及胎儿疼痛研究的可信度，主张应降低期限并称现行做法'inhumane'，与父帖偏向宽容堕胎的立场存在潜在冲突，但未直接回应父帖关于'堕胎非谋杀'的定义论证，针对性较弱。
CD-REPLY-007,createdebate,reply,doubao-seed-2-0-lite-260215,P0,0.0,0.0,0.0,0.6,0.85,0.075,回复仅围绕堕胎孕周截止点延伸讨论，未反驳父帖'堕胎有时并非谋杀'的核心观点，属于中性讨论
CD-REPLY-008,createdebate,reply,DeepSeek-V4-Flash,P0,0.5,0.1,0.55,0.15,0.55,0.35000000000000003,回复主要评论封禁事件并顺带断言胎儿不是人，未针对父帖具体论证，反驳相关维度低，整体偏无关/中性。
CD-REPLY-008,createdebate,reply,glm-5.3-flash,P0,0.5,0.25,0.55,0.32,0.35,0.432,"回复用封禁Avesked的类比进行嘲讽，并嵌入'A fetus is neither human (yet), nor can tell whats going on'这一与父帖'生命始于受孕'立场直接冲突的主张，但整体是抬杠式表达，未系统挑战父帖的证据或逻辑，针对性偏弱。"
CD-REPLY-008,createdebate,reply,doubao-seed-2-0-lite-260215,P0,0.7,0.3,0.6,0.5,0.2,0.55,回复直接反对父帖'胎儿已经是人应当享有生命权'的观点，提出相反主张，但大部分内容是无关的禁言类比，未深入挑战父帖逻辑证据，针对性一般
CD-REPLY-009,createdebate,reply,DeepSeek-V4-Flash,P0,0.95,0.9,0.9,0.95,0.05,0.9249999999999999,逐条回应并反驳父帖关于胎儿个体人性、生命与权利的论证，提出自我意识标准并质疑基因/生命论据，针对性强，反驳明确。
CD-REPLY-009,createdebate,reply,glm-5.3-flash,P0,0.9,0.88,0.9,0.95,0.02,0.907,回复逐点反驳父帖：明确否定胎儿不属于母体、质疑遗传码和'活着'是否相关、提出以自我意识为准的相反标准，并直接否定对方的生命标准，结尾还有强烈敌意。
CD-REPLY-009,createdebate,reply,doubao-seed-2-0-lite-260215,P0,0.9,0.85,0.9,1.0,0.05,0.9,reply逐条直接反驳父帖反对堕胎的核心观点，否定父帖的论证逻辑，提出完全相反的主张，全程针对父帖内容回应，几乎无同意成分
CD-REPLY-010,createdebate,reply,DeepSeek-V4-Flash,P0,0.6,0.35,0.5,0.75,0.25,0.535,直接纠正父帖中“生孩子是你做的决定”的假设，提出怀孕并非总是选择，但未展开证据或逻辑论证。
CD-REPLY-010,createdebate,reply,glm-5.3-flash,P0,0.55,0.4,0.5,0.6,0.35,0.51,回复针对父帖'怀孕是你自己的决定'的说法，用'我不是选择怀孕的'进行轻度反驳，属简短的局部纠正，反对程度中等但指向明确。
CD-REPLY-010,createdebate,reply,doubao-seed-2-0-lite-260215,P0,0.0,0.0,0.0,0.3,0.8,0.049999999999999996,回复仅补充自身怀孕情况，未反驳父帖任何观点，未提出相反主张，与父帖观点无冲突
CD-REPLY-011,createdebate,reply,DeepSeek-V4-Flash,P0,0.7,0.55,0.6,0.85,0.35,0.645,多处反驳父帖对自身主张的指责，并回应具体指控；也有部分重复或认同父帖措辞，但整体偏向对抗。
CD-REPLY-011,createdebate,reply,glm-5.3-flash,P0,0.8,0.75,0.6,0.95,0.1,0.7699999999999999,回复逐句引用父帖并逐条否认对方的指控（如'我没说全部是'、'不'），为自己的断言辩护，带有讽刺，但核心是反驳父帖对其论证的批评。
CD-REPLY-011,createdebate,reply,doubao-seed-2-0-lite-260215,P0,0.6,0.5,0.55,0.9,0.4,0.5899999999999999,回复针对父帖对自己主张的质疑，部分反驳父帖
CD-REPLY-012,createdebate,reply,DeepSeek-V4-Flash,P0,0.95,0.9,0.9,0.95,0.05,0.9249999999999999,逐句引用并反驳父帖，指出非逻辑推论，挑战“权利”概念，提出胎儿如寄生虫的相反主张，针对性和反驳性都很强。
CD-REPLY-012,createdebate,reply,glm-5.3-flash,P0,0.9,0.9,0.88,0.95,0.02,0.909,回复引用父帖每一句话逐一驳斥：指出'非推理谬误'、质疑'权利'一词的含义，并提出胎儿如同寄生虫、只关乎个人偏好的相反主张，针对性极强。
CD-REPLY-012,createdebate,reply,doubao-seed-2-0-lite-260215,P0,0.95,0.9,0.95,1.0,0.05,0.9399999999999998,reply逐句反驳父帖观点，指出父帖逻辑谬误，提出完全相反的主张，全程针对父帖，几乎无同意成分
CD-REPLY-013,createdebate,reply,DeepSeek-V4-Flash,P0,0.9,0.8,0.85,0.9,0.08,0.862,直接嘲讽并反驳父帖，质疑绝对反堕胎立场，以例外情况、收养问题和亲身经历提出相反主张，针对性强。
CD-REPLY-013,createdebate,reply,glm-5.3-flash,P0,0.85,0.85,0.8,0.95,0.03,0.862,回复嘲讽文风后，用'如果母亲会死呢'等反例挑战父帖的绝对立场，反驳领养建议，并称'最愚蠢的论证'，全面否定父帖各论点。
CD-REPLY-013,createdebate,reply,doubao-seed-2-0-lite-260215,P0,0.9,0.9,0.9,1.0,0.05,0.915,reply逐条反驳父帖反对堕胎的核心观点，质疑父帖论证逻辑，提出相反主张，全程针对父帖内容，几乎无同意成分
CD-REPLY-014,createdebate,reply,DeepSeek-V4-Flash,P0,0.65,0.45,0.85,0.5,0.2,0.6300000000000001,整体提出堕胎贬低人类生命的相反道德框架，与父帖立场冲突，但较少直接分析父帖的具体证据和论点，针对父帖程度中等。
CD-REPLY-014,createdebate,reply,glm-5.3-flash,P0,0.5,0.4,0.7,0.45,0.25,0.53,回复未直接否定父帖具体论点，而是提出一套整体性相反框架（堕胎贬低人的生命、使人非人化），与父帖支持堕胎选择权立场冲突，但针对父帖细节较弱。
CD-REPLY-014,createdebate,reply,doubao-seed-2-0-lite-260215,P0,0.85,0.8,0.9,0.95,0.1,0.86,reply针对父帖支持女性堕胎选择权的核心观点，提出完全相反的道德主张，挑战父帖逻辑，全程针对父帖展开，几乎无同意成分
CD-REPLY-015,createdebate,reply,DeepSeek-V4-Flash,P0,0.95,0.85,0.9,0.95,0.05,0.91,逐条引用并反驳父帖，挑战其植物/浮游生物类比和收养论证，提出身体自主与既有儿童等相反主张，反驳明确。
CD-REPLY-015,createdebate,reply,glm-5.3-flash,P0,0.85,0.9,0.85,0.98,0.02,0.891,回复大段引用父帖并逐条反驳：自私不违法、身体自主权、以归谬法处理'植物也活着'的类比、指出领养论漏洞，系统性地推翻父帖每个论点。
CD-REPLY-015,createdebate,reply,doubao-seed-2-0-lite-260215,P0,0.9,0.85,0.9,1.0,0.05,0.9,reply逐条反驳父帖称堕胎是自私谋杀的核心观点，挑战父帖论证逻辑，提出相反主张，全程针对父帖回应，几乎无同意成分
CD-REPLY-016,createdebate,reply,DeepSeek-V4-Flash,P0,0.0,0.0,0.0,0.6,0.95,0.065,回复表示赞同父帖并称终于达成一致，没有反驳父帖观点、证据或逻辑，属于同意/支持性回应。
CD-REPLY-016,createdebate,reply,glm-5.3-flash,P0,0.02,0.02,0.03,0.5,0.95,0.07300000000000001,回复明确表示赞同父帖（'说得好''我们终于达成一致''点赞'），其攻击对象是对话中的第三方而非父帖，属于典型的同意型回复。
CD-REPLY-016,createdebate,reply,doubao-seed-2-0-lite-260215,P0,0.0,0.0,0.0,0.9,1.0,0.09000000000000001,回复完全同意父帖观点，仅表达支持，未进行任何反驳，针对父帖内容回应
CD-REPLY-017,createdebate,reply,DeepSeek-V4-Flash,P0,0.7,0.2,0.7,0.8,0.15,0.5750000000000001,回复直接反对父帖引入上帝/宗教依据，主张这是人的决定，但未深入挑战证据或推理。
CD-REPLY-017,createdebate,reply,glm-5.3-flash,P0,0.62,0.58,0.6,0.78,0.18,0.6400000000000001,回复明确要求父帖'别把上帝扯进来'，否定了其宗教论证的前提，并提出'这是我们自己的决定'这一相反主张，针对性较强，但未深入展开反驳论据。
CD-REPLY-017,createdebate,reply,doubao-seed-2-0-lite-260215,P0,0.6,0.5,0.7,0.9,0.1,0.6499999999999999,回复明确反对父帖将上帝引入堕胎议题的论证，提出堕胎是人类自主决定的观点，与父帖观点冲突，明确针对父帖内容，几乎无同意倾向。
CD-REPLY-018,createdebate,reply,DeepSeek-V4-Flash,P0,0.65,0.4,0.65,0.9,0.35,0.6000000000000001,先承认同意很多，但明确对被引用的身体自主权观点感到不安，并提出限制性例外，属于有针对性的部分反驳。
CD-REPLY-018,createdebate,reply,glm-5.3-flash,P0,0.48,0.55,0.55,0.9,0.62,0.547,回复开头明确表示同意父帖大部分论点，只针对其中'身体自主同意'的论证表示不安，质疑其可能被滥用于为滥交开脱，并提出附带条件的替代立场，属于部分反驳加明显同意的混合。
CD-REPLY-018,createdebate,reply,doubao-seed-2-0-lite-260215,P0,0.4,0.2,0.6,0.9,0.4,0.45,回复开头明确表示同意父帖大部分论点，仅针对父帖中无条件堕胎权的观点提出不同限定，存在部分相反主张，明确针对父帖内容，有较高同意属性。
CD-REPLY-019,createdebate,reply,DeepSeek-V4-Flash,P0,0.6,0.6,0.75,0.85,0.25,0.6699999999999999,针对父帖的精子/胎儿区分进行反驳，主张两者同属潜在生命且胎儿不是人，提出相反判断。
CD-REPLY-019,createdebate,reply,glm-5.3-flash,P0,0.5,0.62,0.66,0.75,0.3,0.6129999999999999,回复在字面上同意'精子不等于胎儿'，但为被父帖批为'完全错误'的论证辩护，指出父帖误解了'同类/潜在生命'的原意，并反驳性地提出胎儿不是人、只是寄生的潜在生命，与父帖立场相对立。
CD-REPLY-019,createdebate,reply,doubao-seed-2-0-lite-260215,P0,0.8,0.8,0.9,1.0,0.05,0.855,回复直接纠正父帖对原论点的误解，明确否定父帖认为原论证完全错误的结论，提出精子和胎儿同属潜在生命的相反观点，全程针对父帖内容，几乎无同意倾向。
CD-REPLY-020,createdebate,reply,DeepSeek-V4-Flash,P0,0.45,0.3,0.1,0.9,0.2,0.41500000000000004,复制父帖内容后仅以“mindless assumption”贬斥，缺乏具体论证和替代主张，但明显针对父帖。
CD-REPLY-020,createdebate,reply,glm-5.3-flash,P0,0.52,0.42,0.2,0.9,0.22,0.4900000000000001,回复逐字引用父帖原话并加上'你这无脑的假设'，以嘲讽方式否定父帖的说法，针对性强，但未给出任何论证或替代观点，只是贴标签式质疑。
CD-REPLY-020,createdebate,reply,doubao-seed-2-0-lite-260215,P0,0.7,0.75,0.8,0.9,0.1,0.7749999999999999,回复明确指出父帖的核心假设不合理，否定父帖“胎儿有脑就能感知疼痛因此属于完整人”的观点，提出脑与心智分离的相反观点，明确针对父帖，同意程度低。
CD-REPLY-021,createdebate,reply,DeepSeek-V4-Flash,P0,0.75,0.6,0.8,0.9,0.15,0.7399999999999999,直接质疑父帖“只看当下”的逻辑，主张潜在生命也重要且胎儿无法自保，提出相反立场。
CD-REPLY-021,createdebate,reply,glm-5.3-flash,P0,0.65,0.55,0.7,0.85,0.18,0.667,回复直接质疑父帖'潜不潜力不重要'的说法（'为什么不该重要？'），提出万物都该有机会、胎儿无力自保的相反主张，并指出父帖没有回答问题，是明确的反驳。
CD-REPLY-021,createdebate,reply,doubao-seed-2-0-lite-260215,P0,0.7,0.65,0.7,0.9,0.1,0.725,回复直接否定父帖“判断堕胎只需要考虑胎儿当下状态，不需要考虑潜在性”的核心观点，提出胎儿应当获得生存机会的相反主张，明确针对父帖，几乎无同意倾向。
CD-REPLY-022,createdebate,reply,DeepSeek-V4-Flash,P0,0.85,0.5,0.85,0.9,0.1,0.755,明确反对父帖“简单答案”和只允许少数例外，主张应由当事人选择且不影响他人。
CD-REPLY-022,createdebate,reply,glm-5.3-flash,P0,0.85,0.72,0.78,0.9,0.1,0.8069999999999999,回复强烈反对父帖的限制方案，称其只是强加给所有人的少数人规则，反驳'简单答案'和'堕胎即避孕'的前提，并提出由当事人自行决定的对立观点，针对性高、对立明确。
CD-REPLY-022,createdebate,reply,doubao-seed-2-0-lite-260215,P0,0.8,0.7,0.9,1.0,0.1,0.82,回复明确反对父帖“堕胎仅能在少数例外情况允许”的观点，提出堕胎是当事人自主选择的相反主张，明确针对父帖内容，几乎无同意倾向。
CD-REPLY-023,createdebate,reply,DeepSeek-V4-Flash,P0,0.55,0.4,0.5,0.7,0.18,0.537,用反问式极端类比挑战父帖将胎儿等同普通选择/避孕的逻辑，但表述简短，未展开论证。
CD-REPLY-023,createdebate,reply,glm-5.3-flash,P0,0.35,0.6,0.32,0.68,0.25,0.492,回复用一句反讽的极端追问（对怀孕母狗施暴是否也可以）来归谬父帖'堕胎等同使用避孕套'的类比，实际在挑战其逻辑，但未显式表达否定，也没有提出正面替代主张。
CD-REPLY-023,createdebate,reply,doubao-seed-2-0-lite-260215,P0,0.6,0.7,0.4,0.8,0.2,0.6300000000000001,回复通过归谬法质疑父帖将堕胎等同于避孕手淫的逻辑，隐含反对父帖观点，明确针对父帖，但未提出完整清晰的相反主张。
CD-REPLY-024,createdebate,reply,DeepSeek-V4-Flash,P0,0.6,0.25,0.6,0.6,0.15,0.52,以嘲讽回应父帖，并反对用个人观点推动影响他人的法律；但未具体挑战父帖证据或逻辑。
CD-REPLY-024,createdebate,reply,glm-5.3-flash,P0,0.35,0.25,0.42,0.75,0.45,0.394,回复以调侃、戏谑语气回应父帖的人身攻击，虽带出'不该强推影响他人生活的法律'这一简短反制观点，但主要是不理会而非认真反驳，逻辑挑战很弱。
CD-REPLY-024,createdebate,reply,doubao-seed-2-0-lite-260215,P0,0.7,0.6,0.7,0.9,0.15,0.705,回复反对父帖攻击支持堕胎者、将个人观点强加于人的做法，提出不应当立法强制他人接受观点的相反主张，明确针对父帖，同意程度低。
CD-REPLY-025,createdebate,reply,DeepSeek-V4-Flash,P0,0.72,0.8,0.82,0.9,0.18,0.792,回复在复制父帖段落中插入质问和反驳，质疑父帖对“杀害”的裁决权，并以性病类比反驳“承担后果”论；直接针对父帖并提出相反主张。
CD-REPLY-025,createdebate,reply,glm-5.3-flash,P0,0.65,0.85,0.8,0.95,0.05,0.8,回复逐段引用父帖原文，质疑'你凭什么是判定哪种杀戮可以接受权威'，并用疾病治疗类比揭穿'逃避责任'论证的矛盾，提出'堕胎本身就是承担后果'的相反观点，针对性极强，属于明确反驳。
CD-REPLY-025,createdebate,reply,doubao-seed-2-0-lite-260215,P0,0.85,0.9,0.88,0.95,0.1,0.886,回复直接反驳父帖中青少年意外怀孕必须承担后果不能堕胎的观点，质疑父帖的逻辑，提出强迫青少年生育不对的相反主张，完全针对父帖内容，几乎无同意成分
CD-REPLY-026,createdebate,reply,DeepSeek-V4-Flash,P0,0.65,0.25,0.8,0.7,0.3,0.57,回复主张胎儿只是潜在生命、没有权利，与父帖关于谋杀内在错误等论点冲突；但没有深入挑战证据或逻辑，且部分表达尊重。
CD-REPLY-026,createdebate,reply,glm-5.3-flash,P0,0.55,0.4,0.7,0.6,0.25,0.56,回复断言胎儿只是潜在生命、没有任何权利，与父帖'杀戮本身即错'的立场冲突，并预判对方会不同意；但同时表达了对对方观点的尊重，语气缓和，逻辑挑战深度有限。
CD-REPLY-026,createdebate,reply,doubao-seed-2-0-lite-260215,P0,0.7,0.6,0.75,0.8,0.2,0.7000000000000002,回复直接反驳父帖堕胎是谋杀的核心观点，提出胎儿无权利、堕胎合理的相反主张，针对父帖立场回应，仅表示尊重对方观点，整体以反驳为主
CD-REPLY-027,createdebate,reply,DeepSeek-V4-Flash,P0,0.85,0.6,0.9,0.95,0.05,0.8049999999999999,回复为“将无保护性行为非法化”辩护，用安全带/头盔类比反驳父帖“不可行/有害”的判断，并称父帖像独裁；直接针对父帖批评。
CD-REPLY-027,createdebate,reply,glm-5.3-flash,P0,0.75,0.8,0.8,0.9,0.05,0.8099999999999999,回复为父帖称为BS的'将无保护性行为非法化'方案辩护，用安全带法律类比反驳其不可行的论断，并指责父帖'促进生育'的说法是独裁，直接且针对性强地反驳父帖。
CD-REPLY-027,createdebate,reply,doubao-seed-2-0-lite-260215,P0,0.8,0.75,0.8,1.0,0.05,0.82,直接反对父帖禁止无保护性行为不可行、弊大于利的观点，用类比论证自己的相反观点，完全针对父帖内容反驳，几乎无同意成分
CD-REPLY-028,createdebate,reply,DeepSeek-V4-Flash,P0,0.95,0.42,0.9,0.9,0.05,0.7759999999999999,回复强烈反对父帖关于该图片不具代表性、不该作为一般堕胎图像的说法，坚持图片准确且堕胎是杀害；主要是相反主张，逻辑证据挑战较少。
CD-REPLY-028,createdebate,reply,glm-5.3-flash,P0,0.8,0.7,0.85,0.85,0.05,0.7999999999999999,回复明确宣称那张父帖称之为'不诚实'的图片'是准确的'，反问对方什么才算可接受，并以'科学事实'（心跳22天、堕胎是杀死活人）直接推翻父帖的事实框架与结论。
CD-REPLY-028,createdebate,reply,doubao-seed-2-0-lite-260215,P0,0.95,0.85,0.9,0.95,0.05,0.91,直接否定父帖图片不诚实、不能代表一般堕胎的核心观点，用科学事实质疑父帖逻辑，提出相反主张，完全针对父帖反驳，几乎无同意成分
CD-REPLY-029,createdebate,reply,DeepSeek-V4-Flash,P0,0.6,0.3,0.7,0.8,0.25,0.5650000000000001,回复反驳父帖对未成年怀孕的指责，强调个人选择权，并回应父帖“喜欢表达观点”；但论证较简短。
CD-REPLY-029,createdebate,reply,glm-5.3-flash,P0,0.5,0.5,0.6,0.7,0.3,0.5599999999999999,回复指出'你似乎没理解我的观点'，以'凭什么权力否认女性选择的基本权利'的反问挑战父帖对怀孕少女的指责，提出选择权的相反立场，但同时也称赞对方敢于表达，含有部分认同。
CD-REPLY-029,createdebate,reply,doubao-seed-2-0-lite-260215,P0,0.7,0.8,0.75,0.9,0.1,0.7799999999999999,反驳父帖青少年意外怀孕自身负责不应堕胎的观点，质疑父帖否定个人选择权的合理性，提出个人有选择权的相反主张，仅最后有一句中性夸赞，整体以反驳为主
CD-REPLY-030,createdebate,reply,DeepSeek-V4-Flash,P0,0.8,0.8,0.6,0.9,0.1,0.7799999999999999,回复质疑父帖“没人能爱被收养孩子”的隐含逻辑，并批评其情绪化不合逻辑；直接针对父帖。
CD-REPLY-030,createdebate,reply,glm-5.3-flash,P0,0.75,0.85,0.6,0.9,0.05,0.7849999999999999,回复引用父帖原句，以'难道被收养的孩子就没有人爱吗'点破父帖的核心逻辑漏洞，并斥其帖子'不合逻辑、煽情、可悲'，是针对父帖推理的明确反驳。
CD-REPLY-030,createdebate,reply,doubao-seed-2-0-lite-260215,P0,0.9,0.85,0.8,1.0,0.0,0.885,直接否定父帖“与其生为不被爱的孤儿不如堕胎”的观点，指责父帖不合逻辑，否定父帖的前提，完全针对父帖反驳，无同意成分
CD-REPLY-031,createdebate,reply,DeepSeek-V4-Flash,P0,0.7,0.9,0.6,0.95,0.1,0.7849999999999999,回复要求父帖为“国家有权阻止自杀”提供法律依据，并区分协助自杀，直接挑战其前提和证据。
CD-REPLY-031,createdebate,reply,glm-5.3-flash,P0,0.4,0.85,0.4,0.85,0.1,0.63,回复直接引用父帖的自杀类比并要求'举出一条州法或联邦法'，质疑其证据来源，并指出若指协助自杀则是另一回事，属于典型的证据与逻辑挑战，但未提出完整的替代观点。
CD-REPLY-031,createdebate,reply,doubao-seed-2-0-lite-260215,P0,0.4,0.8,0.3,0.9,0.2,0.5900000000000001,针对父帖“国家有权阻止自杀”的前提要求对方举证，质疑该前提的合理性，未提出完整相反主张，仅针对父帖内容要求澄清举证
CD-REPLY-032,createdebate,reply,DeepSeek-V4-Flash,P0,0.25,0.5,0.4,0.8,0.75,0.41000000000000003,回复先肯定父帖论证，但补充强奸致孕比例很低，轻微质疑父帖所举情形的代表性；整体偏同意和补充。
CD-REPLY-032,createdebate,reply,glm-5.3-flash,P0,0.15,0.3,0.2,0.7,0.8,0.265,回复明确称赞'好论证，我是认真的'，总体上表示同意，仅补充指出强奸致孕比例只有0.6%，轻微弱化该论据的分量，但不构成对父帖立场的实质反驳。
CD-REPLY-032,createdebate,reply,doubao-seed-2-0-lite-260215,P0,0.1,0.2,0.1,0.8,0.8,0.21,开头明确赞同父方支持堕胎的论点，仅补充强奸致孕比例低的数据，未反驳核心观点，属于补充说明，同意程度高
CD-REPLY-033,createdebate,reply,DeepSeek-V4-Flash,P0,0.7,0.4,0.8,0.9,0.15,0.6649999999999999,回复否定父帖对上帝/伪善的质疑，提出堕胎违背神意、死产是神许可的相反解释，但较少直接检验证据或逻辑。
CD-REPLY-033,createdebate,reply,glm-5.3-flash,P0,0.55,0.62,0.65,0.82,0.15,0.6479999999999999,回复明确否认自己是伪君子，并直接针对父帖的'上帝为何流产'反问给出不同解释（流产是选择错误、堕胎违背神意），构成对立与替代主张，但无显式'你错了'式否定。
CD-REPLY-033,createdebate,reply,doubao-seed-2-0-lite-260215,P0,0.85,0.8,0.9,0.95,0.05,0.865,回复明确反对父帖称回复者和上帝是伪君子的观点，反驳了父帖关于死产的逻辑，提出相反解释，完全针对父帖内容，几乎无同意内容
CD-REPLY-034,createdebate,reply,DeepSeek-V4-Flash,P0,0.75,0.9,0.2,0.85,0.1,0.71,回复直接说父帖输了论证，并指出其无证据、只攻击对方人格，属于明显反驳，但未提出替代主张。
CD-REPLY-034,createdebate,reply,glm-5.3-flash,P0,0.78,0.68,0.3,0.85,0.12,0.6709999999999999,回复直接宣判父帖'输了辩论'，指出其缺乏证据和说服力、只是人身攻击，针对性强；但除批评外未提出明确的相反主张。
CD-REPLY-034,createdebate,reply,doubao-seed-2-0-lite-260215,P0,0.7,0.8,0.7,0.9,0.1,0.7699999999999999,回复指出父帖只有人身攻击没有论证，明确反对父帖无理发言，针对父帖反驳，几乎无同意内容
CD-REPLY-035,createdebate,reply,DeepSeek-V4-Flash,P0,0.6,0.15,0.65,0.9,0.55,0.49,回复先同意“恶心”，但明确反驳父帖“不是懒惰”的说法，坚持这是懒惰，属于部分同意下的局部反驳。
CD-REPLY-035,createdebate,reply,glm-5.3-flash,P0,0.45,0.18,0.4,0.8,0.7,0.37900000000000006,回复先表示'同意很恶心'，随后用'但是它仍然是懒惰'反驳父帖'这不是懒惰'的定性，属于局部温和分歧加整体认同，无逻辑或证据层面的质疑。
CD-REPLY-035,createdebate,reply,doubao-seed-2-0-lite-260215,P0,0.3,0.1,0.25,0.9,0.7,0.29000000000000004,回复同意父帖核心观点，仅在堕胎是否属于懒惰这一细枝末节提出不同看法，大部分内容属于同意
CD-REPLY-036,createdebate,reply,DeepSeek-V4-Flash,P0,0.85,0.75,0.7,0.55,0.08,0.767,回复用“毫无根据的胡说”直接否定，并质疑胎儿是否具备感受能力；但父帖重点不完全是感受，针对性中等偏高。
CD-REPLY-036,createdebate,reply,glm-5.3-flash,P0,0.92,0.88,0.72,0.85,0.05,0.864,回复以'毫无根据的胡说'强烈否定父帖，借助神经科学质疑父帖对胎儿感受能力的假设，并提出胎儿尚未发育出感受能力的相反论断，对立特征非常明显。
CD-REPLY-036,createdebate,reply,doubao-seed-2-0-lite-260215,P0,0.8,0.85,0.8,0.9,0.1,0.835,回复直接否定父帖观点，质疑父帖没有科学依据，提出胎儿未发育完整感知的相反观点，明确针对父帖反驳
CD-REPLY-037,createdebate,reply,DeepSeek-V4-Flash,P0,0.02,0.0,0.0,0.65,0.95,0.07600000000000001,回复是共情安慰和询问，不反驳父帖，也不挑战其逻辑证据，属于支持或中性回应。
CD-REPLY-037,createdebate,reply,glm-5.3-flash,P0,0.05,0.02,0.02,0.75,0.92,0.108,回复仅表达同情并问候对方状况，不反对也不质疑父帖，属于支持性、中性回应，但确实是针对父帖个人经历发出的回应。
CD-REPLY-037,createdebate,reply,doubao-seed-2-0-lite-260215,P0,0.0,0.0,0.0,0.9,0.95,0.09500000000000001,回复仅对父帖分享的个人经历表示安慰，属于中性共情，无任何反驳内容
CD-REPLY-038,createdebate,reply,DeepSeek-V4-Flash,P0,0.95,0.85,0.9,0.9,0.05,0.905,回复明确指责父帖没研究、忽视科学，主张不存在道德中间地带，并强调选择权，强烈反驳父帖的中立立场。
CD-REPLY-038,createdebate,reply,glm-5.3-flash,P0,0.88,0.9,0.85,0.9,0.05,0.889,回复明确说'你是错的''不存在道德中间地带'，质疑父帖未做研究、思维不平衡，并以'受精即生命'的相反立场直接否定父帖的中间路线主张，全面反驳。
CD-REPLY-038,createdebate,reply,doubao-seed-2-0-lite-260215,P0,0.9,0.9,0.9,0.95,0.05,0.91,回复直接否定父帖的中间立场观点，明确指出父帖错误、忽视科学证据，提出相反观点，完全针对父帖反驳
CD-REPLY-039,createdebate,reply,DeepSeek-V4-Flash,P0,0.85,0.9,0.9,0.9,0.08,0.887,回复逐点回应父帖“潜在生命”观点，用主观价值危险和客观价值保护弱者的论证反驳，并提出相反主张。
CD-REPLY-039,createdebate,reply,glm-5.3-flash,P0,0.7,0.85,0.8,0.88,0.1,0.8029999999999999,回复针对父帖'潜在生命/基于发展程度区别对待'的立场，论证以主观价值判断剥夺生命价值是危险的（并举德国大屠杀类比），系统挑战其逻辑并主张客观价值这一相反观点。
CD-REPLY-039,createdebate,reply,doubao-seed-2-0-lite-260215,P0,0.75,0.8,0.85,0.9,0.1,0.815,回复反对父帖以潜在发育判断胎儿价值的观点，指出其逻辑缺陷，提出相反的客观价值主张，针对父帖反驳
CD-REPLY-040,createdebate,reply,DeepSeek-V4-Flash,P0,0.9,0.85,0.9,0.9,0.05,0.89,回复直接否定父帖“同性恋没有逻辑理由”的论点，用愉悦、自然和人权等相反论证进行挑战。
CD-REPLY-040,createdebate,reply,glm-5.3-flash,P0,0.9,0.85,0.8,0.85,0.05,0.865,回复以'显然存在合乎逻辑的理由'直接推翻父帖'同性性行为无逻辑理由'的论断，用绘画、跳舞、快感等类比拆解其'唯有生育才合逻辑'的推理，并指其论点目光短浅。
CD-REPLY-040,createdebate,reply,doubao-seed-2-0-lite-260215,P0,0.8,0.8,0.85,0.95,0.05,0.84,回复反对父帖认为同性恋行为无逻辑理由的观点，挑战父帖只有生育是性行为合理逻辑的错误前提，提出相反观点
CD-REPLY-041,createdebate,reply,DeepSeek-V4-Flash,P0,0.5,0.2,0.65,0.6,0.25,0.475,回复没有直接说父帖错误，但通过重申道德是内在的、某些性行为非理性，来对抗父帖对“异常不等于不道德”的论证；同时承认双方都讨厌道德主义，因此有一定同意成分。整体偏向提出相反道德观，但对父帖逻辑证据的挑战不强。
CD-REPLY-041,createdebate,reply,glm-5.3-flash,P0,0.35,0.45,0.3,0.75,0.3,0.445,回复直接点名Chad并试图用自然润滑等论据挑战父帖关于非理性行为的隐含假设，但并未直接否定父帖关于女性权利类比的核心论点，更多是延续之前另一场争论的论点。
CD-REPLY-041,createdebate,reply,doubao-seed-2-0-lite-260215,P0,0.1,0.1,0.2,0.6,0.7,0.19,回复未直接否定父帖核心观点，也未质疑父帖的逻辑证据，仅针对作者重申自身原有观点，没有提出与父帖冲突的主张，整体偏向中性
CD-REPLY-042,createdebate,reply,DeepSeek-V4-Flash,P0,0.85,0.7,0.85,0.9,0.2,0.8049999999999999,回复明确反驳父帖的类比，称不能把 sensible rights 与同性婚姻相比，并提出“同性恋已有和异性恋相同权利”的相反主张，还批评父帖论证会减少支持。虽然表示会投票支持合法化，但整体是直接针对父帖的反驳。
CD-REPLY-042,createdebate,reply,glm-5.3-flash,P0,0.7,0.6,0.55,0.85,0.25,0.6599999999999999,回复明确说'you can't possibly compare'并用'YOUR argument'直接针对父帖，质疑父帖将同性婚姻与其他权利运动类比的逻辑，同时提出同性恋者已有同等权利的替代观点，但回复者本身支持同性婚姻因此部分认同父帖目标。
CD-REPLY-042,createdebate,reply,doubao-seed-2-0-lite-260215,P0,0.8,0.7,0.8,0.9,0.1,0.7899999999999999,回复明确反对父帖将同性恋权利运动和其他正当权利运动类比的观点，质疑父帖论点的合理性，提出了相反主张，完全针对父帖内容反驳
CD-REPLY-043,createdebate,reply,DeepSeek-V4-Flash,P0,0.95,0.75,0.9,0.85,0.05,0.87,回复直接否定父帖“上帝造男造女”的前提，并用亚当夏娃后代乱伦的推理嘲讽宗教论证，提出宗教是笑话的相反观点。针对父帖宗教理由，反驳明显。
CD-REPLY-043,createdebate,reply,glm-5.3-flash,P0,0.9,0.75,0.85,0.85,0.05,0.845,回复直接否定父帖的宗教前提（'God didn't make man or woman'），用近亲繁殖的逻辑漏洞挑战亚当夏娃叙事，提出宗教是无知者产物的相反观点，针对性极强且完全不认同。
CD-REPLY-043,createdebate,reply,doubao-seed-2-0-lite-260215,P0,0.9,0.8,0.9,1.0,0.05,0.885,回复直接否定父帖‘上帝造男造女’的核心观点，推翻父帖的神创论前提，提出完全相反的主张，完全针对父帖内容反驳
CD-REPLY-044,createdebate,reply,DeepSeek-V4-Flash,P0,0.8,0.9,0.85,0.9,0.15,0.855,表面说“我同意”，但随后用种族隔离与跨种族婚姻类比来攻击父帖“让同性恋另立 civil union”的逻辑，属于反讽式反驳。它直接针对父帖的区分逻辑，提出该区分是任意专断的相反主张。
CD-REPLY-044,createdebate,reply,glm-5.3-flash,P0,0.55,0.85,0.75,0.8,0.15,0.7350000000000001,回复用归谬法，将父帖的'让他们有自己的东西'逻辑套用到种族通婚上以暴露其荒谬性，开头'我同意'明显是反讽，通过平行论证提出相反结论（同性婚姻应被允许），逻辑挑战非常明确。
CD-REPLY-044,createdebate,reply,doubao-seed-2-0-lite-260215,P0,0.85,0.9,0.85,0.95,0.1,0.88,回复用归谬法直接反驳父帖‘同性恋该弄自己的婚姻’的核心观点，挑战父帖的区分逻辑，提出相反主张，明确针对父帖论点
CD-REPLY-045,createdebate,reply,DeepSeek-V4-Flash,P0,0.8,0.55,0.7,0.9,0.15,0.72,回复直接引用父帖“需要公民结合”并反问“为什么国家要认可这种关系”，实质否定父帖的结论。挑战较弱，更多是提出替代质问和相反立场，但针对父帖内容非常明确。
CD-REPLY-045,createdebate,reply,glm-5.3-flash,P0,0.45,0.4,0.35,0.75,0.4,0.46,回复质疑父帖关于'需要民事结合'的假设，并进一步追问国家为何要认可任何关系，针对性强但表述简短模糊，可能来自自由意志主义立场而非明确反驳，逻辑挑战程度中等偏低。
CD-REPLY-045,createdebate,reply,doubao-seed-2-0-lite-260215,P0,0.7,0.65,0.6,0.9,0.2,0.6950000000000001,回复直接质疑否定父帖‘同性恋需要民事结合’的观点，要求给出国家认可该关系的理由，明确针对父帖内容，存在明确反驳倾向
CD-REPLY-046,createdebate,reply,DeepSeek-V4-Flash,P0,0.95,0.85,0.9,0.9,0.05,0.905,回复直接称父帖是 bigoted opinion，批评仅凭上帝反对同性婚姻是弱论证，并质疑“对方是同性恋会降低其意见价值”的逻辑，提出同性恋无害、剥夺婚姻权是错误的相反主张。反驳强烈且针对父帖。
CD-REPLY-046,createdebate,reply,glm-5.3-flash,P0,0.9,0.8,0.85,0.85,0.05,0.86,回复开头直接称父帖为'高度偏见的意见'，指出仅靠上帝反对同性婚姻是弱势论证，质疑对方关于对方阵营有一半是同性恋的断言，系统提出这是民权问题的相反主张，全面反驳。
CD-REPLY-046,createdebate,reply,doubao-seed-2-0-lite-260215,P0,0.95,0.9,0.95,1.0,0.05,0.9399999999999998,回复直接否定父帖的反同核心观点，反驳了父帖的论证逻辑，提出支持同性恋婚姻权的完全相反主张，全程针对父帖内容反驳
CD-REPLY-047,createdebate,reply,DeepSeek-V4-Flash,P0,0.9,0.8,0.8,0.9,0.1,0.85,回复直接称父帖论证“bogus argument”，并引跨种族婚姻反例来反驳“不同却想被当成一样”的逻辑。它针对父帖的具体论点和基因工程话题，提出相反解释，同意成分很低。
CD-REPLY-047,createdebate,reply,glm-5.3-flash,P0,0.85,0.75,0.75,0.9,0.05,0.815,回复开头直接说'that is such a bogus argument'，引用父帖原话逐点反驳，用 interracial marriage 类比挑战父帖关于'不同却要求相同'的逻辑矛盾，明确主张同性恋者在本质追求上与异性恋相同，强烈反驳。
CD-REPLY-047,createdebate,reply,doubao-seed-2-0-lite-260215,P0,0.9,0.85,0.88,0.98,0.1,0.889,回复明确指出父帖的论证错误，直接反驳父帖‘不同就要用不同名称’的核心逻辑，提出相反主张，明确针对父帖内容反驳
CD-REPLY-048,createdebate,reply,DeepSeek-V4-Flash,P0,0.6,0.7,0.7,0.9,0.15,0.705,回复针对父帖的“父女也可结婚”滑坡例子，用近亲繁殖会导致染色体缺陷来反驳该类比，挑战了父帖的滑坡逻辑。没有直接说父帖错误，但明显在拆解其例子，并非同意或中性补充。
CD-REPLY-048,createdebate,reply,glm-5.3-flash,P0,0.4,0.65,0.55,0.75,0.25,0.575,回复针对父帖关于父女结婚的滑坡类比，用遗传学原因（近亲繁殖导致染色体缺陷）说明同性婚姻与乱伦有本质区别，间接挑战父帖的滑坡论证，但未直接否定父帖关于同性婚姻的其他观点，反驳较为间接。
CD-REPLY-048,createdebate,reply,doubao-seed-2-0-lite-260215,P0,0.75,0.8,0.7,0.95,0.15,0.7849999999999999,回复反驳了父帖将同性婚姻和父女婚姻归为一类的滑坡论证，指出两者存在本质区别，挑战父帖的逻辑错误，明确针对父帖论点
CD-REPLY-049,createdebate,reply,DeepSeek-V4-Flash,P0,0.78,0.12,0.9,0.85,0.12,0.6229999999999999,回复通过给出相反婚姻定义来反对父帖核心观点，针对性强，但没有讨论证据或逻辑。
CD-REPLY-049,createdebate,reply,glm-5.3-flash,P0,0.55,0.3,0.75,0.7,0.15,0.56,回复针对父帖关于婚姻定义的核心主张，直接给出一个包含'两个人'的替代定义，与'婚姻只能是一男一女'的观点冲突，属于以相反主张回应，但没有明确否定性词汇，也较少讨论父帖的逻辑漏洞。
CD-REPLY-049,createdebate,reply,doubao-seed-2-0-lite-260215,P0,0.6,0.55,0.7,1.0,0.1,0.6749999999999999,回复针对父帖提出的「婚姻必须是一男一女，字典原有定义不对」的观点，提出了包含同性两人结合的婚姻定义，直接否定父帖的结论，属于反驳。
CD-REPLY-050,createdebate,reply,DeepSeek-V4-Flash,P0,0.75,0.25,0.82,0.72,0.15,0.6209999999999999,回复反对父帖关于宗教无法律权利的说法，并提出反同性婚姻主张，但主要是立场表达，未深入挑战逻辑证据。
CD-REPLY-050,createdebate,reply,glm-5.3-flash,P0,0.6,0.35,0.65,0.7,0.15,0.57,回复正面回应父帖'不要拿上帝说事'的要求，提出宗教是国家法律的重要部分，并表达反对同性婚姻的立场，与父帖主张形成对立，但主要是陈述相反观点，对父帖逻辑本身的质疑较浅。
CD-REPLY-050,createdebate,reply,doubao-seed-2-0-lite-260215,P0,0.7,0.6,0.7,0.9,0.1,0.71,回复直接反驳父帖「讨论同性婚姻不应引入宗教，上帝不拥有法律地位」的观点，提出相反主张，明确针对父帖内容回应。
CD-REPLY-051,createdebate,reply,DeepSeek-V4-Flash,P0,1.0,0.9,0.45,0.95,0.05,0.85,回复明确否定父帖说法，并质疑其统计证据，但未提出完整相反主张。
CD-REPLY-051,createdebate,reply,glm-5.3-flash,P0,0.95,0.9,0.5,0.95,0.02,0.8479999999999999,回复明确说'这离事实最远'，直接否定父帖观点，并指出没有任何统计数据支持父帖的说法，是对证据的明确挑战；虽未提出完整替代解释，但针对性和反驳强度都很高。
CD-REPLY-051,createdebate,reply,doubao-seed-2-0-lite-260215,P0,1.0,0.9,0.8,1.0,0.0,0.93,回复直接明确否定父帖「没人天生同性恋，同性恋受同性父母影响造成」的观点，指出父帖没有统计证据支撑，完全针对父帖反驳。
CD-REPLY-052,createdebate,reply,DeepSeek-V4-Flash,P0,0.9,0.85,0.9,0.95,0.15,0.885,回复直接反驳父帖的婚姻历史与跨种族婚姻类比，要求证据并提出相反历史解释。
CD-REPLY-052,createdebate,reply,glm-5.3-flash,P0,0.55,0.75,0.7,0.9,0.35,0.685,回复逐点回应父帖的历史论证和跨种族婚姻类比，要求对方提供婚姻曾指其他含义的证据，并提出相反的历史叙述；但在'同性伴侣应获得权利'上与父帖部分一致，因此同时含有一定同意成分。
CD-REPLY-052,createdebate,reply,doubao-seed-2-0-lite-260215,P0,0.8,0.9,0.9,1.0,0.1,0.88,回复直接否定父帖「婚姻定义历史上有多种含义，同性恋有权使用婚姻名称」的观点，提出相反的历史定义主张，要求父帖举证，反驳父帖核心论点。
CD-REPLY-053,createdebate,reply,DeepSeek-V4-Flash,P0,0.72,0.9,0.82,0.92,0.08,0.834,回复引用并挑战父帖的上帝设计论，提出世界非直接由上帝创造的反驳观点，逻辑质疑明显。
CD-REPLY-053,createdebate,reply,glm-5.3-flash,P0,0.5,0.8,0.7,0.9,0.1,0.71,回复直接引用父帖'上帝只创造两种性别'的论点，用人体设计缺陷（食道气管交叉、盲点）质疑'智能设计'前提，提出世界并非由上帝直接创造这一相反解释，逻辑挑战明显但未用显式否定词。
CD-REPLY-053,createdebate,reply,doubao-seed-2-0-lite-260215,P0,0.75,0.9,0.8,1.0,0.1,0.845,回复针对父帖「上帝按目的创造两性，同性恋不符合上帝意志」的核心前提，质疑上帝直接设计世界的假设，提出相反观点，反驳父帖的论证逻辑。
CD-REPLY-054,createdebate,reply,DeepSeek-V4-Flash,P0,0.95,1.0,0.92,1.0,0.05,0.964,回复逐点挑战父帖所谓逻辑前提，指出其任意性，并提出相反价值判断与技术反例。
CD-REPLY-054,createdebate,reply,glm-5.3-flash,P0,0.75,0.95,0.8,0.95,0.05,0.86,回复先引用父帖前提，再明确指出该前提是任意的、缺乏逻辑支撑，直接攻击父帖的推理过程，并提出快乐、爱等同样有效的替代价值，还用未来科技可生育的事实反驳，是典型的逻辑反驳。
CD-REPLY-054,createdebate,reply,doubao-seed-2-0-lite-260215,P0,0.9,1.0,0.9,1.0,0.0,0.9500000000000001,回复直接否定父帖「性交唯一合理目的是生育，同性恋没有存在逻辑」的观点，指出父帖前提是任意的没有逻辑支撑，提出相反主张，完全针对父帖反驳。
CD-REPLY-055,createdebate,reply,DeepSeek-V4-Flash,P0,0.62,0.8,0.35,1.0,0.15,0.6809999999999999,回复以反问质疑父帖对“separate but equal”的理解和类比逻辑，针对性强，但未展开相反主张。
CD-REPLY-055,createdebate,reply,glm-5.3-flash,P0,0.45,0.65,0.4,0.9,0.2,0.5800000000000001,回复引用父帖的数学类比并反问对方是否知道'separate but equal'的历史含义，暗示父帖误解了该说法的背景、类比不成立，是对父帖论证的质疑，但未明确说出反对结论，替代观点也未充分展开。
CD-REPLY-055,createdebate,reply,doubao-seed-2-0-lite-260215,P0,0.4,0.6,0.4,0.9,0.2,0.55,回复针对父帖对「分离但平等」的类比，暗示父帖对概念理解有误，存在一定反驳特征，但没有提出完整明确的相反观点。
CD-REPLY-056,createdebate,reply,DeepSeek-V4-Flash,P0,0.88,0.9,0.68,1.0,0.05,0.865,回复直接针对父帖论证，用跨种族婚姻类比反驳其滑坡逻辑，并指责虚伪。
CD-REPLY-056,createdebate,reply,glm-5.3-flash,P0,0.7,0.85,0.7,0.95,0.05,0.7949999999999999,回复明确指出'你提出的这个论证'在跨种族婚姻被禁止时同样适用，要求对方要么承认当时也会反对跨种族婚姻、要么承认虚伪，直接揭示父帖滑坡论证的逻辑缺陷，针对性和反驳性都很强。
CD-REPLY-056,createdebate,reply,doubao-seed-2-0-lite-260215,P0,0.8,0.9,0.8,1.0,0.1,0.86,回复直接针对父反对同性婚姻的滑坡论证，指出该逻辑存在矛盾，揭露论证的不合理性，明确反驳父帖的观点。
CD-REPLY-057,createdebate,reply,DeepSeek-V4-Flash,P0,0.68,0.72,0.8,1.0,0.05,0.775,回复直接针对父帖的定义论证，提出应改变定义，属于对父帖核心论点的反驳和替代主张。
CD-REPLY-057,createdebate,reply,glm-5.3-flash,P0,0.65,0.6,0.75,0.8,0.15,0.69,回复直接针对父帖的'婚姻定义'前提，提出'那我们就应该改变定义'，与父帖结论形成明显对立的替代主张，虽未用'你错了'等显式否定词，但针对性反驳清晰。
CD-REPLY-057,createdebate,reply,doubao-seed-2-0-lite-260215,P0,0.4,0.4,0.6,1.0,0.1,0.5499999999999999,父帖认为婚姻定义是男女结合，同性婚姻是矛盾词，回复针对该观点提出应修改定义，存在一定反对，未体现同意，明确回应父帖内容。
CD-REPLY-058,createdebate,reply,DeepSeek-V4-Flash,P0,0.45,0.2,0.45,0.95,0.25,0.455,回复主要反驳父帖对自身‘思想封闭’的指责，并反过来说对方随大流，但没有直接挑战父帖关于同性恋的核心观点。
CD-REPLY-058,createdebate,reply,glm-5.3-flash,P0,0.6,0.45,0.55,0.85,0.2,0.5900000000000001,回复直接反驳父帖'思想封闭/疯子'的指责，质问'我哪里封闭了'并反向指控对方随媒体 flow，针对性强，但主要是为自己辩护和反讥，逻辑层面质疑较弱。
CD-REPLY-058,createdebate,reply,doubao-seed-2-0-lite-260215,P0,0.8,0.7,0.7,1.0,0.05,0.7849999999999999,回复直接反驳父帖指责自己思想封闭的观点，针对指责提出相反判断，质疑父帖结论，明确回应父帖，无同意倾向。
CD-REPLY-059,createdebate,reply,DeepSeek-V4-Flash,P0,0.12,0.0,0.08,0.85,0.68,0.169,回复是对‘bite me’的玩笑式拒绝和嘲讽，没有实质反驳父帖观点，更接近无关或戏谑回应。
CD-REPLY-059,createdebate,reply,glm-5.3-flash,P0,0.15,0.05,0.1,0.85,0.65,0.2,父帖只是玩笑式挑衅'bite me'，回复以玩笑回绝，属于调侃互动而非观点交锋；虽然针对父帖且以'No thanks'开头，但不构成对任何观点的反驳，整体偏中性玩笑。
CD-REPLY-059,createdebate,reply,doubao-seed-2-0-lite-260215,P0,0.0,0.0,0.0,0.8,0.8,0.1,父帖仅为调侃性表达，未提出实质观点，回复仅为调侃回应，未反驳任何内容，属于中性回应，明确针对父帖内容。
CD-REPLY-060,createdebate,reply,DeepSeek-V4-Flash,P0,0.0,0.0,0.0,0.85,1.0,0.085,回复明确表示‘你说得对’，属于赞同和补充，没有反对、质疑或提出相反观点。
CD-REPLY-060,createdebate,reply,glm-5.3-flash,P0,0.05,0.05,0.05,0.65,0.9,0.115,回复明确说'你说得对'，是对父帖论点的赞同，只是补充'可惜多数人不这么看'，属于同意加轻微感慨，无任何反驳成分。
CD-REPLY-060,createdebate,reply,doubao-seed-2-0-lite-260215,P0,0.0,0.0,0.0,1.0,0.95,0.10500000000000001,回复明确同意父帖观点，仅补充多数人不认同该观点的情况，无任何反驳，属于同意补充。
CD-REPLY-061,createdebate,reply,DeepSeek-V4-Flash,P0,0.28,0.35,0.3,0.9,0.55,0.384,回复是在回应父帖索取研究的要求，提供研究链接，属于用证据补充/回应，而不是直接反驳父帖立场。
CD-REPLY-061,createdebate,reply,glm-5.3-flash,P0,0.1,0.15,0.1,0.85,0.7,0.21,父帖要求对方提供研究证据，回复按要求给出了表明同性家庭抚养孩子没问题的研究和链接，是顺应请求的配合性回应，而非反驳父帖。
CD-REPLY-061,createdebate,reply,doubao-seed-2-0-lite-260215,P0,0.7,0.8,0.7,1.0,0.1,0.7799999999999999,父帖要求对方提供支持主张的科学研究，暗示对方无合格证据，回复给出研究链接证明存在证据，反驳父帖质疑，明确回应，无同意倾向。
CD-REPLY-062,createdebate,reply,DeepSeek-V4-Flash,P0,0.42,0.55,0.75,0.45,0.22,0.5640000000000001,回复提出反对同性收养的真正原因是歧视而非儿童福利，与父帖淡化欺凌/儿童影响的倾向形成相反主张，但没有紧密针对父帖具体句子。
CD-REPLY-062,createdebate,reply,glm-5.3-flash,P0,0.4,0.55,0.6,0.5,0.35,0.52,回复围绕儿童福利话题提出相反解释：反对同性收养是出于歧视而非儿童福利，并用人口普查数据反驳'同性收养不安全'的'迷思和话术'，有证据挑战和反向主张，但对父帖具体论点（孩子因外貌被欺负）的针对性一般。
CD-REPLY-062,createdebate,reply,doubao-seed-2-0-lite-260215,P0,0.0,0.1,0.1,0.9,0.8,0.16,父帖提出孩子被欺负通常源于其他身体原因，和同性父母无关，回复进一步阐述反对同性领养本质是歧视，补充事实，未反驳父帖，属于补充性内容。
CD-REPLY-063,createdebate,reply,DeepSeek-V4-Flash,P0,0.95,0.85,0.85,1.0,0.02,0.908,回复引用并嘲讽父帖‘孩子会成为同性恋’的说法，用反例和逻辑反问直接挑战其因果关系，提出相反论证。
CD-REPLY-063,createdebate,reply,glm-5.3-flash,P0,0.85,0.9,0.9,0.95,0.05,0.895,回复直接引用父帖原话加以嘲讽否定（'oh really?'），用归谬法指出其逻辑漏洞（按此逻辑异性父母也会养出同性恋），并以'我的同性恋朋友都是异性父母'作为反例提出相反主张，是典型且明确的反驳。
CD-REPLY-063,createdebate,reply,doubao-seed-2-0-lite-260215,P0,0.9,0.9,0.9,1.0,0.05,0.915,回复直接反驳父帖孩子会被同化为同性恋、同性恋父母无法沟通青春期问题的观点，指出逻辑谬误，提出完全相反观点，明确回应父帖，无同意倾向。
CD-REPLY-064,createdebate,reply,DeepSeek-V4-Flash,P0,0.55,0.9,0.1,0.9,0.25,0.6200000000000001,回复要求父帖拿出研究，直接质疑其‘已被科学证明’的说法，属于对证据的挑战，但没有提出相反主张。
CD-REPLY-064,createdebate,reply,glm-5.3-flash,P0,0.3,0.8,0.1,0.85,0.2,0.515,回复针对父帖'有科学研究证明'的说法直接索要研究出处，明确质疑其证据可靠性，属于典型的证据挑战；但没有提出相反观点，也未显式否定父帖立场。
CD-REPLY-064,createdebate,reply,doubao-seed-2-0-lite-260215,P0,0.3,0.8,0.2,1.0,0.2,0.55,父帖声称有科学研究支持自身观点，回复针对该证据要求对方出示，质疑父帖的证据，未直接否定结论也未提出明确相反观点，明确针对父帖内容。
CD-REPLY-065,createdebate,reply,DeepSeek-V4-Flash,P0,0.88,0.65,0.85,0.95,0.22,0.802,回复整体反驳父帖“与你无关就不该反对”的论点，明确表达反对同性婚姻、支持Prop 8和多数民主，并直接质疑父帖关于个人影响的逻辑；虽承认不被强迫结婚，但整体是对立反驳。
CD-REPLY-065,createdebate,reply,glm-5.3-flash,P0,0.6,0.65,0.8,0.9,0.25,0.7,回复直接引用并反驳父帖'结婚不影响你'的论点，质疑其投票逻辑（'难道我只能对影响我个人的事投票？'），并提出同性恋不道德、多数人决定等相反立场；但也部分承认'没人强迫我'这一点，因此有轻微混合成分。
CD-REPLY-065,createdebate,reply,doubao-seed-2-0-lite-260215,P0,0.8,0.75,0.8,0.9,0.1,0.8049999999999999,回复明确反对父帖'同性婚姻不影响他人所以不应反对'的核心观点，针对父帖论点提出相反的反对同性婚姻主张，质疑父帖'只有影响自身才能参与投票'的逻辑，仅在单一句子上同意父帖，整体以反驳为主
CD-REPLY-066,createdebate,reply,DeepSeek-V4-Flash,P0,0.92,0.85,0.55,0.9,0.08,0.823,回复直接说对方不懂 full faith and credit 条款，并引用维基和 DOMA 来质疑父帖对条款的解读，还用逻辑反问挑战其推论；主要是反驳而非提出完整相反主张。
CD-REPLY-066,createdebate,reply,glm-5.3-flash,P0,0.9,0.95,0.75,0.95,0.05,0.8949999999999999,'你显然不了解该条款的真正含义'是明确的直接否定，附上维基链接质疑父帖对'充分信任与信用条款'的理解，并用逻辑反问指出其州权利论证站不住脚，还引DOMA作为相反解释。
CD-REPLY-066,createdebate,reply,doubao-seed-2-0-lite-260215,P0,0.8,0.9,0.75,0.95,0.05,0.85,回复直接否定父帖对宪法充分信任与尊重条款的错误解读，质疑父帖的逻辑推理，完全针对父帖内容反驳，无任何同意内容
CD-REPLY-067,createdebate,reply,DeepSeek-V4-Flash,P0,0.7,0.8,0.35,0.85,0.12,0.6929999999999998,回复针对父帖中的引语发起攻击，质疑其真实性、来源和逻辑，指责对方篡改引语以暗示不存在的观点；但没有提出关于同性婚姻的实质性相反主张。
CD-REPLY-067,createdebate,reply,glm-5.3-flash,P0,0.6,0.7,0.3,0.9,0.1,0.63,回复指父帖引用的话'说不通'，质疑其是否亲眼见过标语、指控其篡改引语，属于对父帖证据真实性的挑战；虽未提出关于同性婚姻的替代观点，但完全针对父帖内容并带有攻击性。
CD-REPLY-067,createdebate,reply,doubao-seed-2-0-lite-260215,P0,0.7,0.7,0.6,0.8,0.1,0.7100000000000001,回复质疑父帖引用内容的真实性，认为父帖篡改引述歪曲观点，针对父帖的引述内容提出质疑，整体属于反驳
CD-REPLY-068,createdebate,reply,DeepSeek-V4-Flash,P0,0.65,0.9,0.25,0.9,0.15,0.69,回复要求父帖支持并验证“圣经百分百真实”的说法，以应然可见的额外证据反问，属于强烈质疑证据与论证；但未提出自己的相反观点。
CD-REPLY-068,createdebate,reply,glm-5.3-flash,P0,0.6,0.9,0.6,0.85,0.1,0.745,回复以'请提供证据验证'的方式质疑父帖'圣经百分之百真实'的主张，用反问指出若为真应随处可验证、应能找到圣经外的佐证，是典型的证据挑战，隐含相反立场但无显式否定词。
CD-REPLY-068,createdebate,reply,doubao-seed-2-0-lite-260215,P0,0.4,0.8,0.1,0.9,0.2,0.55,回复没有直接否定父帖'圣经完全正确'的观点，仅要求父帖提供圣经外的证据支持其断言，针对父帖的主张提出证据挑战，未提出明确相反主张
CD-REPLY-069,createdebate,reply,DeepSeek-V4-Flash,P0,0.35,0.2,0.5,0.6,0.62,0.363,回复先同意“消除同性恋问题会消失”的说法，再以科学尚做不到为由，主张暂时合法化同性婚姻；主要是务实补充和部分政策分歧，驳斥力度较弱。
CD-REPLY-069,createdebate,reply,glm-5.3-flash,P0,0.4,0.35,0.45,0.7,0.5,0.435,回复开头'是的'部分接受父帖框架，但用'但是科学还远做不到'质疑其'治疗同性恋'方案的可行性，并提出'现阶段应使同性婚姻合法化'这一与父帖基调相左的政策主张，属于混合型回应。
CD-REPLY-069,createdebate,reply,doubao-seed-2-0-lite-260215,P0,0.3,0.3,0.5,0.8,0.4,0.42000000000000004,回复开头同意父帖'消除同性恋能解决问题'的说法，仅提出'当前科学无法做到消除，因此当下应合法化同性婚姻'的不同主张，属于部分同意部分反驳
CD-REPLY-070,createdebate,reply,DeepSeek-V4-Flash,P0,0.9,0.9,0.85,0.95,0.05,0.9,回复直接否定父帖“有孩子就该结婚”的说法，指责其无根据、不合逻辑，并用婚礼不提孩子、不育者等反例质疑，同时提出婚姻核心是相爱与承诺。
CD-REPLY-070,createdebate,reply,glm-5.3-flash,P0,0.85,0.95,0.85,0.95,0.05,0.9,'谁说的？''你的话连论点都算不上''你的论证毫无道理'是强烈的直接否定，并系统性质疑其无证据支撑，用婚礼仪式和不育者的反例推翻'结婚是为了孩子'的论点，提出婚姻是爱的承诺的相反主张。
CD-REPLY-070,createdebate,reply,doubao-seed-2-0-lite-260215,P0,0.9,0.9,0.9,1.0,0.0,0.92,回复直接否定父帖'生孩子之前应该结婚'的观点，明确指出父帖没有论据、逻辑不通，提出完全相反的婚姻观，全程针对父帖反驳，无同意内容
CD-REPLY-071,createdebate,reply,DeepSeek-V4-Flash,P0,0.55,0.65,0.6,0.9,0.48,0.622,回复先认可父帖大部分内容，但明确反对大麻特殊征税部分，用咖啡类比质疑为何政府应额外征税，主张只应适用普通销售税；属于部分反驳、部分同意。
CD-REPLY-071,createdebate,reply,glm-5.3-flash,P0,0.4,0.5,0.5,0.7,0.55,0.485,回复总体认同大麻合法化，仅针对父帖中'税收收入'这一点提出异议，质疑政府凭什么对该植物征特别税，并以咖啡类比论证只应按普通销售税处理，属于部分反驳、部分同意。
CD-REPLY-071,createdebate,reply,doubao-seed-2-0-lite-260215,P0,0.6,0.7,0.6,0.9,0.3,0.6699999999999999,回复同意父帖关于大麻合法化的核心观点，仅反驳父帖'大麻可给政府带来额外税收收入'的说法，针对税收部分提出相反主张，质疑额外收税的合理性
CD-REPLY-072,createdebate,reply,DeepSeek-V4-Flash,P0,0.95,0.7,0.95,0.85,0.05,0.865,回复几乎逐点反驳父帖，否认大麻提高专注力，主张其成瘾并会造成非法市场、健康问题和商业剥削，提出一系列相反主张，整体是强烈对立反驳。
CD-REPLY-072,createdebate,reply,glm-5.3-flash,P0,0.9,0.85,0.9,0.9,0.05,0.89,'大麻导致注意力下降而非提升！''不管你怎么说它都是会上瘾的'直接否定父帖核心主张，质疑其研究所称的好处（暗示烟草公司资助研究），并提出成瘾、健康负担、商业化恶果等一整套相反论述。
CD-REPLY-072,createdebate,reply,doubao-seed-2-0-lite-260215,P0,0.9,0.8,0.9,0.95,0.05,0.88,回复直接否定父帖'大麻增加专注力、比烟酒危害小'等所有核心观点，提出完全相反的主张，针对父帖内容逐一反驳，几乎没有同意内容
CD-REPLY-073,createdebate,reply,DeepSeek-V4-Flash,P0,0.96,0.94,0.95,0.98,0.03,0.955,明确否定父帖关于合法化会导致普遍滥用、成瘾和社会停滞的论点，并质疑其证据与逻辑一致性，提出相反事实和论据。
CD-REPLY-073,createdebate,reply,glm-5.3-flash,P0,0.95,0.97,0.95,0.98,0.02,0.962,回复逐条反驳父帖：质疑'人人都会沉迷'的假设无证据，指出大麻非生理成瘾，用烟酒对比指出立场不一致，明确说'你的论证基于错误假设和矛盾'，针对性极强且全面反驳。
CD-REPLY-073,createdebate,reply,doubao-seed-2-0-lite-260215,P0,0.95,0.98,0.95,1.0,0.05,0.9639999999999999,回复明确否定父帖全部核心假设，质疑父帖的逻辑一致性与证据合理性，提出完全相反的观点，全程针对父帖内容反驳，几乎没有同意成分
CD-REPLY-074,createdebate,reply,DeepSeek-V4-Flash,P0,0.92,0.9,0.78,0.95,0.05,0.892,直接质疑父帖证据，称其说法不实，并用链接和个人偏见提问反驳“weed is a bad substance”等主张。
CD-REPLY-074,createdebate,reply,glm-5.3-flash,P0,0.88,0.9,0.85,0.95,0.1,0.889,回复直接引用父帖原话'大麻和酒一样有害'并称'这根本不是事实'，要求对方出示证据并附反证链接，还质疑其偏见，是明确且有证据支撑的反驳。
CD-REPLY-074,createdebate,reply,doubao-seed-2-0-lite-260215,P0,0.75,0.85,0.7,0.9,0.1,0.7999999999999999,回复直接否定父帖
CD-REPLY-075,createdebate,reply,DeepSeek-V4-Flash,P0,0.5,0.35,0.6,0.9,0.45,0.52,主要在澄清误解并反驳父帖“那就是我的意思”的归属，强调LSD与大麻不能类比；既含澄清也含轻度反驳。
CD-REPLY-075,createdebate,reply,glm-5.3-flash,P0,0.25,0.3,0.3,0.8,0.6,0.345,回复主要是澄清误解，说明自己原意是大麻与LSD不能类比（LSD致精神障碍而大麻不会），针对性强，但整体语气是解释和澄清而非反驳，反驳迹象较弱。
CD-REPLY-075,createdebate,reply,doubao-seed-2-0-lite-260215,P0,0.3,0.4,0.35,0.9,0.6,0.41000000000000003,回复以澄清为主，仅指出LSD和大麻不能对比，没有强烈否定父帖，整体偏中性澄清，反驳特征弱
CD-REPLY-076,createdebate,reply,DeepSeek-V4-Flash,P0,0.88,0.1,0.9,0.95,0.08,0.661,用“Marijuana destroys the brain”直接补出父帖遗漏的负面效果，反驳其“让人开心”的正面描述，但无证据或逻辑论证。
CD-REPLY-076,createdebate,reply,glm-5.3-flash,P0,0.65,0.2,0.75,0.85,0.1,0.5800000000000001,回复模仿父帖句式'你忘了提那部分'，用'大麻摧毁大脑'直接对冲父帖强调的正面效果，提出相反主张，针对性强，但缺乏逻辑或证据层面的论证。
CD-REPLY-076,createdebate,reply,doubao-seed-2-0-lite-260215,P0,0.6,0.2,0.7,0.9,0.1,0.56,回复否定了父帖只说大麻好处的片面性，提出大麻毁大脑的相反主张，明确针对父帖，但未质疑父帖的逻辑和证据
CD-REPLY-077,createdebate,reply,DeepSeek-V4-Flash,P0,0.9,0.65,0.92,0.95,0.08,0.836,承认历史上革命成功，但反驳父帖以禁酒令和反抗为例支持合法化，主张大麻危害更大且不应因此合法化。
CD-REPLY-077,createdebate,reply,glm-5.3-flash,P0,0.7,0.85,0.85,0.9,0.1,0.815,回复明确反对父帖的禁酒令类比：指出'能反抗不等于应该反抗'，论证大麻危害远超酒精因此类比不成立，并提出合法化将导致文明衰落的相反结论，开头有轻微让步但主体是反驳。
CD-REPLY-077,createdebate,reply,doubao-seed-2-0-lite-260215,P0,0.8,0.7,0.85,0.95,0.05,0.8099999999999999,回复直接反对父帖
CD-REPLY-078,createdebate,reply,DeepSeek-V4-Flash,P0,0.15,0.05,0.25,0.8,0.78,0.212,主要是澄清“我没有攻击大麻”，并非反驳父帖；对父帖内容回应较弱，更像中性澄清或自我辩护。
CD-REPLY-078,createdebate,reply,glm-5.3-flash,P0,0.35,0.15,0.3,0.8,0.55,0.335,回复要求对方重读原文，纠正对方对自己立场的误解（'我不是在攻击大麻'），属于澄清性修正而非实质反驳，针对性强但未挑战父帖的证据或观点本身。
CD-REPLY-078,createdebate,reply,doubao-seed-2-0-lite-260215,P0,0.0,0.0,0.0,0.9,0.95,0.09500000000000001,回复仅澄清自身原有立场，没有反对或反驳父帖的任何观点，属于中性澄清说明
CD-REPLY-079,createdebate,reply,DeepSeek-V4-Flash,P0,0.55,0.2,0.8,0.85,0.35,0.535,部分同意会增多吸食者，但反驳父帖对经济的负面判断，提出增税、创造就业、打击卡特尔等相反经济效果。
CD-REPLY-079,createdebate,reply,glm-5.3-flash,P0,0.5,0.3,0.7,0.6,0.35,0.505,回复针对父帖对经济影响的担忧提出相反判断：合法化会增加税收、创造就业、打击卡特尔，隐含否定父帖的负面预测；但首句似乎默认用户会增加，且论证较松散、未直接质疑父帖逻辑。
CD-REPLY-079,createdebate,reply,doubao-seed-2-0-lite-260215,P0,0.7,0.6,0.8,0.9,0.1,0.73,回复直接否定父帖
CD-REPLY-080,createdebate,reply,DeepSeek-V4-Flash,P0,0.55,0.78,0.6,0.88,0.25,0.6819999999999999,不直接否认大麻有健康益处，但质疑“有健康益处就足以支持合法化”的推理，并用LSD类比挑战父帖论据的充分性。
CD-REPLY-080,createdebate,reply,glm-5.3-flash,P0,0.55,0.8,0.6,0.85,0.2,0.69,回复不否认大麻有益，但直接质疑父帖的论证逻辑：'有益'本身是否足以支撑合法化？用LSD也具有益处作反例挑战推理的有效性，属于对论证充分性的明确质疑而非事实否定。
CD-REPLY-080,createdebate,reply,doubao-seed-2-0-lite-260215,P0,0.5,0.75,0.65,0.95,0.2,0.6799999999999999,回复没有否定大麻有益健康的事实，但挑战了
CD-REPLY-081,createdebate,reply,DeepSeek-V4-Flash,P0,0.0,0.0,0.0,0.7,0.95,0.075,回复明确支持父帖观点并表示感谢，仅以玩笑呼应“新脑细胞”说法，未反驳，属于同意/支持。
CD-REPLY-081,createdebate,reply,glm-5.3-flash,P0,0.02,0.0,0.0,0.8,0.95,0.09100000000000003,回复明确表示被父帖论据说服并点赞，是对父帖的直接支持，仅以幽默方式呼应父帖中促进脑细胞发育的观点，没有任何反驳成分。
CD-REPLY-081,createdebate,reply,doubao-seed-2-0-lite-260215,P0,0.0,0.0,0.0,1.0,1.0,0.1,回复明确表达同意父帖支持大麻合法化的观点，无任何反驳内容，针对父帖回应，属于完全同意
CD-REPLY-082,createdebate,reply,DeepSeek-V4-Flash,P0,0.8,0.55,0.85,0.85,0.15,0.745,回复直接反驳父帖关于大麻成瘾性更强和脑影响的说法，提出酒精更成瘾、大麻杀脑细胞说法已被推翻等相反主张。
CD-REPLY-082,createdebate,reply,glm-5.3-flash,P0,0.68,0.8,0.75,0.78,0.1,0.7620000000000001,回复针对父帖关于大麻伤害大脑和成瘾性的说法，指出大麻杀灭脑细胞的说法已被推翻、成瘾性被夸大，并提出酒精和烟草更容易上瘾的相反主张，属于明显的证据与逻辑反驳。
CD-REPLY-082,createdebate,reply,doubao-seed-2-0-lite-260215,P0,0.9,0.85,0.9,1.0,0.05,0.9,父帖称大麻成瘾性比酒精更强，回复直接否定该观点，提出相反结论，反驳了父帖相关错误认知，全程针对父帖反驳，几乎无同意内容
CD-REPLY-083,createdebate,reply,DeepSeek-V4-Flash,P0,0.9,0.8,0.9,0.95,0.1,0.875,回复逐点质疑父帖关于食品券、股市翻倍、信用降级和评级机构角色的说法，提出政府监管、CRA等替代解释。
CD-REPLY-083,createdebate,reply,glm-5.3-flash,P0,0.85,0.82,0.78,0.9,0.05,0.842,回复逐点否定父帖：直接说wrong、质疑股市翻倍说法、重新解释信用降级、反驳评级机构责任并归因于政府和CRA，是对父帖各论点的全面反驳并给出相反解释。
CD-REPLY-083,createdebate,reply,doubao-seed-2-0-lite-260215,P0,0.85,0.8,0.85,0.95,0.1,0.85,回复针对父帖的食品券成因、股市表现、信用降级、金融危机责任等多个观点逐一反驳，提出相反主张，几乎没有同意内容
CD-REPLY-084,createdebate,reply,DeepSeek-V4-Flash,P0,0.45,0.35,0.75,0.6,0.25,0.525,回复用反问指出共和党也偏好供应侧经济学、赤字支出等，间接挑战父帖对奥巴马凯恩斯主义的单方面批评，但未直接否定其观点。
CD-REPLY-084,createdebate,reply,glm-5.3-flash,P0,0.5,0.5,0.62,0.7,0.15,0.579,回复以反问方式指出共和党同样热爱供给侧经济学、赤字开支和无人竞标合同，暗含对父帖单一批评凯恩斯主义立场的不认同和双重标准质疑，但未直接否定，反驳较为隐含。
CD-REPLY-084,createdebate,reply,doubao-seed-2-0-lite-260215,P0,0.35,0.6,0.2,0.95,0.3,0.48999999999999994,回复未直接否定父帖观点，仅通过反问质疑父帖只批评奥巴马不批评共和党的双重标准，未提出明确相反主张，针对父帖内容回应
CD-REPLY-085,createdebate,reply,DeepSeek-V4-Flash,P0,0.5,0.6,0.4,0.9,0.25,0.575,回复针对父帖对来源不可靠的指责进行澄清和反驳，指出来源列明共和党提案人，并质疑父帖回避其他修正案，属于局部反驳。
CD-REPLY-085,createdebate,reply,glm-5.3-flash,P0,0.55,0.6,0.45,0.9,0.15,0.61,回复澄清并纠正父帖对其言论和来源的误读，指出自己说的是共和党提出修正案而非对方同意，并指出对方未说明立场及理由，属于针对父帖的辩护性反驳。
CD-REPLY-085,createdebate,reply,doubao-seed-2-0-lite-260215,P0,0.4,0.5,0.4,1.0,0.3,0.52,父帖指责来源是谎言，回复澄清原观点，指出父帖存在误解，反驳了来源是谎言的指控，完全针对父帖观点回应
CD-REPLY-086,createdebate,reply,DeepSeek-V4-Flash,P0,0.85,0.8,0.85,0.95,0.1,0.85,回复逐条反驳父帖对奥巴马成就的质疑，提供相反事实和解释，明确站在相反立场。
CD-REPLY-086,createdebate,reply,glm-5.3-flash,P0,0.78,0.75,0.78,0.95,0.05,0.8049999999999999,回复逐条回应父帖对政绩清单的批评，否定其对税收、F-22项目、医改和就业数据的解读，并引用具体事实提出支持奥巴马的相反论点，是高度针对性的反驳。
CD-REPLY-086,createdebate,reply,doubao-seed-2-0-lite-260215,P0,0.8,0.85,0.9,1.0,0.1,0.865,回复针对父帖对奥巴马政绩的多个质疑逐一反驳，提出相反结论，挑战父帖的逻辑和观点，几乎没有同意内容，完全针对父帖回应
CD-REPLY-087,createdebate,reply,DeepSeek-V4-Flash,P0,0.85,0.8,0.85,0.9,0.1,0.845,回复反驳父帖对医改法案的否定，指出无先例推翻，并说明法案带来的覆盖和财政收益。
CD-REPLY-087,createdebate,reply,glm-5.3-flash,P0,0.72,0.7,0.72,0.85,0.05,0.7499999999999999,回复直接质疑父帖关于法院将推翻医改法案的说法，称无先例，并列举医改的保障、保险支出比例和减债好处来反驳父帖的负面评价。
CD-REPLY-087,createdebate,reply,doubao-seed-2-0-lite-260215,P0,0.85,0.8,0.8,0.95,0.05,0.845,回复直接反驳父帖称奥巴马医改是垃圾、会被法院推翻的观点，提出医改有诸多好处的相反主张，针对父帖反驳，几乎没有同意内容
CD-REPLY-088,createdebate,reply,DeepSeek-V4-Flash,P0,1.0,0.85,0.95,0.9,0.05,0.9299999999999998,回复直接称父帖所有说法错误，并用失业率、股市、就业等数据提出相反观点，支持奥巴马连任。
CD-REPLY-088,createdebate,reply,glm-5.3-flash,P0,0.95,0.75,0.85,0.9,0.03,0.867,回复开头即断言父帖所说全是假的，随后用失业率、股市高点、就业增长等具体数据证明经济正在复苏，直接推翻父帖经济下滑的论断，是非常明确的全盘反驳。
CD-REPLY-088,createdebate,reply,doubao-seed-2-0-lite-260215,P0,1.0,0.9,1.0,1.0,0.0,0.97,回复明确直接否定父帖称奥巴马任期经济无改善、应当下台的全部观点，提出经济正在复苏的相反主张，用多个证据反驳，完全针对父帖内容，没有同意内容
CD-REPLY-089,createdebate,reply,DeepSeek-V4-Flash,P0,0.1,0.65,0.0,0.95,0.8,0.34,追问父帖中“六个州”的证据，要求链接，属于证据质疑；未提出相反主张，整体是中性追问。
CD-REPLY-089,createdebate,reply,glm-5.3-flash,P0,0.05,0.35,0.05,0.75,0.65,0.24000000000000002,回复直接针对父帖中'六个州诉讼'的说法，要求提供链接和州名，属于中性追问证据，未明确反对父帖观点。
CD-REPLY-089,createdebate,reply,doubao-seed-2-0-lite-260215,P0,0.0,0.0,0.0,1.0,0.95,0.10500000000000001,回复仅针对父帖提到的六个州索要信息，属于中性提问，未反驳父帖观点
CD-REPLY-090,createdebate,reply,DeepSeek-V4-Flash,P0,0.7,0.85,0.8,1.0,0.3,0.7949999999999999,引用父帖并反驳其对里根/经济归因的说法，提供链接，提出相反解释；同时部分认同克林顿，整体偏向反驳。
CD-REPLY-090,createdebate,reply,glm-5.3-flash,P0,0.85,0.85,0.85,0.95,0.05,0.87,回复逐句引用父帖内容并反驳，质疑其'商业周期'说法的双重标准逻辑，反问'你的证据链接呢'，并提出里根 triple 债务、布什才是 frat boy 等相反论据。
CD-REPLY-090,createdebate,reply,doubao-seed-2-0-lite-260215,P0,0.8,0.75,0.8,0.9,0.1,0.8049999999999999,回复直接指出父帖的双标逻辑，提出相反主张，提供证据反驳父帖观点，针对性强
CD-REPLY-091,createdebate,reply,DeepSeek-V4-Flash,P0,0.15,0.2,0.0,0.75,0.6,0.22,调侃式回应，未直接否定父帖观点，只暗示动机，非实质反驳。
CD-REPLY-091,createdebate,reply,glm-5.3-flash,P0,0.25,0.35,0.1,0.75,0.45,0.33,用'你只是因为...才这么说'质疑父帖说法的依据随意，带调侃和眨眼表情，语气戏谑、立场不明确，未提出明确相反观点。
CD-REPLY-091,createdebate,reply,doubao-seed-2-0-lite-260215,P0,0.05,0.05,0.1,0.8,0.85,0.14500000000000002,回复仅调侃父帖观点的成因，未明确否定反驳父帖，属于中性调侃
CD-REPLY-092,createdebate,reply,DeepSeek-V4-Flash,P0,0.25,0.15,0.35,0.55,0.55,0.29,解释保罗为何不具人气/不合适，可能间接回应父帖对桑托姆与保罗的比较，但未明确反驳。
CD-REPLY-092,createdebate,reply,glm-5.3-flash,P0,0.3,0.2,0.45,0.5,0.45,0.345,回复列举保罗的激进政策和缺点并称其'不符合标准'，隐含反驳父帖对保罗的惋惜立场，但未直接回应父帖的具体论点，更像解释性说明。
CD-REPLY-092,createdebate,reply,doubao-seed-2-0-lite-260215,P0,0.0,0.0,0.0,0.9,0.85,0.10500000000000001,回复解释保罗不被支持的原因，回应父帖的疑问，未反驳父帖观点，属于中性解释
CD-REPLY-093,createdebate,reply,DeepSeek-V4-Flash,P0,0.2,0.1,0.25,0.3,0.45,0.22500000000000003,用其他奥巴马负面传闻转移话题，未回应父帖关于字母数/希特勒的论点，反驳性弱。
CD-REPLY-093,createdebate,reply,glm-5.3-flash,P0,0.2,0.05,0.25,0.25,0.5,0.2,以'但是你知道吗'开头，通过列举奥巴马的负面信息隐含反驳父帖的讽刺态度，但内容转移话题，未真正回应父帖关于字母巧合的论点。
CD-REPLY-093,createdebate,reply,doubao-seed-2-0-lite-260215,P0,0.6,0.5,0.7,0.8,0.2,0.6300000000000001,父帖反讽抹黑奥巴马的行为，回复转折提出新的抹黑内容，观点和父帖冲突，属于反驳
CD-REPLY-094,createdebate,reply,DeepSeek-V4-Flash,P0,0.1,0.1,0.1,0.95,0.75,0.19999999999999998,直接回答父帖问题，说明保罗出局原因，属于中性解释而非反驳父帖。
CD-REPLY-094,createdebate,reply,glm-5.3-flash,P0,0.05,0.05,0.1,0.75,0.75,0.15,父帖是中性提问，回复直接回答了保罗落选的原因，虽带有强烈的反保罗倾向，但性质上是解答而非反驳父帖。
CD-REPLY-094,createdebate,reply,doubao-seed-2-0-lite-260215,P0,0.0,0.0,0.0,1.0,0.9,0.11,父帖仅提问请求解释退选原因，回复针对问题给出回答，未反驳任何观点，属于中性回答
CD-REPLY-095,createdebate,reply,DeepSeek-V4-Flash,P0,0.05,0.1,0.0,0.7,0.85,0.13,顺着父帖关于诚实与选举的说法，推出官员腐败，更像同意/延伸。
CD-REPLY-095,createdebate,reply,glm-5.3-flash,P0,0.05,0.15,0.05,0.65,0.75,0.16,回复接受父帖的前提并进行逻辑推演（诚实赢不了选举导致所有官员腐败），是对父帖观点的延伸和补充，而非挑战。
CD-REPLY-095,createdebate,reply,doubao-seed-2-0-lite-260215,P0,0.1,0.1,0.1,0.8,0.75,0.18500000000000003,回复顺着父帖观点推导结论，未提出冲突主张，没有明确反驳父帖
CD-REPLY-096,createdebate,reply,DeepSeek-V4-Flash,P0,0.5,0.7,0.6,0.9,0.2,0.6499999999999999,以“何出此言”和反问 GOP 更差来挑战父帖的悲观判断，要求理由并提出相反比较。
CD-REPLY-096,createdebate,reply,glm-5.3-flash,P0,0.35,0.55,0.4,0.8,0.25,0.5050000000000001,用'何以见得'和'换上共和党小丑会更好吗'两个反问，要求父帖说明理由并暗示奥巴马并非更差选择，构成隐性挑战但未明确否定。
CD-REPLY-096,createdebate,reply,doubao-seed-2-0-lite-260215,P0,0.5,0.6,0.5,0.9,0.2,0.5999999999999999,回复针对父帖观点反问质疑，隐含GOP更差的相反观点，对父帖存在反驳
CD-REPLY-097,createdebate,reply,DeepSeek-V4-Flash,P0,0.8,0.45,0.75,0.85,0.15,0.695,回复直接反驳父帖“奥巴马毫无成就”的说法，提出所有政客都会撒谎、奥巴马有成就等相反观点，并针对父帖内容回应；但未深入质疑父帖证据或逻辑。
CD-REPLY-097,createdebate,reply,glm-5.3-flash,P0,0.78,0.58,0.72,0.85,0.15,0.7219999999999999,回复明确指出父帖关于奥巴马毫无政绩的说法'quite false'，并用'所有政客都说谎'反驳父帖将说谎归咎于奥巴马的逻辑，针对性很强，属于明显反驳。
CD-REPLY-097,createdebate,reply,doubao-seed-2-0-lite-260215,P0,0.7,0.6,0.7,0.9,0.2,0.7,回复明确否定父帖'奥巴马无政绩只有谎言'的核心观点，针对父帖内容反驳，指出所有政客都会撒谎，提出奥巴马有政绩的相反主张，反驳特征明显，同意程度低
CD-REPLY-098,createdebate,reply,DeepSeek-V4-Flash,P0,0.82,0.55,0.78,0.88,0.2,0.7349999999999999,回复针对ACORN、借贷要求、辩论是否愚蠢等父帖具体点反驳，提出相反事实或主张；但证据挑战较浅，并含少量尊重性让步。
CD-REPLY-098,createdebate,reply,glm-5.3-flash,P0,0.62,0.6,0.6,0.8,0.35,0.631,回复针对父帖的ACORN疑虑提出相反事实（'he did it'），并反驳了关于放贷要求的说法，但结尾语气尊重、表示理解民主辩论价值，是反驳与部分和解的混合。
CD-REPLY-098,createdebate,reply,doubao-seed-2-0-lite-260215,P0,0.6,0.55,0.65,0.85,0.3,0.6299999999999999,回复针对父帖多个论点提出不同说法，否定了父帖关于ACORN资金、借贷要求的观点，存在明显反驳，同时表示尊重对方观点，同意程度中等偏低
CD-REPLY-099,createdebate,reply,DeepSeek-V4-Flash,P0,0.45,0.15,0.05,0.9,0.2,0.36000000000000004,回复以讽刺反问暗示父帖观点荒诞，构成隐性反驳，但没有具体逻辑、证据挑战或相反主张；针对父帖且明显不是同意或中性补充。
CD-REPLY-099,createdebate,reply,glm-5.3-flash,P0,0.55,0.5,0.3,0.72,0.2,0.527,用讽刺性的'平行宇宙'反问嘲讽父帖的极端说法，隐含否定其可信度，针对性强，但未明确提出相反观点或实质性论证，对立更多体现在讥讽上。
CD-REPLY-099,createdebate,reply,doubao-seed-2-0-lite-260215,P0,0.8,0.75,0.7,0.9,0.05,0.7899999999999999,回复以讽刺方式明确否定父帖对奥巴马的极端指控，完全针对父帖内容，反驳特征非常明显，无同意父帖的内容
CD-REPLY-100,createdebate,reply,DeepSeek-V4-Flash,P0,0.88,0.7,0.85,0.9,0.18,0.8160000000000001,回复直接反驳父帖关于奥巴马小企业政策、失业预测撒谎等说法，提出“不是撒谎而是误判”等相反主张并质疑其替代方案，针对性强；有少量让步但整体为反驳。
CD-REPLY-100,createdebate,reply,glm-5.3-flash,P0,0.85,0.8,0.85,0.9,0.1,0.845,回复逐点反驳父帖：明确称失业率数据'weren't a lie'而是经济学界共识误判，主张奥巴马为小企业做了很多，反问父帖的替代方案，是对父帖核心论点的系统性反驳。
CD-REPLY-100,createdebate,reply,doubao-seed-2-0-lite-260215,P0,0.7,0.7,0.75,0.9,0.15,0.745,回复针对父帖对奥巴马经济政策的批评，否定了'奥巴马没为小企业做事、失业率承诺是谎言'的观点，提出相反主张，反驳特征明显，同意程度低
