sample_id,dataset,relation,topic,discussion_topic,source_text,response_text,P0_C,P1_C,P2_C,P1_minus_P0,P2_minus_P0
4F-REPLY-001,4Forums,reply,abortion,abortion Does a Flower Pot deserve rights?,"I'm sorry. But you really missed my point here. I was not pin-pointing whether a remembrance was put on for aborted fetuses. I was questioning how Another Opinion said that a fetus without mental exsistance is worthless. So aborting it is not a big deal. I was arguing the value of a fetus, even before it gains mental exsistance. By my example of a funeral, I was bringing up the fact that people still honor and value their dead loved ones after they have passed. And they have no mental exsistance. So why value a human after they have passed, who has no mental exsistance. And not a fetus at the beginning of a lifecourse, because it has no mental exsistance? I see a doublestandard here. And this is what I'm addressing. BTW, Why abort a fetus, and then give it a rememberance?! If the fetus was thought of as just a clump of tissues without mental awareness. Why give a rememberance for it. If a person can honor it every year after they aborted it, then they should honor it by letting it be born. If the fetus had a choice I think it would rather be alive then remembered.","I kind of realised after I replied that I'd read what you said differently than you'd meant it. I don't think anyone would say abortion is not a big deal though -- it was a huge deal to me and I was very early on. It's a very emotional and upsetting experience for many women who go through it. The reason people have funerals is to remember the person, it's nothing to do with their mental existance. They have memories of being with that person, sharing happy experiences with that person, etc. A woman pregnant with a foetus has yet to have these memories. I don't believe a foetus has no value though, privately a woman would normally see value in the foetus, which is why abortion is so difficult emotionally for women to go through. I've been on PASS support boards, and noticed many girls even named their foetus. Which I felt was taking it too far, but to each their own. Some girls have no choice but to have an abortion for the health of their family, or their own health and wellbeing. It's not a case of 'if the woman cared about the foetus enough to have a remembrance she wouldn't abort', because you don't know the individual circumstances -- I aborted for the wellbeing of my family and in particular my daughter, and I don't regret it because it was the best decision to make in my circumstances, but I will always remember what I did because it meant something to me, though probably not to the stage of having a remembrance.",0.6399999999999999,0.73,0.605,0.09000000000000008,-0.03499999999999992
4F-REPLY-002,4Forums,reply,abortion,abortion What Happens to the Life Ended by Abortion,"The Due Process Clause of the Fourteenth Amendment states ""nor shall any State deprive any person of life, liberty, or property, without due process of law . . . "" meaning the gov't has to use sufficiently clear and fair procedures to lawfully take these away. Because a woman has sex is not a sufficient justification to deprive women of their liberty in this matter. Mr. Justice Harlan once wrote: ""[T]he full scope of the liberty guaranteed by the Due Process Clause cannot be found in or limited by the precise terms of the specific guarantees elsewhere provided in the Constitution. This `liberty' is not a series of isolated points pricked out in terms of the taking of property; the freedom of speech, press, and religion; the right to keep and bear arms; the freedom from unreasonable searches and seizures; and so on. It is a rational continuum which, broadly speaking, includes a freedom from all substantial arbitrary impositions and purposeless restraints . . . and which also recognizes, what a reasonable and sensitive judgment must, that certain interests require particularly careful scrutiny of the state needs asserted to justify their abridgment."" Justice Potter Stewart, a judge on the Roe v Wade case said in his concurring opinon: ""Several decisions of this Court make clear that freedom of personal choice in matters of marriage and family life is one of the liberties protected by the Due Process Clause of the Fourteenth Amendment. . . . As recently as last Term, in Eisenstadt v. Baird, 405 U. S. 438, 453, we recognized ""the right of the individual, married or single, to b ...",False? I dont think so... A privilege is not a right...??? all those were true The Supreme Court is the supreme law of the land. WHOAH....no it is not...the Constitution is. Harlan making stuff up again...the Halo of the amendments...I believe the amendments were made to do just what they say. There is no hidden meaning behind them that can be applied to something else....An example I heard today was that when women wanted the right to vote they wanted the 19th amendment...they didnt want judges to find it in the constitution because it is not in there (at the time).,0.875,0.87,0.845,-0.0050000000000000044,-0.030000000000000027
4F-REPLY-003,4Forums,reply,abortion,abortion Why I'm against abortion...,"If it actually did then your side would be screwed…the majority finds a right to kill a fetus including yourself. Ultimately, the question comes back to several things and many are far too complicated for you to understand. Outside your imagination when did I ever avoid such a question? So far it is you who has avoided addressing the stark incompetence of the pro-life movement. Sure there is. A conditional pro-lifer/pro-choicer is one who accidentally aligns him or herself to one movement or the other over confusion or ignorance. However they do not follow suit with the movement’s ideology. Sure they can. The American Life League gave George W Bush the boot in 2001 over the stem cell issue. In fact many pro-lifers don’t even accept him as pro-life. McCain proved this back in 2000 under the primaries. Bush is far too supportive of abortion rights to be considered so. But don’t worry…you can continue to pretend being pro-life all you want. After all it only serves to humiliate people on your side. So what is so biased and inaccurate about them? Angelic? No but it could be seen that way in comparison to the pro-life movement. If reality just happens to demonize the pro-life movement then that isn’t my problem. It appears to be more of your problem…no matter how ridiculous you think it is. Yeah and you don’t follow either of the two. Proof of this would be where? On the other hand the pro-life movement is so out of touch with not only women but also Americans. By the early to mid 1990s there were female pro-lifers screaming that the previous firebrand rhetoric of the movement w ...","You've failed to prove any 'incompetence' of the pro-life movement. All you've been able to do is offer your conjectural opinions, which are so steeped in feminist bitterness they are hard to take seriously. Like I said earlier, I actually feel sorry for you. You'll have to do better than feminist bitterness and rage. Again, your idea that 'pro-life' and 'pro-choice' are soundly defined is ridiculous. There is no step-by-step criteria to be ""pro-life"" or ""pro-choice."" People just identify with the one they feel best describes them. I don't know how many times you have to hear it for it to sink in, but people can be pro-life and and still be for abortion in some cases (such as when the woman's life is in danger and very early in the pregnancy, as I hold to). LOL!!! You don't know much about this issue if you think one lobbying organization defines the pro-life movement and could kick out it's members. People can't be kicked out of an ideology. What you are claiming is just as silly as someone saying that Planned Parenthood could kick someone out of the pro-choice movement. Come back to reality. So? He's still pro-life regardless of what one organization says he is, because that's what he identifies with. No one leads either the pro-life or pro-choice movement. Everything you offered is mere opinion. You showed no proof of anything you said. The only ones demonizing the pro-life movement are the ones who hate it and it's members, which includes you. At one time your movement was unified and would not even consider being open-minded enough to stopping late-term abortions. Now ...",0.9249999999999999,0.87,0.855,-0.05499999999999994,-0.06999999999999995
4F-REPLY-004,4Forums,reply,abortion,abortion life,"More than likely, Cloe is a Bush Pro-Lifer. They support the death penalty. Just look what he's done in Iraq, and wants to do in Iran.",I dont get how you dont support the death penalty but support abortion against the most innocent among all of us..,0.7150000000000001,0.41000000000000003,0.6,-0.30500000000000005,-0.1150000000000001
4F-REPLY-005,4Forums,reply,abortion,abortion 13yr Old Girl wants abortion,"I am not trying to belittle you, far from it.......I am not calling you sad.......I think its sad that millions of babies have to die....I commend you for carrying your baby to term but you avoided my question........How about the baby? Doesn't he or she have any rights? Why does he or she have to pay for the mistakes of their mother? The legal right you talked about is a law made by liberals who do not care about human life...... It is a horrible law that hopefully sometime in the near future will be overturned.....I think the law of God takes precedence......... God bless you for having your baby and raising it the way all mothers should.........","Well the rights of a living woman should always come before that of a fetus. The unborn should never have rights above and beyond the woman carrying it. Being that it is part of her body, it should be her choice. You can cry about the thousands of unborn babies, but i can guaruntee you not everyone does. I am concerned with the living, and considering this girl has no family and no one to turn to, considering that her young age and god knows WHO the father is and if he forced her into sex or took advantage of her, i think it is well within her limits to decided if she wants to end this pregnancy or carry it to term (either for herself or adoption). And i think most of of are pretty tired of hearing the adoption angle, sure babies are always in demand. Young healthy white ones that is. Just because some family wants a baby, doesn't mean you should force a woman to carry to term a child she doesn't want, only to have her give it away. What right do YOU have to tell a woman to go through a pregnancy, which is difficult if not sometimes dangerous, especially teen mothers? If someone wants a child, there are THOUSANDS of children sitting in foster homes RIGHT NOW. We should never force woman to carry pregnancy to terms just because someone else might want it, get real. Pregnancy should never be a punishment, nor should we force people to go through it just because we disagree with their choices. Some people do everything right and get pregnant, some people do everything wrong. ABortion is a personal decision, and a hard one. I don't think it is ANY of your busines why a woman mi ...",0.8999999999999998,0.8899999999999999,0.84,-0.009999999999999898,-0.05999999999999983
4F-REPLY-006,4Forums,reply,abortion,abortion A Christian Can't support Abortion,"It appears what you said, Linus, was answered by others so I will only respond to the following... We weren't talking about my thinking now were we. I am asking if you believe that the constitution says the word abortion? You claim the Bible never talks about abortion and therefore you can't say God thinks it is wrong. Well using that logic you would say that banning abortion is not unconstitutional because it never mentions the word abortion. Is this what you think?","Linus, don't forget about my post here. I know things can get a bit messy on these boards and it is easy to miss something.",0.030000000000000002,0.009999999999999998,0.03,-0.020000000000000004,-3.469446951953614e-18
4F-REPLY-007,4Forums,reply,abortion,abortion A Christian Can't support Abortion,"I am really trying to understand how a true believer in Jesus Christ could believe that the murder of and innocent defenseless baby in the womb is ok.......40,000,000 since Rowe V Wade was enacted in 1972........ There is just no way my liberal friends can rationalize this horrific act on their fellow human beings unless the mother's life is endangered or possibly in the case of rape and incest..........","True believer yes...they couldn't believe abortion is ok. Jitobear: In that case cone was right..Hunter is hurting the case for pro-life. Also, jitobear, did you say that you would be ok if they only limited abortion to death of mother, rape, incest...those extreme cases? I can't remember.",0.11,0.1,0.09,-0.009999999999999995,-0.020000000000000004
4F-REPLY-008,4Forums,reply,abortion,abortion An argument lacking sufficient justification?,"Are you trying to tell me that there is another city in America that is more liberal than Memphis, Tenn.? Memphis is completely over-run with liberal vermin. It is so bad here that I have proposed a new law which would allow the hunting of liberals with dogs. No bag limit. BTW, the rest of Tenn. is mostly conservative, God fearing folks. One liberal-one ??????",Howdy from a fellow Tennesseean.,0.035,0.02,0.030000000000000002,-0.015000000000000003,-0.005000000000000001
4F-REPLY-009,4Forums,reply,abortion,abortion Abortion is the reason Europe is turning Arab,"Ah. Yes - it is true that the rates are high in Eastern Europe, but recent also show that Eastern Europe has had the greatest decrease in abortions int the world in recent years - I think that is good. (I have these things in my head as I have been reading abortion stats a lot lately in arguing with ArchAngel.)","Decreased from what to what? I'm not impressed by a drop from 200/100 live births to 105/100, are you?",0.71,0.72,0.64,0.010000000000000009,-0.06999999999999995
4F-REPLY-010,4Forums,reply,abortion,abortion What Happens to the Life Ended by Abortion,"Perhaps not demonizing them, if castigating women who choose to abort as selfish or immoral is not demonizing. But, favoring fertilized eggs, embryos and fetuses over women certainly reduces greatly the humanity of the female sex.","What you don't seem to understand is that we would have far more women in the world today if it weren't for abortion. There are far less women in the world today because of it than there would be women as mothers who would die or are seriously injured in childbirth. So in that sense, abortion is very anti-woman. It's anti-humanity.",0.78,0.7799999999999999,0.78,-1.1102230246251565e-16,0.0
4F-REPLY-011,4Forums,reply,abortion,abortion Slavery and Abortion,"How can this be in your view when you say that ""fetuses"" dont exist?? How can it be agecide if they arent an age yet?","Considering I never said that you're lying. If you believe you're not a liar, please show me where I said fetuses don't exist. I dare you. In fact I dare you so much I have a little reward here: if you can prove I said fetuses don't exist I'll praise you as being right all of the time. emoticonXGood Well considering I never said what you fabricated, you're asking the wrong person. Perhaps you have confused me with someone else. Fetuses do exist. All existing cells have age. Since fetuses are at least several hundred billion cells, they must have age. You are most likely thinking of Shooter who said that fetusus don't in the context of sentience and slaves.",0.894,0.865,0.87,-0.029000000000000026,-0.02400000000000002
4F-REPLY-012,4Forums,reply,abortion,abortion life,"Chloe, Of course I support life in all its stages. Human beings have inherent dignity and value at all stages of their lives. Then you must, of course, oppose the death penalty as fervently as you do abortion. Why haven't we seen you hold forth on this topic? Just thought I would ask.emoticonXSmilie","More than likely, Cloe is a Bush Pro-Lifer. They support the death penalty. Just look what he's done in Iraq, and wants to do in Iran.",0.121,0.23,0.485,0.10900000000000001,0.364
4F-REPLY-013,4Forums,reply,abortion,abortion Horton Hears a Who,"Christina_Castl: When you call abortion murder, do you consider abortion murder at all stages of a pregnancy or only in late term? Assuming that you consider all abortion murder - since the great majority of abortions are performed in the first trimester of pregnancy, what exactly is it that you would think is being murdered? You might call it a ""baby"" at that stage but what do you think that embryo is at that moment? Do you think it thinks, feels, senses perceptions, feels pain? What specifically is it about what that embryo actually IS that draws your sympathy? Is it only the knowledge of what it will BECOME - i.e. one of us - or is there some aspect of what the embryo is at that early stage that draws your sympathy? Here, I am trying to distinguish between any value you might place on the embryo due to its potential vs value you place on the embryo for what it actually is at that point in its development (its present, as opposed to its future). Most pro-life arguements seem to revolve around the embryo's potential. Many if not most on the pro-choice side also value potential but not as much as we value the mother's rights over her own body, so arguements purely about potential largely fall on deaf ears. The pro-life arguement would be more effective in convincing people if genuine reasons were presented for valuing embryos for what they are at that particular state of development. As an example, many on the pro-choice side, including myself, value late term fetuses since they can have the beginnings of a mental existence of some sort so that there is ""somebody home"" in t ...","I suppose I would call abortion murder after 12 weeks. I myself have taken the morning after pill. I think on my own behalf I did not know what the procedure of an abortion even consisted of untill I watched some vidioes. It is the images that haunt me. I am not much of a debater, I have never really paid attention to these things untill now. I know a couple of people who have had abortions and never paid attention.",0.14500000000000002,0.205,0.23,0.05999999999999997,0.08499999999999999
4F-REPLY-014,4Forums,reply,abortion,abortion Why I am pro-choice,"I meant risk of harm or other negative things to your current children. Perhaps birth control would be wise.....either way, you still haven't had an abortion. It prevents the being from existing anymore...thats for sure. Killing a 40yr old male makes them not alive as well. No, the myth that you need sex in order to maintain a relationship needs to go. It is only nesscary if you make it such. Even if you do choose to have sex, perhaps one should accept the consequences of their actions prior to going at it. If abortion were illegal what would you do then? You would have to make a choice between not having sex or risking sex and having a few episodes. It is also interesting to see that this all evolves around you as opposed to the other party involved (that being the child inside). This once again reinforces what I said in another post about the fatal flaw of pro-choice is that it is all selfish. That wasn't the question....if there is a 1 in a million chance (not that it is) that you might have an episode due to getting pregenant then is that worth the risk or having sex? It seems you think so...so why is adding risk to your daughters health ok?","I know Steve has me blocked - but so much of what he says is so out in right field I have to respond. First of all depression and anxiety aren't psychoses. Secondly, regarding his comment she should use birth control - I believe that Somnolence has already stated that utilizes birth control and that her chances of getting pregnant are pretty slim. Plus I would like to punch him in the nose for calling her selfish. She has taken precations, is obviously doing all she can to preserve her mental and physical health and is raising a child. However, having a healthy and supportive romantic and sexual relationship makes her selfish because her physical and mental health can't support a pregnancy? Stories like this are what keep me pro-choice - and make it hard for me to believe that most lifers view women (pregnanct ones at least) as anything that resemble people. I have rarely been so disgusted with a poster.",0.8909999999999999,0.885,0.835,-0.005999999999999894,-0.05599999999999994
4F-REPLY-015,4Forums,reply,abortion,abortion Population Control?,"Can you imagine what the U.S. population would be without abortion? Who will take care of all these children when the potential parent cannot? Abortion Statistics - U.S. * Approximately 1,370,000 abortions occur annually in the U.S. according to the Alan Guttmacher Institute. * In 2001, 1.31 million abortions took place. * 88% of abortions occur during the first 6 to 12 weeks of pregnancy. * 60% of abortions are performed on women who already have one or more children. * 47% of abortions are performed on women who have already had one or more abortions. * 43% of women will have had at least one abortion by the time they are 45 years old. **information obtained from http://womensissues.about.com","The idea of abortion as population control is absurd, especially forced abortions as someone mentioned a few posts ago. Anyone who has read a biology book knows the world has methods of population control on its own, we don't need to be doing stuff like that ourselves. This stat sounds more than a bit inflated. Seeing as it comes from a website called ""women's issues"" it is probably not all that credible.",0.849,0.82,0.775,-0.029000000000000026,-0.07399999999999995
4F-REPLY-016,4Forums,reply,abortion,abortion Abortion right or worng?,"It is not a surprise that you consistently insult me, and fail to debate as an adult. I can see ever more clearly that abortion and domestic violence have a direct correlation, your own actions as an abortion activist are evidence, it comes across in your overtones. However, your comments again, have only demonstrated that the predicament of the unwanted unborn is much like that of black Americans.","It is hypocracy in the extreme for you to say that I am failing to debate as an adult. You constantly misrepresent my post and the post of others and rarely answer direct question - the hallmark of an irresponsible poster. Since you have consistently misrepresented almost all of my posts and rarely respond directly to a question of mine, I am left with one of a few choices: 1. You are doing it deliberately 2. You are doing it because you have poor reading comprehension and/or logic It is extremely frustrating to have one's posts constantly misrepresented, which is why there is a rule against it on this forum. You are one of the first posters whose constant misrepresentation of my post and avoidance of answering questions directly has made me lose patience. Also, if I have been rude at all, that is also a response to your rudeness. You are far from being a respectful poster. Any comments of mine were in direct response to your irresponsible actions as a debater. In this world, people are judged by their words and actions. When people act badly, they are called on it. Do you think you are above judgment? Once again, you have failed to address the points in my comments. The reason is obvious - you have no logical arguement against those points.",0.8789999999999999,0.885,0.7949999999999999,0.006000000000000116,-0.08399999999999996
4F-REPLY-017,4Forums,reply,abortion,abortion the two arguments,"I was merely trying to help some people here ""think outside the box."" Our conventional way of thinking is that either the fetus dies and the mother lives, or both live. My point was that people tend to think that we have to find some balance between letting the mother have ""all her rights"" and killing the child, or letting the child live and taking some of the mother's rights. Their problem is that there is no ""between ground"" for these two choices. However, the concept of killing a child for an arguably unnatural ""right"" of the mother can be just as bizarre as the concept of killing the mother for an unnatural ""right"" of the child: the right to exist without a rejecting mother. So, in a land we can only presently imagine, mothers might be killed for attempting to abort (only after being forced to see the pregnancy through). It is simply illustrating the opposite of killing the fetus and allowing the mother to live. Killing the mother and allowing the fetus to live is a third option that society could choose to implement, and many people never even think of it because it seems so bizarre to those living in pro-abortion countries. Conclusively, the in-between ground would be allowing both to live, because neither of the other two options really make intuitive or logical sense.","This is not a law, however. No legislation is created, it is merely an interpretation of an already existing law (the Constitution), and no matter the interpretation it would apply to all who the Constitution affects. This is hardly the imposition you suggest. I notice you did not respond to me pointing out outlawing abortion would be a literal imposition of law. The pro-life stance contends that the fetus has a right to life, while the woman has a right to freedom. These conflict in the case of abortion, so who would resolve this issue? This is not my stance, it is simple fact. Blacks didn't ""become"" eligible, they are eligible by the definition of eligibility. This was modified by an amendment, if I remember correctly, defining them as less than a person. I had given one to you myself. Did you not understand it? Here is the example expanded: You know that you have a chance to get hit by a bus when you cross the street. Taking a step out into the street is tacit acknowledgement that you may indeed be hit. You can take steps to avoid being hit, being careful and the like, but the fact remains that you may be hit by the bus each and every time you cross the street. And, since you acknowledge that this is a possibility, you should not recieve medical attention since you need to accept the consequences of your actions, isn't that right? How about this: Lets say you got smashed, walked home and unlocked your door. Being smashed, you don't realize that you left your keys in your door; in fact you left your door ajar! A burglar comes into your house, since you basically invited h ...",0.7799999999999999,0.19999999999999998,0.6499999999999999,-0.58,-0.13
4F-REPLY-018,4Forums,reply,abortion,abortion Why I'm against abortion...,"The Constitution guarantees a right to privacy, and this is one of the most private decisions a woman can make. It guarantees against illegal search and seizure. It implies bodily autonomy. The Constitution also has ""Substantive"" rights, which are those general rights that reserve to the individual the power to possess or to do certain things, despite the government’s desire to the contrary. These are rights like freedom of speech and religion. ""Procedural"" rights are special rights that, instead, dictate how the government can lawfully go about taking away a person’s freedom or property or life, when the law otherwise gives them the power to do so. The Due Process Clause of the Fourteenth Amendment states ""nor shall any State deprive any person of life, liberty, or property, without due process of law . . . "" meaning the gov't has to use sufficiently clear and fair procedures to lawfully take these away. Because a woman has sex is not a sufficient justification to deprive women of their liberty in this matter.","Reducing the issue of abortion to privacy is an over-simplification. There is a difference between arguing that the privacy of an act is ensured, and arguing for the act itself.",0.825,0.7849999999999999,0.725,-0.040000000000000036,-0.09999999999999998
4F-REPLY-019,4Forums,reply,abortion,abortion Why I'm against abortion...,"She should take responsibility for the consequences of being a willing participant in having sex, ""and pregnancy is one of those potential consequences"". You said pregnancy is only ""one of those potential consequences"" from willing sex that a person should take responsibility for. You are saying the only way she can take responsibility is to accept being pregnant, if that consequence happens. What other consequences resulting from willing sex, should one have to simply live with?","STDs are also a potential consequence and many aren't curable, as you well know.",0.10500000000000001,0.11000000000000001,0.10500000000000001,0.0050000000000000044,0.0
4F-REPLY-020,4Forums,reply,abortion,abortion Population Control?,I think he is referring to us going back to eugenics..It wasn't really accepted when it first happened but it seems we might be heading that way as society feels the need to rank humans.,"You would have a point if it were a gov't run program deciding who lives and who dies, but this is not the case. It would be closer to what you say if there was a national ban on abortion, imo. Society is not deciding who lives and who dies, Steve. In fact, it is the opposite.",0.85,0.855,0.7949999999999999,0.0050000000000000044,-0.05500000000000005
4F-REPLY-021,4Forums,reply,abortion,abortion A Christian Can't support Abortion,"So I guess we can only debate about Marxism through Marxist literature then. In which case no one can debate that it fails because it states Marxism works. Sorry, you can't pigeonhole it. I'll condemn your god as it is through all means I find necessary. "" Not here to convince you of anything. I am just pointing out to a metaphorical ship wreck and watching the rats escape over board.","It has been a harsh day but Linus made me laugh... This was a link Linus posted as evidence for his claims I guess if a GEOCITIES website says it, it must be true. I guess the viewers will be the judge...The Phd website that I posted or the Geocities website Linus posted emoticonXRolleyes",0.24000000000000002,0.27,0.16,0.03,-0.08000000000000002
4F-REPLY-022,4Forums,reply,abortion,abortion A Christian Can't support Abortion,"They're already talking political smack in the churches. Every election you see Clinton or Jessee Jackson or somebody in a black church saying the Republicans are going to burn down their churches and kill their kids, and other lies like that. When have you ever raised Cain about that?",emoticonXBanghead What the hell do you think I have been doing this whole time?,0.4800000000000001,0.6349999999999999,0.525,0.1549999999999998,0.04499999999999993
4F-REPLY-023,4Forums,reply,abortion,abortion Is there any reason for abortion to be okay?,I guess I'm not going to get an answer from CountryGirl. Maybe she doesn't know why she believes as she does.,She only posts like once every 3 months it seems...so it makes the conservation awkward.,0.38,0.335,0.24000000000000002,-0.044999999999999984,-0.13999999999999999
4F-REPLY-024,4Forums,reply,abortion,abortion Abortion right or worng?,Read post 324.,"From that post: And we go 'round and 'round, because you cannot, and have not proved this statement, and thus your equation that abortion = genocide is not shown to be true.",0.75,0.7899999999999999,0.6049999999999999,0.039999999999999925,-0.14500000000000013
4F-REPLY-025,4Forums,reply,abortion,abortion Why I'm against abortion...,"If it's with pro-life people, I highly doubt that. No doctor I have ever talked to has ever refered to another as an ""abortionist"". ... That does not answer what I said. What I view the baby as is immaterial to my argument. Er... he can still be (and is) closeminded even if he takes a moral stance. You may call him moral, and certainly I can call his a moral stance, but he is still closeminded. That has nothing to do with what I said. I'm glad you agree that banning abortion force women to give birth against their will. I'm saddened and disgusted that you are for that. I don't dispute that, but obviously I think you are morally wrong to do so. lol, that couldn't be farther from the truth. My principles do not allow me to ban abortion. My principles are grounded in respect for other people. Pragmatism would be similar to your goals, that of 'the end justifies the means'. Agreed, that is why I said that children don't have a firm grasp of the world. They don't empathize with others, generally. Children are very self-centered, generally.","This has not been my experience with children at all. (And I have 3 of them!) Oftentimes children I've seen were more empathetic than many, many adults I've seen.",0.7999999999999999,0.745,0.7899999999999999,-0.05499999999999994,-0.010000000000000009
4F-REPLY-026,4Forums,reply,abortion,abortion How Abortion Should Be Dealt With?,Indeed it is. You seem to think that a pregnant's woman's needs are pretty minimal. Not dieing - maybe good health. Is that all you need? I am pleased to see that you have upped it to all kinds of health needs and not just whether she will die. I AGREE and have been advocating as much since forever. But society has not done this - if they had I don't believe abortion would be nearly as prevalant. Wow - that's pretty arrogant since the above remains a gap and you can not possibly know the circumstances of every woman out there. And of couse you have to go back to trivializing women and their lives. They are about needs. Its just that so many lifers see pregnant women as either pregnant or dead - there is no other reality in their life that really needs to be considered.,"How is being comfortable a ""need""? I'm talking about abortion for convenience/comfort. That's a poor reason to not strive toward getting society to do so. I'm not talking about every circumstance. I already told you, I'm ok with early term abortions, and in cases where the life and health of the mother is at stake. I agree--many lifers do that, just as so many choicers see an unborn baby as just tissue rather than something with real value. Both sides could stand to learn.",0.595,0.505,0.645,-0.08999999999999997,0.050000000000000044
4F-REPLY-027,4Forums,reply,abortion,"abortion ""They are endowed by their creator with certain inailienable rights...""","Hey I am pro-choice and believe that life begins at conception. However - that doesn't mean that Jim, Chloe, or Wubya the Monkey get to make blanket decisions for total strangers without their input and without regard to their circumstances. There are simply better ways to address abortion than stepping on the rights and privacy of pregnant women, strapping down their options, demonizing them for their sexuality and trivializing everything they are facing.",If you believe that life begins at conception and you also support abortion then how do you justify abortion? Mercy killings? emoticonXConfused,0.6499999999999999,0.59,0.625,-0.05999999999999994,-0.02499999999999991
4F-REPLY-028,4Forums,reply,abortion,abortion And now for a story that you will NOT hear at most media outlets,"This is not only an infintile response but also ridiculous and irrational. She has PARENTS for just such decisions. Parents who's job it is to guide and protect her from the stress and dangers of making such decisions alone. You obviously don't have children right ? Because your logic is that of a child also. According to the law and common sense she is below the age of accountability so to condone her to bypass informing her parents is to admit that the State is more responsible and a better guide than the Parents who bore her. Is that what you believe and are endorsing ? That the State have ultimate oversight over our children ? But they aren't even at the age of personal accountability yet. They can't legally make any adult decisions by themselves. What you are endorsing is cutting mom and dad out of the process and giving the ultimate authority to the State/strangers who have no long term personal interest in that girs emotional or personal welfare. How do you justify that stance ? So what you're saying is if a 13 year young teen girl is so sexually active that she is contracting STDs, your solution is to allow her to get medical attention without her parents being informed so she can fix the problem and continue in her obviously sexually promiscuous lifestyle uninterupted by parents who could and would intervene at that point and correct their daughters very dangerous personal sexual activities. Is it any wonder why sexual promiscuity is at an all time high with adults like you around as guides who don't have the common sense of an adolescent.","Archangel, once the girl is pregnant there are two choices: continue or abort. No action on the part of the parents will shield her from the stress and dangers of the situation. No matter what decision she makes she will be faced with stress and danger. We no longer have the luxery of simply stuffing the cat back into the bag. As unfortunate as it may be, she must make some adult decisions, even if it is to continue the pregnancy. Unless, of course, you wish to suggest that parents may choose to terminate their child's pregnancy. The State did not allow or prevent her pregnancy, nor is the State requiring her to abort or continue the pregnancy. They are providing services that are considered essential to both reproductive and general health. Whether or not the girl is emotionally mature, she is physically capable and thus there is every justification to allow access to services that maintain and treat problems with her systems that she can physically use. Those problems do not wait until she is emotionally mature enough to handle them. Yet parents do not own their children's bodies. They cannot require their teenage children give blood or give organs. In matters regarding as fundamental a freedom as bodily integrity, pregnancy and reproductive health parents do not and should not have ultimate authority. Your question is erroneous because it is not the State that has authority over the girl, it is the girl who has some authority over herself. While it is the parent's responsibility to teach their children common sense, it is not part of the powers of parents to use an illne ...",0.895,0.895,0.895,0.0,0.0
4F-REPLY-029,4Forums,reply,abortion,abortion Does a Flower Pot deserve rights?,"I've tried that, and you're fairly new here. Sad that it has to come down to flower pots and star trek, but its really the only way I can get my point across, so I had to use something universally accepted as something that doesn't deserve rights, such as a flower pot. I agree. It is the beginning. Not a human life, at least not yet. Where did you get this idea? Can you back this up anywhere? It seems that the basis of rights is intelligence. Plants don't share the same rights as animals. Animals don't share the same right as humans (human humans, not embryos). I cannot legally vote. The mentally ill cannot legally drive. And embryo cannot overpower a woman's body. In that case, you better start having sex right now, because every moment you're not, you're denying a human a right to exist. See above. My sperm can become a human, but masturbation isn't illegal. Its not illegal for girls (or women) to have periods. I still don't understand your logic here. She did. That such a coincidence, because she did watch a lot of star trek with my dad while she was pregnant. And I mean, A LOT. And here's an example why our culture has not embraced logic yet. What if your parents had a headache when they were going to have sex and decided not to and you weren't concieved? Think about all the things you enjoy now, they would've never happened if your parents had a headache and decided not to have sex. If they did decide to abort me, it would've been before I existed. You can only legally abort in the first and second trimester, and that was before I existed. ""I"" came to exist somewhere i ...","The question is not whether a flower pot deserves rights, the question is whether it actually has rights. And I can definitively say that a flower pot does not have rights. It does not have rights because of what it is (a flower pot) not because of what it does not have (mental existence). Beam me up Scotty!",0.635,0.5700000000000001,0.67,-0.06499999999999995,0.03500000000000003
4F-REPLY-030,4Forums,reply,abortion,abortion A New Standard??,"Have you deceived yourself into thinking you have established a humane and objective position in the treatment of human life? What good is empathy if it is not merciful enough, caring enough, encompassing enough to embrace the most vulnerable, most innocent, most helpless, most weak of human life? I believe your empathy to be as rudimentary as the youngsters' if it cannot embrace a fetus weeks earlier than a line of conjecture drawn at the 3rd trimester. Your position is based on how you wish others to treat you? How would it feel to be chemically burned to death or violently torn apart? Rudimentary indeed. I have read that a fetus has brain waves at 40 days. It experiences REM sleep (when we have dreams) at 17 weeks. It often responds to sounds and the mother's voice in the womb. So how do you know when a mental existence begins? If you are wrong, is it worth millions dying? 2 year olds definitely have a mental existence. My doubt is that they can feel true empathy at that point. They most often mimic what an adult does without having a true idea of what they are doing. So if they pat their sad friend or family on the back when they are crying it is because they model what others do or someone told them to do it. It can be seen when they play with a baby doll and they cradle it, care for it, and then all of a sudden throw it on the ground as part of their play--they don't have a true sense of empathy and can't feel what it would have been like to be a real baby thrown on the ground. So if empathy is your criterion then I think you must move your line of protection of life ...","And why not? The mother is a human life also, entitled to her rights. You can't just yank them away from her on the basis that an embryo is weak or ""helpless"". It is illegal to chemically burn people. ""He"" didn't exist untill somewhere around the third trimester. The embryo was just his body, not him. If the embryo was disposed of that does not mean that ""he"" or any people were, because there was no person inside of the embryo. How can you hold us accountable if we do not have sufficient informations to form a logical hypothesis? A two year old is without doubt a person. A human being with mental existence. An embryo is not a two year old.",0.875,0.7249999999999999,0.815,-0.15000000000000013,-0.06000000000000005
4F-REPLY-031,4Forums,reply,abortion,abortion Why I am pro-choice,"You are the one that wanted to have a lower risk. No post-abortive psychosis...first of all, their very well may be. Depression and other anxiety disorders can happen after an abortion...secondly, you said that pregnancy is what caused the problem in the first place. You have be pregenant in order to have an abortion....so while you may shorten the time you will be having these ""episodes"" you still may have them before you even realize your pregenant. Maybe they are only late term though. Finally, where did I say the possibility of a fetus has more of a right? A non-existence being can't have a right...once the being is created is when the rights begin. The being is created well before the being is a fetus and at that point their is no ""possibility""...not having sex only prevents something from happening since you seem to be about preventing things. So is your relationship all about sex? If so you might want to rethink things. Besides isn't your daughter important enough to not risk the ""1 in a million"" chance that you might have another episode....or do you think the 1 in a million thing only applies to pregnancy?","Nope. The title of this post is ""why I am pro-choice."" I'm satisfyed with the risk level of pregnancy I am currently at. It's under PL philosophy that I have no real acceptable options. I don't consider celibacy to be an acceptable option. I've had two first trimester miscarriages, one of which I had to have D&C, and there were no psychotic episodes after either. Having an abortion prevents it from happening as well. Is yours? Sex is generally part of a healthy romantic relationship. Abstaining from sex voluntarily (meaning there is no physical reason that sex cannot take place) and indefinately within such a relationship is rarely healthy for that relationship. Yes, my daughter is worth the one in a million chance that I may require an early term abortion. I'm not the one who has a problem with abortion.You are.",0.91,0.825,0.835,-0.08500000000000008,-0.07500000000000007
4F-REPLY-032,4Forums,reply,abortion,abortion the two arguments,"I gave you the reason laws exist. There is a need for standard rules for us to live in a community, and laws are those rules. They are based on what allow us to live together without interfering with one another. If, for example, you find its ideals contradictory. If, for example, something about just ""doesn't make sense"". If, for example, you have found other ideals that perform the function that the Constitution attempts better. There are probably others that I cannot think of. How about you end the dance and tell me how you find it faulty. Forced upon? Do you mean those who break it, or everyone who is a part of the community? There must be a general consensus that the law is fair and a general agreement to enforce the law (this is what I mean by belief), so law is not forced on the general community, and the general welfare is the reason for the law. The logic is in the creation itself. I see. Anytime. The birth control pill exists because women cannot control their fertility. If a woman has sex, she has no control over whether or not she becomes pregnant by it. Consenting to sex is consenting to sex, it is consenting to nothing else. Besides, you are absolutely incorrect, abortion is an option when she is pregnant. Thank you for admitting that you were incorrect and a pregnant woman does not have the myriad of options you claimed existed.","I mean to everyone who is part of the community. If the law is forced upon all in the community, against there will, then do you believe that the law ought to exist? Yet again you will not tell me. But then, later on, you let it slip: Let's look at arguably the most important part of the Constitution: We the People of the United States, in Order to form a more perfect Union, establish Justice, insure domestic Tranquility, provide for the common defence, promote the general Welfare, and secure the Blessings of Liberty to ourselves and our Posterity, do ordain and establish this Constitution for the United States of America. So finally, the set of principles that the Constitution falls upon reveal themselves. And I'm glad you agree. Now that we have a set of chief principles to rely on, we don't even need to think about what is moral or not. For our purposes, these principles ARE what we might call our ""legal morals."" In any case, all law should certainly support them. Now, back to me finding the Constitution faulty. The fact of the matter is that I do not find the Constitution itself at fault, but in some cases I find fault with those who apply it to specifics. In essence, the fault lies where its principles are not adhered to. Now that we agree that the general welfare is our primary concern, we need to find out whether or not a fetus’ ought to be incorporated into that welfare. This analysis ought not include other lawmaker’s interpretation of the Constitution, because we already know that they can make mistakes and fail to properly adhere to its principles. In order to de ...",0.625,0.5650000000000001,0.59,-0.05999999999999994,-0.03500000000000003
4F-REPLY-033,4Forums,reply,abortion,abortion A Christian Can't support Abortion,"Even if the Bible Study website told to you that abortion was okay and the geocities did not? Hey, you are the one who implied it. You said any day. Once again you are dodging facts by attacking the source. Are you so horribly intimidated by a geocities website that you dodge the content of the site? Sad. No, you and your movement are the joke. You made a claim that can’t even support fifteen pages later. Your claims are ridiculous. The majority of Christians in the USA believe abortion is a right or believe it should be allowed in only a few circumstances. So does that mean only a few Christians reside here in America then? Last time I checked only about 5-9% of Americans are absolutely opposed to abortion so I guess 9/10 Christians are false. Apparently George W Bush and over 90% of republicans are not Christian anymore because you said so. Keep it up, you are defeating yourself with your own logic. By the time you are done shunning heretics within your own religion on the abortion issue alone, Christianity would be a tiny, irrelevant faith left on the footnotes of modern history. A great way to turn people away from Christianity. Aren’t you the same guy who claimed I said abortion was okay because the Bible is silent on it and yet never proved I said it? So what if someone with a Phd made a website on geocities…then what? Are they no longer credible? And what makes a geocities website less credible then a regular website? Is it because someone felt like forking over money to pay for web space and the other didn’t? Or is it because the creator of the website knew HTML scr ...","Depends on whose figures you use. Most say the opposite of what you think from what I gather. Activist judges on both sides (appointed by whomever president is currently capable of pushing one into a life seating) will say different things on this matter. ""Today, we have people with Phds that claim the world is flat."" The American Medical Association says a lot of things at times that later turn out to be countridicted. Seems the actual determination on whether abortion is right or wrong falls upon the 'Because I say so' line of belief. Of course, since some can't think for themselves, they'll turn to another source. Well, we can always use the logic you tend to apply. As a non christian fairly well schooled in the bible, as has been said, the easiest interpretation of the bible states it's opposed to abortion. The bible supposedly being the word of God hisself and all. That aside, many people choose to intrepret all sorts of things in it to get what ever they desire. From those who desire bible approved homosexual relations to abortion approval to mass murdering popes killing the heretics. So what? Yeah. She can also claim to be a man or a martian. If she quacks, she can even say she's a duck. Heck, look at christianity. You have these protestors in various shades and even catholic division that's barely stiffled at times by the uppers putting some smack down. Now, if you'll excuse me, God has given me instructions on filling a paper bag with dog doo and setting it on fire on my neighbors doorsteps. These instructions come from an extensive amount of research nd subjective ...",0.6320000000000001,0.7500000000000001,0.7399999999999999,0.118,0.10799999999999976
4F-REPLY-034,4Forums,reply,evolution,evolution The Great American Fossil Hoax,"It's creationist, not creationsist... Common sense? Sorry that there are people out there that don't have a Bachelor's degree and what not like me...","Maybe you should listen more to the folks who DO have Bachelor's degrees (myself for one - almost a Masters, which I'll get this spring).",0.41700000000000004,0.515,0.5,0.09799999999999998,0.08299999999999996
4F-REPLY-035,4Forums,reply,evolution,evolution Big Bang? LOL. You CANT be serious!,"First of all, are you so inept as to only be able to post from page 3 of a thread rather than give the link for the actual post where I made a statement about BIRDS WITH JET ENGINES COMING OUT OF THEIR BUTTS ? Instead, you are attempting to mock me for making the simple statement that bumble bees defy the laws of flight which according to this article has been widely believed by millions and has travelled the World after being started in Switzerland. Why can bumblebees fly? Published May 20th, 2007 Science I have often heard people say that bumblebees should not be able to fly. Unfortunately, no one seems to have told the bumblebees this, and these poor, uninformed creatures still buzz about, unaware of the fact that they are ‘aerodynamically incompatible with flight’. So lets think about it rationally, is the bumblebee too stupid to realize that it can’t actually fly or are the original mathematical calculations that came up with this theory of non-flight flawed? Lets go back to where this whole thing started. There was this Swiss aerodynamicist who, at some posh dinner, got talking to a biologist who started asking about the flight of bees. So the aerodynamicist scribbled the calculation on the back of a napkin, but seeing as he was at a dinner party (and therefore possibly on the tipsy side and uninterested in talking shop), he simplified it. He assumed that bees have a smooth, rigid wing, like the wing of an airplane, and he had to guess the weight and wing area of Mr Bee. Shockingly, the calculations suggested that the bee generated insufficient lift to be able to fly, ...","Your ignorance is astounding: http://www.4forums.com/political/258852-post68.html (notice you lied about me comparing them to fixed winged craft, in fact going so far as to explain the differences between fixed wing flight and everything else prior to you making the lie) Racist attacks and ignorance all in one package along with sheer and utter stupidity. How efficient of you. How bees fly has been known for quite some time. Dynamic stall - Wikipedia, the free encyclopedia Dynamic Stall, Unsteady Aerodynamics I do like Padion's statement: And interesting, that thread brings up several other ridiculously stupid things you've said. http://www.4forums.com/political/258698-post21.html Shadowpikachu pointed out that your argument for a photo of a dinosaur was just a tv prop. http://www.4forums.com/political/258726-post36.html Shadow again points out that you indeed did cite comic book art drawn on to rocks as evidence of creation. Either you were too damn lazy to read your own links, or you were trying to weasel out of another idiotic statement. Thanks, I needed to find the links to more statements proving you did exactly what I said you did. I'll bookmark that one for later reference Mr. ""Oil is not a hydrocarbon."" Still pretending you never said that one eh?",0.875,0.9249999999999999,0.9199999999999999,0.04999999999999993,0.04499999999999993
4F-REPLY-036,4Forums,reply,evolution,evolution Creation is nothing but lies,"Why would an 'all powerful , all knowing' being design a world for an ego trip? That sounds like a sever amount of anthropomorphising there.","its our human nature to go against everything God has for us. because we think were right. that gives us the immature amounts of ""ego"" in this world. too many people are so full of themselves that they dont even realize it until one day an 18 wheeler totals their 1985 porsche! God has to kick you in the butt one day and the more you walk away from him the harder he will hit to make you realize whats true. and why you ask does such a supposedly loving God do that? well simple i answered it in the question. because he loves us so much he sent his ONLY son to DIE for US. now thats going into the truth of God's word which you probably already know and dont believe. but see thats where ego comes and kicks you in the butt. you have the truth right in front of you and you think its wrong. why may i ask?",0.525,0.7499999999999999,0.63,0.22499999999999987,0.10499999999999998
4F-REPLY-037,4Forums,reply,evolution,evolution Atheism vs. Creationism,"God was, is and will always be, just as time. It's hard to grasp.",Ok... but didn't he purportedly create time? emoticonXConfused,0.558,0.5900000000000001,0.49,0.03200000000000003,-0.06800000000000006
4F-REPLY-038,4Forums,reply,evolution,evolution The Big Fallacy,"I seem to be involved in a debate within a debate here, so I'm just going to say this and then shut up. When you ask ""are things that can't be explained by science real"" - my answer would be that the nature of the ""reality"" you're talking about is a subject for philosophical enquiry. There is some support for the claim that ""subjective reality"" can be probed by psychologists, but whether psychology itself qualifies as a true science is a matter of debate.","Psychology in and of itself is a ""true"" science since it uses the scientific method. A lot of the time the practice of psychology is largely pseudo-scientific. .",0.661,0.6099999999999999,0.5900000000000001,-0.051000000000000156,-0.07099999999999995
4F-REPLY-039,4Forums,reply,evolution,evolution Other than evolution...,"To Marc, Feel free to add me to your list of 'people who won't argue with me without agreed definitions'. I'd actually quite like a debate about something like that, but as far as I can tell you want to either define evolution as atheistic before the debate starts, or you will merely start arguing that evolution is atheistic because God isn't mentioned in the theory. The latter statement is true, but the problem there is that 'atheistic' merely means that God is not required. You would argue (much like ww) that 'atheistic' means some other viewpoint (probably materialistic humanism, whatever that is) has to be involved. It'd then be an argument about definitions of words, and I can't be bothered to argue back and forth about context....","marc has no such list. In true creationist form, he is omitting important details because he doesn't like them. His list is simply ""people who will not debate me,"" period. Nevermind that obvious_child, zachvac, and I have all tried to take him up on his offer in the debate proposal forum, no less, yet we're all on his list... Then we generally don't call it ""atheistic,"" just as (to use pandion's example) plumbing is not ""atheistic."" (Here's another example: Eating doesn't require God, therefore eating is atheistic. marc eats. Therefore, marc ""is in perfect lockstep with atheists,"" or perhaps is even an atheist himself.) The best term is probably ""secular"" because these topics are religiously indifferent. Unfortunately, that word sends marc into conniption fits as well.",0.265,0.47500000000000003,0.21000000000000002,0.21000000000000002,-0.05499999999999999
4F-REPLY-040,4Forums,reply,evolution,evolution Grudgingly conceding some points,"Poking fun at someone's blind faith in the Church fathers is blasphemy? Do you worship God, or a bureaucracy? I have nothing more to add about Darwin's finches - everyone has already pretty much said everything possible. You just don't want to listen. Everyone has tried to explain why the finches are a great example of speciation in action. But you insist on playing games with definitions. You want ""species"" to be an ""either/or"" concept and try to shoe-horn reality into these igid definitions, but ignore the fact that there are varying degrees of ""species-hood"", and this is exactly what evolution would lead one to expect. Your debating tactics remind me of lawyers' arguments over semantics. This is acceptable in the law court, where it is legitimate to ask what the law actually says as well as what the facts of the case are, but in a scientific argument it just looks silly. I have no desire to debate Darwin's finches. My main purpose was to add some information on the Isaiah topic. But since you can't let it go, I will suggest you take the time to try to understand what it is that everyone else is trying to explain to you about this topic. You are not facing their actual arguments. Call me Dishonestus maritimus. I am a PhD student in mathematics. Circular and spherical are not the same thing. In plain English, circular refers to flat two dimensional shapes. Three dimensional shapes are referred to as spherical. I have never heard of a sphere refererred to as circular. The links I supplied would seem to show that the authors of Isaiah made a similar distinction. And mathemat ...","You took the Lord's name in manner that is deemed blasphemous (in a manner which, unfortunately is a common misuse of His name.) You would not want your name to become one used in such instances I'm sure. I don't expect you to respect this, I'm just pointing it out. I'm not even trying to get you to apologise (you probably don't feel the need to). But you are not showing any respect for other people's belief when you misuse the 'J' word. The fact that you don't even realise this is again an interesting point. I am concerned with what I say. No, you are not facing my argument. You are saying that Darwin's Finch is both a perfect example of one thing, and then immediately saying that you can't clearly define species to determine that Darwin's Finch is a perfect example of speciation. That simple proposition is what I am concerned with. That you are pointing out that I am working an argument on the definitions of words is in fact my specialty. I am an Arts grad. I have also done a PostGrad Cert in TESOL. I have done some legal studies, (admittedly I have not continued with them for the time being). I work in a legal environment and have done research for lawyers. I know the importance of meanings of words. For you to argue that there's evidence that proves something but the evidence is vague is a nonsense. But you won't you'll immediately jump up and say, no, it's a perfect example. This type of response will go round and round again forever. I wonder what Applied Mathematics does? But anyway, at least here you touch upon (albeit with a qualifier) that Maths is a science. So i ...",0.7699999999999999,0.85,0.825,0.08000000000000007,0.05500000000000005
4F-REPLY-041,4Forums,reply,evolution,evolution Creation is nothing but lies,he designed a world to glorify him. there are people doing that. he didnt force us to believe him. its our own free will. and what makes you think that rational minds are making up evolution???,"Why would an 'all powerful , all knowing' being design a world for an ego trip? That sounds like a sever amount of anthropomorphising there.",0.7349999999999999,0.6799999999999999,0.7499999999999999,-0.05499999999999994,0.015000000000000013
4F-REPLY-042,4Forums,reply,evolution,evolution How did evolution happen?,How do you think evolution happened/started? (Just curious. :)),"Are you speaking from ignorance or is this intentional deception? Actually, the Miller-Urey experiment is basically so simple that with only a little training in the lab you could do it yourself. Please show that you are not a dupe and specify what you mean by ""organic matter"". The experiment was intended to show that in a reducing atmosphere with a source of energy, amino acids can form spontaneously. Several similar experiments have been done since that have shown that the formation of amino acids is almost certain. For example, they have been found in meteors. But that was a long time ago. More recent work has demonstrated the spontaneous formation of lipid membranes, reproducing molecules. The information is available to anyone who takes the time to educate himself. Oh. Then you're just a dupe rather than being dishonest. Your information comes from a moonie. Funny that the Discovery Institute doesn't mention that. The fact that he decided to study biology with the express purpose of disproving evolution. So he had made up his mind that it was wrong before he undertook to find out what is was. Wells was encouraged by the Rev. Moon. He is known selective presentation of data.",0.455,0.37000000000000005,0.29,-0.08499999999999996,-0.16500000000000004
4F-REPLY-043,4Forums,reply,evolution,evolution I still don't care what stupid people think,"The fact that many people around the globe believe in God does not bother me in the slightest. However, criticisms labelled at members of this forum for 'scoffing' at such people are misguided. Trying to educate people who willingly enter a Creation vs. Evolution internet forum in the principles of evolutionary biology while refuting the claims of creationists seems like a fair way to spend one's time. These criticisms become offensive considering the level of evagelism spread by the sources of such criticisms in public places (shopping malls, my front door) that i have not willingly signed up for.","Believing in an imaginary relationship with a super natural being works for some people and not for others. For those who do, it helps them go through the day and live a happy life with a philosophy already written out for them. That's good. But for some people, they're not satisfied with that. They want something more meaningful. They had decided to take the path without the wishful promise of going into a paradise after they die, and pursue whatever they want to pursue. And that's good too.",0.16,0.15000000000000002,0.030000000000000002,-0.009999999999999981,-0.13
4F-REPLY-044,4Forums,reply,evolution,evolution Grudgingly conceding some points,"Neither of which are science. You are confusing 'scientific' and 'science'. You'll also note that your restatement of what I said is wrong, I said science is BASED on observation and experiment. There is NO observation OR experiment in mathematics. No, I did it as part of the maths department. I ended up with an MMath degree, i.e., a Master of Mathematics. Ah I see - you can't read. Go back, read what I actually wrote and try again. I didn't say there aren't any true definitions, I said that Law has no proper definition in Science.","When it comes to meanings of words, you've picked the wrong person to tangle with. Firstly... ""...conducted research and analysis of ancient sedimentary deposits on Mars, to be used for selection of future landing sites to satisfy geological and exobiological science issues."" http://quest.arc.nasa.gov/ltc/mars/w...1/ricebio.html ""Planetary protection takes also into account the protection of exobiological science"" http://www.astrosurf.com/planete-mar...ng/node15.html ""Space Science in the Twenty-First Century Imperatives for the Decades 1995 to 2015 Life Sciences 2 Exobiology WHAT IS EXOBIOLOGY?"" http://www7.nationalacademies.org/ssb/21lsch2.html Obviously you are right, and NASA is wrong. It's possible. Open Directory list it like this... Science Astronomy Extraterrestrial Life That is, under science! Secondly, I know what you said about science and observation. I'm amazed you'd say it. If I take two oranges and subtract one. I can observe there is one orange. Maths is about experimentation, there are whole fields out there such as fractals etc. ""Welcome to Experimental Mathematics , a journal devoted to experimental aspects of mathematics research. It publishes formal results inspired by experimentation, conjectures suggested by experiments, descriptions of algorithms and software for mathematical exploration, surveys of areas of mathematics from the experimental point of view , and general articles of interest to the community."" http://www.expmath.org/ ""History of experimental mathematics. The general idea of finding mathematical results by doing computational experiment ...",0.91,0.905,0.85,-0.0050000000000000044,-0.06000000000000005
4F-REPLY-045,4Forums,reply,evolution,"evolution Noah's Flood, fact or fiction?","Put crudely, your siblings share some of your genes and so if their kids survive and have kids of their own (this is how fecundity is measured), then some of your genes get passed on. If your assistance (as a homosexual non-reproductive person) increases the number of reproductively successful offspring your siblings produce then this offsets the fact that you haven't produced any kids yourself. It's a contraversial idea, but it isn't one that can be completely ruled out.",Would the gene not become less prevelant the longer it is inactive? like of a cousin of someone gay is not gay and they have kids and so on for many generations without the occurence of homosexuallity.,0.6700000000000002,0.51,0.54,-0.16000000000000014,-0.13000000000000012
4F-REPLY-046,4Forums,reply,evolution,evolution Where does science say we come from?,"I come from Iowa. I have documents to prove it. As far as where living things came from ultimately, Close is telling you that the evidence is not yet compelling. And ""proof"" cannot be part of science.","So you can read his mind? If so, tell me then why does he have a probelm with me mentioning that science is uncertain? I would also like to know why he first says Nazis don't follow science, then they do. In fact he's missed the point - the fact that they were NAZI, and had a particular ideology enabled them to experiment on live humans as they didn't consider them people. They followed cold scientific reasoning on people, ignoring that they were people screaming for mercy. Ideally, you should praise this as it enabled them to come up with a lot of fact never before known. Unless you are appalled by what they did, as I am, but this anger is based not on science, but philosophy/theology. The very nature of their experiments was conducted both through and for an ideological ends. PS What's you being born in Iowa got to do with anything? You could have faked those documents; if you are trying to say you can prove something. But again, I have no problem with science per se. But, when people here argue against the certainty of God based on the uncertainty of science, then I do have a problem.",0.84,0.7999999999999999,0.74,-0.040000000000000036,-0.09999999999999998
4F-REPLY-047,4Forums,reply,evolution,evolution Questions for both sides,"Yes, post #2 spelled it out very clearly, didn't it? We classify it as something that atheists can't possibly understand. Darwinism wants sheep too, in school classrooms. In our society, questions about the Bible meet far less hostility than do questions about Darwinism.","Uh, sure marc. I'm sure you won't be able to find anything at all on the argument from evil, the presumption of atheism, and counterarguments to cosmological, teleological, and ontological arguments, because they don't exist, and I'm just making it all up. emoticonXWow Why would I leave while you're still here? I could take several approaches here... Why does it have to? Extraordinary claims require extraordinary evidence. You should find the scientific evidence that supports the history of these books. Science doesn't give a damn. Some scientists might. In fact, you're missing a thread where (if I'm not mistaken) trebor has been pointing out that we have a complete and utter lack of evidence of the exodus from Egypt and subsequent long-term wandering. Science already contradicts many testable Biblical claims, especially the Book of Genesis. Must science ""disprove"" every book of the Bible in order to disprove the Bible? Certainly not, because we know perfectly well that you will not accept that any part of the Bible can be wrong lest it undermine the alleged infallibility of the entire contents. First, let me mention that it's just plain funny that marc is always whining about people responding to his posts that are directed toward other people, yet here he is pointing me toward a post that is clearly directed at someone other than me. Second, nothing in said post responds to my objection in the slightest. He's simply repeating the same false claim, just with more verbosity. Don't believe me? Read post 14 for yourself. Like? Oh, won't you please keep making this claim, marc ...",0.9,0.91,0.865,0.010000000000000009,-0.03500000000000003
4F-REPLY-048,4Forums,reply,evolution,"evolution Noah's Flood, fact or fiction?","Thanks for the laugh! :-) Not that this was the only thing, but here is an excerpt from this site that illustrates the author's ignorance: First of all, pure water weighs approximately 8.34 lbs per gallon (not 2-4, as the author suggests). Second of all, even if we take their inaccurate estimate of 4 lbs per gallon, their math is off by a factor of 2. In other words, they used the very inaccurate estimate of 2 lbs per gallon of water. C'mon... if the author doesn't even know how much a gallon of water weighs, and then tries to fool you with faulty math and the ol' switcheroo (""water weighs a couple, say four, pounds"" and then they use 2 lbs in their calculations), can you really put much faith in the rest of what they say? Or can we expect the author to create another 'theory' that suggests that water didn't weigh as much back then, because the molecules that make up water were still in their infancy and hadn't matured, so they didn't weigh as much as they do now? Additionally, I'd be willing to bet that if we looked at that article in Discovery that we would find that the author of this website took the Discovery article out of context. Even if that's not the case, the author makes the assumption that ""If this trend of a billion tons of water a year has been continuing since the Flood..."" What if that trend hasn't been continuing since the flood? What does the Discovery article suggest? And if that isn't enough... the total amount of water contained on the earth right now is 3.26 x 10^20 gallons. In other words, the amount that has been 'soaked' up at the bottom of the oce ...","This isn't proof or anything, but I find this interesting... before the big flood rain used to rise from the ground, and soak the bottom layers of the Earth, so floods were harder to come by. During the flood though, rain fell from the sky and rose from the ground at the same time, (there is mention of the matter of rain falling from the sky miraculously in the bible) so the flood was tremendous. After the flood however, rain from the ground ceased to exist, and from that point on rain fell from the sky. One sample of proof, that I've heard of, was that before Noah's time period fossils showed a little difference in forming than they did after his period, and my theory is the ""ground rain"" may have had something to do with it. I'm not sure, but the topic interested me...",0.41,0.46,0.2,0.050000000000000044,-0.20999999999999996
4F-REPLY-049,4Forums,reply,evolution,evolution Grudgingly conceding some points,"Ahh.. a conspiracy theory! Cool. I am trying to work out whether your argument is a) against the Bible b) against the Catholic Church c) other. From the times of the ancient greeks (before Christianity) there were many scientists who believed that the world was the centre of the solar system. The best scientists of the time continued to teach this. You didn't cite your web-site, so I did a search on ixquick... The first one I came too supports your anti-Church stance on said scientist but said.... ""This error has more than once side to it. Not only was the Pope totally wrong about the scientific aspect, he was also in error about what the Scriptures had to say about the earth! Now don't forget that Rome demands that she has a divine right to interpret Scripture, and that she insists she is infallible when doing so! Go figure!"" http://www.angelfire.com/ma/romewatch/page8.html This site doesn't support your anti-Bible stance. So I assume you're just against the Catholic Church?",Montalban this is getting a little frustrating. I counted four times I have said this and there are probably more as I didn’t go back very far. Try to focus on what I am saying. THIS FALSIFIES THE THEORY THAT THE BIBLE TEACHES THE UNIVERSE IS ONLY 6K YEARS OLD. I’m not arguing against the Bible. I’m not arguing against the Catholic Church. I am arguing against using the Bible as a science book. And this proves it shouldn’t be done.,0.759,0.6499999999999999,0.6,-0.1090000000000001,-0.15900000000000003
4F-REPLY-050,4Forums,reply,evolution,evolution Grudgingly conceding some points,"I don't know anything about asses and horses in a biological sense. This isn't a cop-out, I am stating beforehand that I know little of a subject you now wish to engage me in. I'd have to look them up and rely on the information given to me by a web-site. If I pick the wrong site, what I cite will be called appalling by those on your side waiting in the wings. And this will happen; SLP, Iamthetruth, WJA etc are waiting for the slightest of opportunities for this to happen. If I seem guarded or defensive then you need to see the context of this.* The only way I can see out of this is if you give me the web-site of what you consider to be a reliable authority on it, I'll have a read of it and I'll let you know. If that is acceptable to you. Secondly, I think you're going about this debate the wrong way. It's not about what I think is a good definition of species. It's what evolutionaries have said... They've argued two points a) what a species is and b) that Darwin's Finch is a good example of that. I am not arguing here that a definition of species is wrong so as to disprove Darwin. I'm arguing here that the example given is not a good example of speciation. I wonder what you think of Lurch's point that there are more than 14 species of it? I'm sure that you have an opinion, and it's part of the debate. One time he's saying categorically that there's 14 species, earlier, he accepts that sometimes there's more. Do you accept that any of the 'species' can cross-breed? If so, do you still think that they constitute separate species? If you don't know much about this particular ...","I was using horses and asses as something that I think both creationist and evolutionist could agree were different species. Evolutionist would say that because there are distinct physical differences and enough genetic difference to prevent fertile offspring. I think Creationist would say that because there is so much genetic difference that the amount of “evolution” that would be required to produce them if they were the same kind from off the ark, that it would be unacceptable. In other words if evolution worked that fast, we would be seeing much more change in a single lifetime than we now see. The problem for creationist of course is that with that closely related individuals being a kind, that puts too many animals on the ark to fit. But that’s a different debate. What I was trying to establish is that I think we can agree that individuals that produce infertile offspring are different species. I’m going to repeat what I have said before because I think it still applies. I think the following would be a logical progression of living organisms diverging into different species. 1. Physical separation of groups of individuals that prevented interbreeding. 2. Different environments that produce divergent physical characteristics over time. 3. The changes result in some preference to mates based on those divergent physical characteristics. 4. Further changes that result in so much preference that groups will not interbreed without definite restraints. For example a solitary pair than cannot find a partner of their group so they interbreed. 5. Further changes that result in ...",0.126,0.26,0.15,0.134,0.023999999999999994
4F-REPLY-051,4Forums,reply,evolution,evolution Big Bang? LOL. You CANT be serious!,"Evolution theory is not science at all, it is faith. Period. How can I conclude that? Because an examination of the evidence shows that a bias/ ideology/ Godless belief system is the only real evidence for evolution theory: evolutionist Stephen Jay Gould: “Our ways of learning about the world are strongly influenced by the social pre-conceptions and biased modes of thinking that each scientist must apply to any problem.” Evolutionary biologist Richard Lewontin said: “we have a prior commitment to materialism. It is not that the methods and institutions of science somehow compel us to accept a material explanation of the phenomenal world, but, on the contrary, that we are forced by our priori adherence to material causes to create an apparatus of investigation and a set of concepts that produce material explanations, no matter how counter-intuitive…Moreover, that materialism is an absolute, for we cannot allow a divine foot in the door.”","Well, now, here's the thing: A hypothesis of special creation of all things (such as is described in the bible) is inconsistent with the evidence we can elicit from living things today. For instance, there's the amount of non-functional DNA we share with other creatures, in particular the other apes. With shared functional DNA, now, one could make a case for economy of design, but deliberately putting the same broken genes and garbage DNA into two entirely seperate species? Then there's the fact that some creatures have far better 'designed' bits than others for no readily apparent reason. A good example is the octopus eye, whose retina is supplied with blood from the rear rather than the front, both anchoring the retina more securely (no detached retina problems) and avoiding the 'blind spot' mammalian eyes possess. There's no reason at all for a designer capable of making an octupus to use the inferior mammalian design. Then there's the issue of vestigial features. Vestigial doesn't necessarily mean 'useless', more properly it describes something that is 'overengineered' for the purpose it currently serves, and often looks very much like a crippled version of a feature possessed by some other species. Ostrich wings, for example, may be useful for balancing when running, or in mating rituals, but they don't need to be wings in order to serve those purposes. Their complex and delicate internal structure is clearly 'designed' to allow flight, but their stunted development and the practical impossibility of such a big bird achieving self-powered flight make them a vestigial s ...",0.8019999999999999,0.685,0.7000000000000001,-0.11699999999999988,-0.10199999999999987
4F-REPLY-052,4Forums,reply,evolution,evolution Creation is nothing but lies,question what is ID ive heard it allot but what is it and finally could you condence what you are saying because you lost me,"I.D. is called 'Intelligent Design'. Mainly, it is the claim that the biochemical pathways in life are too 'complex' to have formed naturally, and therefore, an 'Intelligent designer' created these pathways. When questioned 'What is the nature of this intelligent designer', they say it is irrelevent. However, it is a back door into 'creationism'.. since the groups that push 'I.D.' tend to be funded and supported by evangalsitic christians that have an axe to grind against evolution.",0.117,0.12000000000000001,0.1,0.0030000000000000027,-0.017
4F-REPLY-053,4Forums,reply,evolution,evolution Does it really have to be Creation VS Evolution?,"hey, thanks! I think science is a word that will fit perfectly. and yes, science is non-creation (when I say creation, I mean according to Genesis, i.e. 6-day creation). why didnt I think of that :D but then again, there are many that consider these theoretical phenomena to not be science at all, but more conjectures and speculations. and even more then-again, there are people that see a correlation between what science says and biblical creation. so maybe science might not be the perfect word... emoticonXConfused","That's creationism. It is religiously motivated, based on the Bible, and tends to reject reality and scientific investigation. That could be because creationism has nothing to do with ""theoretical phenomena."" There is no theory involved in creationism. It is based on a literal reading of a book of mythology. To be theoretical, creationism would have to be based on observations of nature that have been verified by testing a prediction that is a consequence of the proposed explanation. Creationism merely rejects and twists reality to conform the the conclusions that were assumed. No conjecture or speculation. It is dogma. Usually creationism falls back on miracle and magic. Now if you are looking for one word that encompasses everything that creationism denies, science might be the word. Creationism requires either scientific illiteracy or intentional ignorance. Creationism arose out of the 7th Day Adventist/Fundamentalist Christian reaction to the reality that science was discovering. Way back in the early 1800s Christian scientists looking for evidence of the flood found that there wasn't any. They reached many conflicting conclusions from repeated creations, gap creations, and old earth with mankind created last, a series of floods with Noah's flood being local and last, etc. Christian fundamentalism was a late 1800s movement that stated the fundamentals of what they thought should be Christainity. It is important to realize that fundamentalism was not a ""return"" to fundamentals, but a statment of a new sect that separated from the more traditional Christian sects. In the ...",0.737,0.735,0.7200000000000001,-0.0020000000000000018,-0.016999999999999904
4F-REPLY-054,4Forums,reply,evolution,evolution The Great American Fossil Hoax,"If I were you, I'd be tired of being wrong, too. Go ahead; I didn't disagree with anything in that one. I only disagreed with your interpretation of it. So you have genes for brown eyes and for blue eyes and for green eyes? Chihuahuas have the genes to make them Great Danes? Do the experiment, supersport. Do it. C'mon. Shut me up. I dare you. For someone always accusing ""Darwinists"" of never doing appropriate experiments, this is one you should have no problem doing. Hop to it. (That's your cue to run away and start a new thread.)","electrolyte: If I were you, I'd be tired of being wrong, too. Go ahead; I didn't disagree with anything in that one. I only disagreed with your interpretation of it. So you have genes for brown eyes and for blue eyes and for green eyes? Chihuahuas have the genes to make them Great Danes? Do the experiment, supersport. Do it. C'mon. Shut me up. I dare you. For someone always accusing ""Darwinists"" of never doing appropriate experiments, this is one you should have no problem doing. Hop to it. (That's your cue to run away and start a new thread.) It's responses like this that make disinterested in continuing. You change the subject and do nothing but spew rhetoric. But you evolutionists have a huge problem. You've been digging up skulls for the past 100 years with the assumption that physiological traits are linked to genes and ancestry....that shape and size are reflections of the evolutionary process of RM + NS. But there's a problem now because it is now know that all our DNA is 99.9% the same. Thus, Science has no basis for comparing and contrasting skulls physical appearance, because it's the environment that modifies their shape -- not new or unique or mutating genes. There is no family tree. There is no hominid tree. There is no way to show/prove that any one group is ancestral to another. There is no way to line up a set of skulls and claim ""evolution."" The reality is, Science needs mutating genes to be linked to traits...not only that, but they need these mutations to be random. If variation is not random...ie..directed by the environment, then there is no way to make ...",0.886,0.7549999999999999,0.865,-0.13100000000000012,-0.02100000000000002
4F-REPLY-055,4Forums,reply,evolution,evolution ToE is Constructed on a fraud premise,Chemist- did you mean to say that natural selection generates fitness within a population? That appears to be what you typed... On a different note: That sounds familiar.,"Not natural selection alone, but selection against a background of heritable variability. Absent variability selection cannot function as it has nothing to select. Evolution leads to capture of information in the sense that fitness of phenotypes MAY be increased. Its very much like a random or pseurandom search for a minimum value on a sum of squares regression surface, but of course a maximum search rather than a minimum. As long as one or more of the candidate variants allow for ""uphill"" movement some progress is possible via adaptation. And yes it should sound familiar. The demise of evolution has been asserted by creationists (and IDsts) many many times in the past. All wishful thinking so far and as of yet there is no scientific falsification of the core concepts.",0.5660000000000001,0.38,0.155,-0.18600000000000005,-0.41100000000000003
4F-REPLY-056,4Forums,reply,evolution,evolution New peppered moth stuff,"Hello again, Nu Leader. No, it doesn't. It is an example of how one part of the theory of evolution works to effect changes in a population. Good. But seeing how this was proposed over a century and a half ago by Darwin, what took the creationists so long to catch up? I just find it interesting that creationists would be ignorant of an important biological phenomenon until it was proposed by Darwin as part of a completely different theory of origins. By the way, I do believe that natural selection was accepted before Darwin. It was believed that natural selection killed the ""freaks"" and ensured that a population of organisms stayed the same; in other words, I think I recall that it was originally believed that natural selection kept populations from changing. It was Darwin who understood that natural selection would actually lead to changes in the species. Creationists have always had a problem with how to fit so many animals in the ark. The modern creationists now propose that Noah only took a few ""kinds"" onto the ark, and after the flood these few kinds evolved into the diversity we see today. Ironically, creationists have to accept Darwin's theory to solve an important problem that they had, and they don't even give Darwin the credit for this. :(","Really? Can you cite those sources? I am sure that you will be citing the literature rather than creationist web sites. No it doesn't. Changes in allele frequencies in a population over time were observed. That is an example of evolution. Evolution isn't something that is ""proved."" It is observed. Populations of organisms change over time due to the changing frequiencies of genetic make up. That is observed. Evolutionary biology tries to explain the reasons for the observed evolution. In the case of the peppered moth, natural selection due to the predation of birds has been proposed. I disagree. How can an observation be ""meant"" to show a conclusion? The statement of the proposition is muddled. A change in the frequency of particular alleles was observed. The most logical mechanism of that change is natural selection - that is, as the environment changed, certain phenotypes showed a differential reproductive advantage in a given environment. That means that in polluted industrial areas, the dark morph had a reproductive advantage. In unpolluted rural areas, the light morph had the advantage. It wasn't ""meant to show"" anything. It was a conclusion drawn from the data. The conclusion was the the mechanism in play was natural selection. Proof is a matter of math and booze. So, if you agree with Ursus maritimus, do you agree with me? Then 99% of creationists are not informed as far as I can tell. It seems that your position is that ""informed"" creationists are neo-Darwinists, fully accepting of the theories of evolution. What are you talking about? I thought we were talking abou ...",0.876,0.7799999999999999,0.82,-0.09600000000000009,-0.05600000000000005
4F-REPLY-057,4Forums,reply,evolution,evolution Questions for both sides,"There's just enough truth in that statement to keep me from saying it's false, but if I analyze it, it will help make my point; The word ""evolution"" has such a broad meaning that it doesn't have to mean atheism, but it since it is practically the only weapon that atheists have to combat the religious worldview, that's what it often DOES mean. If it shouldn't mean it, but it is used so that it does, then that's what it actually means. Creationism means religion, but it also involves a belief in the authenticity of historical documents that have been meticulously preserved over thousands of years. That's not just religion, it's secular, observed history - something evolution doesn't have. So if a person hearing your statement doesn't consider it carefully, it's very easy to be mislead by it. It implies that ""evolution"" (the branch that declares that the book of Genesis is false) is somehow a secular, observable truth - while creationism is nothing but a religion, a superstition. Since evolution can't prove the book of Genesis (ancient history) false, and creationism does have some historical backing, they are comparable and they directly conflict. The problem is, a school teacher can make the statement you made, and it can't be legally questioned by anyone. Yet there was a case that I read about somewhere, where a sticker was placed in science textbooks advising children to study evolution ""with an open mind"", and an ACLU lawsuit ensued. Of all those likely to be mislead by your statement, it's young impressionable school children. Publicly paid school teachers misleading the ...","marc says some pretty ridiculous things on a regular basis here, but this one's gotta be in the top ten. To think that there were no arguments for atheism or against theism before Darwin is the height if philosophical ignorance. After all, when I tried to engage marc in a discussion totally independent of evolution -- morality -- he ran. The Book of Genesis is either secular or observed history? Somebody get marc a dictionary, please. (And I'd link him to a long list of observed instances of speciation, but he'd ignore it yet again.) It can and already has proved a literal interpretation of Genesis false. No, it certainly doesn't. It has the Book of Genesis, which isn't ""backing"" because its the story itself. Every other mythological analogue has equal (i.e. none whatsoever) ""historical backing,"" but you're specially pleading for your personal preference. Incredibly enough, ignoring my rebuttal doesn't make you right. I've filled marc in on this before, but as usual he's ignoring the information that he doesn't like. (Besides, marc, why single out evolution? Why aren't you for putting stickers on all science books labeling all of that satanic, methodological naturalistic study as highly suspect?)",0.9349999999999998,0.9349999999999998,0.9249999999999999,0.0,-0.009999999999999898
4F-REPLY-058,4Forums,reply,gay_marriage,gay marriage BAN gay Marriage?,"nobody put a ban on gay marriage. gay marriage was never legal or customary in the first place, so your question might be me better put as 'permit gay marriage?' right now gay marriage is unlawful simply because the laws permitting gay marriage doesnt exist. in order for gay marriage to be permissible, the laws will have to be changed. right now there are lots of people lobbying to get gay marriage legal, and thats the proper procedure its very disturbing and aggravating when i hear gays say that their rights are being denied. they never had a marriage right in the first place, so nobody took away their right or denied them anything.","Were there no marriages before the church, did God perform the ceremony for Adam and Eve, or were they living in sin? The institution may have been taken over by the church, but it definitely did not start out as a church sponsored event. What it started out as no longer matters, what matters is what it is today, which as far as the courts should see it, is a legal agreement between two people. If you have a problem with it being two women, that is what it should be, YOUR PROBLEM.",0.775,0.635,0.745,-0.14,-0.030000000000000027
4F-REPLY-059,4Forums,reply,gay_marriage,gay marriage Teacher reads 2nd-graders story about 'gay' wedding,"Do you not think you could state a point, instead of asking rhetorical questions? :) Whenever parents want something to not be taught in school, it's almost inevitably because they have one very specific, narrow view on that topic, and they don't want their children exposed to any ideas which contradict that view. And I've never heard of a good, wholesome point of view that couldn't stand up to exposure to another idea. Whenever parents are afraid of having their narrow views challeneged it's becuase they know that they won't stand up to comparison with another idea. They know their stand is indefensible. And of course the most common indefinsible views these days are based on prejudice and biggotry. So assuming that the parents who are pushing censorship are doing so based on prejudice is not a big leap.",There's nothing rhetorical about it. I'm hoping Foundit66 will answer the questions. On what evidence do you base that assumption? Or is that just your unqualified opinion?,0.7,0.555,0.63,-0.1449999999999999,-0.06999999999999995
4F-REPLY-060,4Forums,reply,gay_marriage,gay marriage Way to Solve the debate about marriage,"I beg to differ. By expecting much of the nation to support gay marriage, you in fact ARE expecting religious people to change their beliefs. This is indeed imposition.","I ask them to change their political beliefs that people should not be free or equal, and I ask them to do this because that belief is morally wrong; I am not forcing it upon them. I do not ask them to change their religious beliefs.",0.815,0.79,0.87,-0.02499999999999991,0.05500000000000005
4F-REPLY-061,4Forums,reply,gay_marriage,gay marriage Gay Marriage,"First, in order to be fair, let's post my whole passage as quoting just the part you did changes the meaning of what i actually said. We not only export products and technology from the USA, but possibly our largest export is our Pop Culture. As a small but very vocal segment of our population is calling for the legalization of gay marriage and the acceptance and normalization of the radical gay culture; and don't say it isn't happening because they are the most vocal and activist among you. You fail to acknowledge or concern yourselves with a whole Word surrounding us that still deems homosexuality as either a criminal offense, a disease, or a sin worthy of death. Look at China, the largest single population on Earth. I dare you to go to Beijing and proudly declare you are gay on a street corner. Or India and Pakistan which also have populations in excess of a billion people. Go to Malaysia or North Korea and be outwardly flamboyant and see what happens to your freedom of choice. Now let's hop over to virtually any Middle Eastern or Islamic Country you want to deal with. The out of the closet gay would be beheaded at noon in the market square as an infidel. We have just covered more than two thirds of the Worlds population who must hide their gayness in order to simply remain free of persecution or death. And there are more I haven't touched on. Now I'm not sanctioning the injustices that exist elsewhere but I'm pointing out how fair this Country has been in spite of the universally accepted unnaturalness and criminality the Homosexual act is viewed with. Personally speaki ...","Oh yeah? You seem pretty damn vocal yourself. So what? By arguing against that ####, we are acknowleding it. China is actually changing to be more accepting. Unbelievable. You are saying gays should just be grateful we are not being put in concentration camps. I would have a few other words to say to that, but I'd likely be banned. Simply because it's not genocide, does not mean it isn't discrimination or exclusion, it doesn't mean it isn't wrong. You are not doing us some great favour simply because you are not killing us. We have the same human rights as anyone else. We are. ""Vocal Activists"" in these countries are fighting against those worst abuses, despite the risks. If your argument is gays are wrong because we are a minority, it shouldn't matter if we are being killed in some areas. We are wrong in your view, and the majority is right. The original definition of marriage is not for reproduction only. Where do you come up with this ####? You simply want to blame gays for everything. What a bunch of nationalistic, patriotic drivel. What about the freedoms of gay citizens, which is the issue here. Is there not a responsibility for America to protect the human rights and freedoms of its gay citizens? It's all about God and country. Shut up, don't ask question and march in line, right or wrong. Indeed, that's enough pedestrian ranting and drivel for now. You've finally said something I agree with.",0.9149999999999999,0.9349999999999998,0.905,0.019999999999999907,-0.009999999999999898
4F-REPLY-062,4Forums,reply,gay_marriage,gay marriage Gay Marriage,"What you need to understand is that you and the rest of your christian followers need to keep you bible thumping hate filled ways in the church where they beloing. >>I would agree with this statement. Christianists are most welcome to thump in their church, but not in the public square. The rest of us don't want to hear your nonsense. what makes your morals more right than mine? all you are is an old man with a god complex himself. I believe in equal rights. >> Me too. No, i dont believe in god. >> Neither do I. I believe that jesus really did live, and he got millions of people to follow him. Much like Charles Manson, or Hitler. But i believe he was just a person. I have no obligations to any thing but my own values. >> Jesus is just another part of the legend and hoax; there is no documentary evidence that he ever existed. Christianists are pretty twisted folks, spending much of their waking time wondering what's going on in someone else's bedroom.",So you are for free speech only for those that believe like you do? YIPES!,0.7349999999999999,0.6649999999999999,0.715,-0.06999999999999995,-0.019999999999999907
4F-REPLY-063,4Forums,reply,gay_marriage,gay marriage Spain on the brink of passing law to allow gay marriage,"Don't know if you've read this before already, but the interpretations of the Hebrew texts for Genesis Ch 19 have been seen buy many to have been deliberately mistranslated by the homophobic church leaders back in the day. Two examples:Gen 19:4 often translated as - 'the men of the city, even the men of Sodom, compassed the house round, both old and young, all the poeple from every quarter'. However, the Hebrew word transliterated as ""anshei"" was translated above as 'men', when it is ambiguous and can refer to people, including women and children. This seems to have been an attempt to make the mob all-male. The second is the next verse Gen 19:5 often translated as 'They called to Lot, 'Where are the men who came to you tonight? Bring them out to us so that we can have sex with them.' Here the Hebrew word transliterated as ""ya,da"" is translated as 'to have sex', when it is ambiguos and can mean 'to know'. Now considering that we already have a description earlier in Genesis as 'a tiny fortress in the barren wasteland south of the Dead Sea. The only strangers the people of Sodom ever saw were enemy tribes who wanted to destroyand take over their valuable fortress and the trade routes it protected', doesn't it seeem more likely that if some strangers appeared in Sodom, the entire town, not just the men, would want to know who they were (in case they were hostile - as many of the strangers in Sodom were) than to gang rape them? The story of Sodom and Gomorra seems to this reader as a grossly and deliberately misinterpreted Bible passage designed to support unfounded homophobia.","Very interesting, I didn't know that, thanks for the info. :)",0.08000000000000002,0.05000000000000001,0.02500000000000001,-0.030000000000000006,-0.05500000000000001
4F-REPLY-064,4Forums,reply,gay_marriage,gay marriage N.Y. Top Court Rules Against Gay Marriage,"If that point is undisputed, than how can you possibly condone denying marriage to families that already exist that have kids? The families exist, the kids are real. If denying these families the right to marry harms the kids, how could the courts do anything but allow the parents to get married?","Not their call. The assumption was that marriage is beneficial to kids. This rules out the point you were making earlier. So the question then becomes ""can the legislature reasonably think that gay marriage actually hinder the current assumption"". This isn't really an abstract theory and is spelled out in the court case. Furthermore, I am not even saying I agree with the complete line of reasoning in principal..but I do think the process worked as it should have. Next up is the ruling in Washington do out in about 30min. This one will undoubtably go for gay marriage since the judges are elected.",0.7849999999999999,0.78,0.79,-0.004999999999999893,0.0050000000000001155
4F-REPLY-065,4Forums,reply,gay_marriage,gay marriage Why do you support/reject gay marriage?,"YOu have some good points here, but the problem with this society right now is that Civil Unions are seen as ""not as good"". Why do some get marriage and some get civil unions. There is no other place in the legal system where this sort of separtion of class exists. Why it is unconstitutional. It defies equality. Civil unions are like marriage light. Would straights be allowed to have civil unions if they don't want to marry? What will people say when the first straight couples sues for a civil union saying they want the same rights as gays. Civil Unions are sorta why have a loaf of bread when everyone else gets the whole bakery?","It isn't unconstitutional because any citizen is free to marry a member of the opposite sex as defined by The Defense of Marriage Act of 1996. Ah yes, another slippery slope. The same slippery slope that bigamists can slide down in the future if marriage can be redefined yet one more time. And that's what happens when something doesn't meet the definition of a bakery. You get short-loafed instead. :)",0.847,0.79,0.8849999999999999,-0.05699999999999994,0.03799999999999992
4F-REPLY-066,4Forums,reply,gay_marriage,gay marriage Anti-gay marriage,"Ignorance has been around a long time. Of course, they didn't know any better, being primitive people, and thus had no excuse.","Unfortunately, there are many who continue to show their ignorance.",0.09000000000000001,0.065,0.07999999999999999,-0.02500000000000001,-0.010000000000000023
4F-REPLY-067,4Forums,reply,gay_marriage,gay marriage BAN gay Marriage?,"You're ""dying spouse in the hospital"" argument is totally false. It is possible for ANYBODY to be given control over and access to another person in the hospital and decisions regarding their treatment. It's done all of the time between Seniors and their children. In some states it's called a medical power of attorney, IIRC. And property rights can also be given to another party, ANY PARTY, through a power of attorney. The rest of the ""rights"" are just attempts to get something for nothing, pure economic blackmail. Free healthcare, unjustified survivor benefits, to get around inhetitance taxes, etc.,","It's not about getting something for nothing, simply because gay and lesbian couples have the same options available to them, it's about equality.",0.7,0.6300000000000001,0.69,-0.06999999999999984,-0.010000000000000009
4F-REPLY-068,4Forums,reply,gay_marriage,gay marriage BAN gay Marriage?,http://www.managingdesire.org/gmhcstd.html http://www.liverfoundation.org/cgi-b...view_records=1 http://www.glma.org/news/releases/n0...gaythings.html,"Thanks, those sites seem to cover it. Here's the list of 10 things that homosexuals have higher rates of according to the last website: Gay Men and MSM Health Concerns 1. HIV/AIDS, Safe Sex 2. Substance Use 3. Depression/Anxiety 4. Hepatitis Immunization 5. STDs 6. Prostate/Testicular/Colon Cancer 7. Alcohol 8. Tobacco 9. Fitness (Diet & Exercise) 10. Anal Papiloma These health problems seem to be numerous and serious enough to explain that 8-20 year gap in life expectancy. It can be safely said that there are real health hazards associated with a homosexual lifestyle. As the epidemiological study concluded, the typical homosexual's health, summarized in life expectancy, is on par with a man living in Canada a century ago (or I would add like a man in Bolivia today).",0.1,0.1,0.09000000000000001,0.0,-0.009999999999999995
4F-REPLY-069,4Forums,reply,gay_marriage,gay marriage Why should people be allowed to vote on my marriage,"Or we could take it up here, like Matthew did, and discuss it. Or at least try to, and hope someone doesn't derail the conversation into irrelevant issues like how the legislature works. I will echo the point that several have made here. The idea of allowing the masses to determine civil rights is stupid and wrong. If a group's civil rights need protecting, then they need protecting from the very masses that are doing the voting. Ballot measures may be a legal process, but that doesn't prevent them from being stupid and wrong, now does it? That's the point that's trying to be made here.","An interesting question to bring up at this point is this: how does something become a civil right in the first place? And in line with Steeeeve's point, supposing 80% of the people want to do something really stupid or unjust, they really could do it. I think he chose the high percentage because he is thinking of a Constitutional amendment. I think everyone would agree that it is silly to suppose that a Constitutional amendment could somehow be unconstitutional. So, to borrow Steeeeve's example, if a Constitutional amendment was passed which required all Jewish persons to live in Florida, well, that is what will happen. That doesn't make it morally right, but the Constitution has permitted injustice in the past, so it is certainly not out of the question that it would permit injustice in the future. But to reiterate a very important point: the American People have an excellent track record when it comes to fixing flaws in their Constitution, and remedying injustices allowed by their Constitution. And the overarching point that I (and I think at least Steeeeve as well) would suggest is that judges cannot legitimately overturn laws simply because they personally think the law is unjust. They can only legitimately overturn laws that violate the Constitution.",0.495,0.48000000000000004,0.5,-0.014999999999999958,0.0050000000000000044
4F-REPLY-070,4Forums,reply,gay_marriage,gay marriage New York State Supreme Court 2-4-05,"With asw much respect as possible, the very same thing could be said about you as well.","Ok Jyoshu, now you're out of bounds. WSM has always been respectful of everyone. Even when he disagrees he's still very respectful. You on the other hand are not as such. If someone says something you don't like or disagrees with you, you have a way of changing the subject that is simply avoidence, which is really rude when someone asks you a direct question or is expecting a responce from you.",0.5850000000000001,0.67,0.775,0.08499999999999996,0.18999999999999995
4F-REPLY-071,4Forums,reply,gay_marriage,gay marriage Dying Lesbian's Partner Denied Access To Her,"My GOD! anti gay or not, where's common decency?? My heart breaks for that poor family. I hope that hospital has to pay through the nose for what it did to those poor children, denying them the opportunity to see their dying parent. I really don't care what the politics are in that poor, backward state. there is simply no excuse for treating childen like that. Also, this is a hospital, and there was an accurate medical history available to them they did not avail themselves of. This is gross negligence!",There is no possible way you can defend the actions of the hospital or staff. These people should be ashamed of themselves.,0.09000000000000001,0.09000000000000001,0.09500000000000001,0.0,0.0050000000000000044
4F-REPLY-072,4Forums,reply,gay_marriage,gay marriage Way to Solve the debate about marriage,The Catechism of the Catholic Church is very clear on its position WRT homosexuality and it isn't a positive one. For example:,"My question wasn't what is the Church's opinion of homosexual behavior, it was what is oxymoronic about a gay priest? One might think you were evading the issue raised by a celibate, gay priest.",0.5800000000000001,0.6499999999999999,0.7299999999999999,0.06999999999999984,0.1499999999999998
4F-REPLY-073,4Forums,reply,gay_marriage,gay marriage BAN gay Marriage?,"More on this issue of suicide, including statistics from outside the gay community... An article in the December issue of APA's Journal of Consulting and Clinical Psychology points to a possible cause of seemingly higher rates of suicide among LGB and transgendered (LGBT) youth: discrepancies between what gay youth report about suicide attempts and what they're actually doing. The article, by Cornell University's Ritch C. Savin-Williams, PhD, reports on two studies that conclude that even though sexual-minority teens are more likely than heterosexual youth to report suicide attempts, half of those reports are false--that is, the young people had thought about suicide but hadn't acted on it. In addition, Savin-Williams found, many of the true attempts the young people reported weren't life-threatening. ""When you ask in-depth questions about suicide attempts, the responses you get account for the rate differences between heterosexual and sexual minority youth suicide,"" Savin-Williams says. ""The heterosexual youth had hardly any false attempts, while those with same-sex attractions had a lot of them."" In one of the studies, 23 percent of 83 young sexual-minority women said they'd attempted suicide at least once. On further questioning, though, 29 percent of the reported attempts turned out to be false, and 80 percent of the true attempts were not life-threatening, Savin-Williams writes. The one exception was a small number of young women who were part of a support group, whose rate of actual suicide attempts was much higher than others in the sample. In the other study, Savin- ...","This is the bottom line: Marriage was a religious sacrament. It was very popular and was adopted by the government. The constitution is silent on marriage, there is no ""right."" If the gov't decided tomorrow to do away with marriage completly, there's nothing anyone could do about it. The law in the US right now says that in order to recieve a marriage license, there must be one man and one woman. Some activist judges decided to interpret the word ""woman"" and ""man"" as meaning the same thing - being interchangable... which is completely false. That's the purpose two different words were used - to distuinguish a difference - to say that they are not the same, but two different things! There never was a ""right"" for homosexuals to marry one another. The reason that marriage is in the gov't is because it was popular and became a pilar of society. That's how the people wanted it. The argument now is this: Gays are trying to FORCE themselves into marriage. I don't disagree with them actually being married, as long as its legal and done the right way - NOT forcing their way into the pilar of society. I am morally opposed to gay marriage, but that doesn't mean I can stop them. If society decides that gay marriage is OK and they allow it, so be it. But right now, the majority of society opposes it. Homosexuals are trying to force their way in - and that's not the way to make friends. Remember, they never had the right in the first place. Let the people vote on the heterosexual marriage amendment. Some day, if society decides, it will be repealed.",0.07,0.04000000000000001,0.020000000000000004,-0.03,-0.05
4F-REPLY-074,4Forums,reply,gay_marriage,gay marriage New York State Supreme Court 2-4-05,"In the end there are so many cases against Homosexual Unions, and very few cases for their ""Marriage"". Other than ""We are denying them the right"". Which I've already explained in other posts is untrue, since Marriage defined by the church is a union between a man and a woman. This argument is played out, and very simple. Homosexuals can never get 'married'. Just as Humans will never be Zebras. Its two very different animals. Maybe they can get Civil Unions, or Joint unions where they can enjoy some of the same benefits. But not Marriage.","Hold on a second, whose church? And what gives one specific church to dictate LAW for every citizen? Your assumption simply isn't true. Not every church agrees that a marriage is only between one man and one woman. There are plenty of churches willing to sanctify unions between two women and/or two men. Not to mention that the only ""reasons"" I've seen against homosexual marriages are quite simply boiled down to religious fanaticism...and based purely on ONE religious idea. Hate to remind you, but HOMOSAPIENS and HOMOSAPIENS are the SAME ANIMAL! Try going back to basic high school biology class. Two women or two men are the same animal, same species, same kingdom. As usual, you're confusing the legal contract called marriage with the religious ceremony. Sorry to burst your bubble, but the really aren't exactly the same thing. Religious ceremonies are NOT fully recognized by law just as legal contracts are not all fully recognized by all churches. Your argument is simply a cheep attempt to confuse the issue.",0.885,0.91,0.9349999999999998,0.025000000000000022,0.04999999999999982
4F-REPLY-075,4Forums,reply,gay_marriage,gay marriage Why is This Even An Issue for Hetero's Anyway?!,"Hi Ladywolf, I am also new here. I am normal (straight), and I am a christian. I don't hate homos because I have pity for them. Let me explain. I see how there are 3 groups of homos, and it also relates to other people as well, like drug addicts, etc. 1st group - they are homos, and live with their partners and are faithful to their partners (like you are), but they don't show off and often times you don't even realize that these 2 persons are gays. 2d group - a person is gay and he realizes that it is not normal, that it is a perversion, and he's trying to deal with it. 3d group - a person is a gay and he's proud of it, he's showing it off, goes to gay parades, leads TV shows, organizes gay websites and is actively promoting gay lifestyle. Okay, in all 3 cases a person is gay. In cases 1 and 2, his own lifestyle more or less is not affecting me. Right, these people can be very good and have virtues, and be otherwise morally good people, but they are gay, that's their problem, and they know they are different so they try to deal with it or at least not show it off. Now, 3d case is what we see everywhere, and we see more and more of it each year. This is becoming a problem. This is sick. I don't see parades for hetero families. I wish they were, though. But the fact that there are gay parades prove to me that this group of people active and want to challenge the society. Nobody would be that antagonistic to them if they didn't show off like that and actively display their sexual orientation. That's what causing the counteraction. So what's the problem with you, gays? Why do ...","You gave the explanation in your own post. You, and bigots like you, can ""deal"" with gays as long as they stay in the closet and you don't even have to acknowledge they exist. But if they should slip up and, say, hold hands in public, then out comes the outrage, the firings, the baseball bats. I don't know how old you are, but not too long ago in some parts of America, being seen holding hands with another man was as good as a death sentence. Clearly this had to change, and wishful thinking from inside the closet wasn't going to do it. Thus, Gay Pride Parades. If you don't like them, you have only yourself to blame. If you showed as much tolerance for gays as you do for hets, the parades woudln't be neccesary. As long as people like you get on your soapboxes and rant about the evils of sodomy, the parades will continue. The choice is yours.",0.885,0.865,0.905,-0.020000000000000018,0.020000000000000018
4F-REPLY-076,4Forums,reply,gay_marriage,gay marriage Gay Marriage,"Come on now, you know that when people use the word ""lifestyle"" in this issue they are referring the the actions taken related to one's homosexuality sexuality. It's not a bad word.","That's the most ridiculous thing I've heard this year. Just in time too, a new year starts soon. How about this one jyoshu: Given that religion is a way of life inseperable from ignorance and irrational beliefs and behaviors.... #1 being homosexual does not lead to promiscuity. #2 Promiscuity is a personal choice, there is no justification for legislating against what consenting adults do with one another and how frequently. #3 It sounds, yet again, like you're trying to tell people what is and is not right, based on religion (which is absurd). If promiscuity were linked, inseperably (which it's not), to sexual gratification...... so what? What do you choose...religious gratification? That's somehow better? Nonsense. http://www.dearpeggy.com/affairs.html Conservative estimates are that 60 percent of men and 40 percent of women will have an extramarital affair. These figures are even more significant when we consider the total number of marriages involved—since it's unlikely that all the men and women having affairs happen to be married to each other. If even half of the women having affairs (or 20 percent) are married to men not included in the 60 percent having affairs, then at least one partner will have an affair in approximately 80 percent of all marriages. Looks like hetero marriage and faithfulness don't go hand and hand either. -Mach",0.83,0.74,0.8500000000000001,-0.08999999999999997,0.02000000000000013
4F-REPLY-077,4Forums,reply,gay_marriage,gay marriage Way to Solve the debate about marriage,"1 billion people are Catholic and I've NEVER heard a priest preach intolerance towards gays. Agreed. We could have taken the low road and posted links to fringe gay organizations that preach extreme perversion but we've attempted to keep the high road and not look for the lowest examples of behavior. Christians don't promote the death of innocent people, born or unborn, for that matter. Don't lump Christianity with kooks who happen to have stepped into a church and misrepresent the message they heard there. It was a cheap attempt to link Christianity with violence against gays and it was just flat out BS. emoticonXMad","Well said. Indeed; one would think that the PIQ would know better than to lump HUGE groups of Chrisitans worldwide in with Phelps, given that some have made the same type of erroneous generalizations against gay people at times. Phelps and his hate group is an extremist--it only takes a tiny amount of honest and genuine evaluation to know that he doesn't represent the Christian church.",0.09500000000000001,0.09500000000000001,0.09500000000000001,0.0,0.0
4F-REPLY-078,4Forums,reply,gay_marriage,"gay marriage 500,000 Protest Against Same-sex Marriage in Spain",Spain is primarily a Roman Catholic country.......They will never let the socialists or the left allow gay marriage i nthat country........... You can take that to the bank,"LOL. Do you even read what you post? You claim that they will never let it happen. Yet Spain's government IS SOCIALIST and was ELECTED IN A LANDSLIDE. Spain seems to be joining the number of countries who have realized that there is nothing wrong or detreimental about gay marriage. Since you made such a statement, you owe me money.",0.9249999999999999,0.895,0.9399999999999998,-0.029999999999999916,0.014999999999999902
4F-REPLY-079,4Forums,reply,gay_marriage,gay marriage Gay Marriage,"Wrong, wrong, wrong. The key word in all the examples is ""gay"". Hurt doesn't always happen through physicial violence. Any minority who has experienced the pyschological sting of discrimination or bias knows this. I am sure I will be mocked by some here, who have no clue, for posting this and essentially be accused of whining. So be it, keep your head buried in the sand. None of it is good. Acts of violence as well do no occur in a vacuum, but as the result of thinking the targeted group is somehow less than others. This is in identity real or perceived and its expression. People who are just perceived to be gay are often targeted for violent hate crimes. Clearly that is not a disagreement with sex actions. I would not say those who say that gay relationships are morally wrong or inferior to correct straight ones, are directly responsible. It is seldom, if ever, left at that. People then have to invent reasons for the inferiority based on scapegoating, lies, misinformation, generalizations, suspicion and fear. They must try to convince others the group in question is a threat to society and to its valued and respected institutions.","Would you mind proving that statement? Or, in your own words... ""If you are going to make that accusation, you need to pony up and prove it."" ***Jyoshu Because quite frankly, ""most people who oppose gay marriage"" do so because they oppose gays. Most people who oppose gay marriage oppose ANY form of gay union recognition. If you actually LOOK at the organizations which are the heavy hitters when it comes to gay marriage opposition, like ""FOF"", ""AFA"", etc, etc, etc... They DO harp on gays being a problem, or even a threat, to children in being raised, society in general, etc, etc, etc... Quite frankly, your claim of ""most"" is just plain b.s. It's just plain untrue. MOST people who oppose gay civil unions also oppose gays on other issues which are not ""marriage"" related.",0.76,0.5050000000000001,0.8500000000000001,-0.2549999999999999,0.09000000000000008
4F-REPLY-080,4Forums,reply,gay_marriage,gay marriage Why? Why Not?,"He then moved on to: ""What makes a marriage?"" He brought up another interesting point. The usage of the word ""marriage"" originally didn't specify gender at all. It simply meant two adults committed to a life together. Very simplistic. Look, Alzheimers case. This is the part of your post I was referring to. I didn't say anything about your community family idea. While you are out doing pro-active stuff for the gay community, you might ought to leave the Bible out of it, because the Bible does not condone homosexuals. It is covered in Leviticus 20:13. Very simplistic.","Zelma, My dear child, please visit this site and read what it says about leviticus. www.godmademegay.com Oh wait I will just post it for you.. Leviticus 18:22 and 20:13 Revised Standard Version: 22 You shall not lie with a male as with a woman, it is an abomination. 13 If a man lies with a male as with a woman, both of them have committed an abomination; they shall be put to death... The King James and New International versions say virtually the same thing. Leviticus 18:22 and 20:13 are the only direct references to same-gender sex in the Old Testament. They are both part of the Old Testament Holiness Code, a religious, not a moral code; it later became the Jewish Purity Laws. [""Abomination"" is used throughout the Old Testament to designate sins that involve ethnic contamination or idolatry. The word relates to the failure to worship God or to worshiping a false god; it does not relate to morality.] Professor Soards tell us, ""Old Testament experts view the regulations of Leviticus as standards of holiness, directives for the formation of community life, aimed at establishing and maintaining a people's identity in relation to God.""B-4 This is because God was so determined that his people would not adopt the practices of the Baal worshipers in Canaan, and same-gender sex was part of Baal worship. (The laws say nothing about women engaging in same-gender sex; probably this had to do with man's dominance, and such acts by the subservient had nothing to do with religious impurity.) God required purity for his worship. Anything pure was unadulterated, unmixed with anything else ...",0.835,0.855,0.91,0.020000000000000018,0.07500000000000007
4F-REPLY-081,4Forums,reply,gay_marriage,gay marriage Why do you support/reject gay marriage?,"You may well be right. I most certainly do not understand your motivation for many of the statements you have made in this forum, unless they are based on an irrational prejudice against gay people. However, I am again willing give you the benefit of doubt, which seems to be more than you are willing to give gay people It would be very helpful to know which views you do hold personally and why you hold them. Have you seriously ask yourself on what basis you hold them? If I may, I would like to illustrate my point. I would like to present some arguments along the lines that you have presented. I most certainly do not subscribe to any of them, but I, as you have, ask you to disprove them: 1. Masturbation causes blindness. 2. Masturbation is anti-Christian, and we are a predominately Christian society. 3. Scientific studies have shown that childhood sexual abuse is predominately perpetrated by male family members, therefore, male family members should not be allowed any contact with children. 4. Heterosexual married couples produce more left handed offspring than homosexual couples. These left handed individual will rise up and demand accommodations in public areas and the workplace, creating an undue fiscal strain on taxpayers and businesses. 5. The incidence of sickle cell anemia is highest among the black race, therefore, black people should not be allowed to have children. 6. The majority of drunken driving accidents and the resulting deaths, injuries, and property damages are caused by male drivers, therefore males should not be allowed to drive. 7. The incidence of viole ...","So what if they ARE based on an ""irrational prejudice"" (which is YOUR take on them, BTW)? It seems to me that JP just wants to argue the merits of the gay marriage issue, period. Why should his personal feelings really matter? It's a national issue to debate regardless. There is a big difference between many the social arguements JP presented and the ones you presented regarding other matters: the jury is still out on a lot of what JP brought up. Many people still believe them, and many of those issues have not been disproven by your side. And as I have pointed out before, your own pride movement contributed to some of the arguments people made against gay people by such things as being more involved with seedier counter-cultural elements from the sexual revolution early on.",0.84,0.725,0.71,-0.11499999999999999,-0.13
4F-REPLY-082,4Forums,reply,gay_marriage,gay marriage Another state to vote on banning gay marriage,"And the backlash against activist judges in Mass. continues: http://www.foxnews.com/story/0,2933,157267,00.html Saturday, May 21, 2005 AUSTIN, Texas — The Texas Senate (search) approved a proposed constitutional ban on same-sex marriage with a 21-8 vote Saturday, sending the issue to voters. State law already prohibits same-sex marriages. If approved in a statewide vote in November, Texas (search) would join 14 states that statutorily and constitutionally ban same-sex marriage. Massachusetts is the only state that allows such marriages, although Vermont and Connecticut have approved same-sex civil unions. Opponents have criticized the ban as discrimination against gays and lesbians and warn it could harm heterosexual families if domestic partner benefits, powers of attorney and common law marriage are called into question. Sen. Todd Staples, R-Palestine, who sponsored the legislation in the Senate, said none of those scenarios would be affected and would not prevent same-sex couples from adopting children. The House has voted to ban gays from becoming foster parents, but that measure has received little support in the Senate. Staples rejected arguments the amendment would discriminate against gays and lesbians and the estimated 43,000 same-sex couples in Texas. Sen. Rodney Ellis, D-Houston, equated the amendment to Jim Crow-era laws that discriminated against blacks. ""At least they had the good sense to never write their bigotry into the state Constitution,"" said Ellis, who called the amendment ""trash."" Staples said he is offended by accusations the amendment is anti-gay. "" ...","What?? you mean they actually VOTED??? How dare they exercise democracy like that! What's with those bigots anyway, actually having the gall to have a govt. by the people and for the people?? emoticonXRolleyes",0.11599999999999999,0.43500000000000005,0.28,0.31900000000000006,0.16400000000000003
4F-REPLY-083,4Forums,reply,gay_marriage,gay marriage Spain on the brink of passing law to allow gay marriage,"You mean, why are people who disagree with me so angry?",I love you too little man........... :),0.02,0.045,0.04000000000000001,0.024999999999999998,0.020000000000000007
4F-REPLY-084,4Forums,reply,gay_marriage,gay marriage New York State Supreme Court 2-4-05,That is not what you said two posts ago....what is the deal with you. Can't keep your story staight? (pun intended) Lets remind you of your posts.....,"Like I said, you can call it a marriage.",0.12999999999999998,0.14500000000000002,0.08000000000000002,0.015000000000000041,-0.04999999999999996
4F-REPLY-085,4Forums,reply,gay_marriage,gay marriage Why should people be allowed to vote on my marriage,The arrogance in assuming other peoples' sincerely held beliefs are irrelevant or don't matter is breathtaking. You believe that gays should be allowed to marry why should some-one not be equally fervent that they should not. If others have to cater to your beliefs then you are expected to cater to their's.,"[QUOTE=peteratwar;255188]The arrogance in assuming other peoples' sincerely held beliefs are irrelevant or don't matter is breathtaking. Gaetano: I find the arrogance more breathtaking when people with sincerely held beliefs assume that they can limit and/or regulate the lives of other people. Those with sincerely held beliefs that blacks did not deserve equal rights still exist today. The difference now is those sincerely held beliefs cannot represent themselves in the form of discriminitory law. Peteratwar: You believe that gays should be allowed to marry why should some-one not be equally fervent that they should not. Gaetano: When their fervor is born of hatred, fear, and or religious beliefs, such fervor has no place in law. Peteratwar: If others have to cater to your beliefs then you are expected to cater to their's. Gaetano: I think you have that backwards. Gay people are not fighting to prohibit straight people from being married. Straight people believe they can and should be able to marry and so do we. Most of us have been in weddings, to weddings, organized or catered weddings,etc. We like them, we support them, and we want the same thing for ourselves. Since when is allowing law abiding, tax paying, fellow citizens the right to partake in a public institution considered ""catering?""",0.915,0.895,0.83,-0.020000000000000018,-0.08500000000000008
4F-REPLY-086,4Forums,reply,gun_control,"gun control Assault Weapons ban (Columbus, OH)","The Second Amendment does not apply to an Ohio Law. Thus, this ban is not unconstituitonal under the US Constitution. The Ohio Constitution, may however, protect gun rights, but I haven't read it.",emoticonXIdea I've got a great idea!! How 'bout not worrying about what classifies as an assault rifle we just not ban them!! See the answer is simple.,0.185,0.265,0.2,0.08000000000000002,0.015000000000000013
4F-REPLY-087,4Forums,reply,gun_control,gun control What's your interpretation of the second amendment?,"I've noticed that there seem to be three basic interpretations of the second amendment. 1) The second amendment protects a collective right to bear arms. This is the position that has been taken by most of the lower federal courts in recent decades. 2) The second amendment protects a limited individual right. Individuals have a right to bear arms, but this right can be subject to reasonable restrictions and limitations in the interest of the common good. Such restrictions commonly include waiting periods, the banning of machine guns, gun registration and licensing. Attorney General John Ashcroft, for example, says that the second amendment protects an individual right to bear arms, but he has also stated that he supports the extension of the Federal Assault Weapons Ban. 3) The second amendment protects an unlimited right to bear arms for adult, law-abiding citizens.","Interpretations are only valid by a federal court, whether we like it or not. This won't go to the Supreme Court as they are too frightened of the implications. Me, I'm satisfied with the way things are, and I feel safe in saying that. It is a dangerous world, and if I protect myself and my family the way I see fit, this debate will go on and it won't concern me.",0.135,0.35,0.18000000000000002,0.21499999999999997,0.04500000000000001
4F-REPLY-088,4Forums,reply,gun_control,gun control A question for supporters of gun control,"Look you baboon, I don't want nonsense I want answers. What makes those here in favor of gun control and gun bans believe that by outlawing guns they'll make things better for everyone?","Well that was a good start. Are you planning on insulting everyone who replies to your post? Of course it would be more difficult for criminals to get hold of guns if there were fewer of them around. It would also make it more difficult for children to get hold of them, or feuding neighbours who, on the spur of the moment, think that waving a gun around might bring about a solution to their problems. If you don't think you're going to like the answers to your question, then don't ask the question. Smiley",0.605,0.6799999999999999,0.6499999999999999,0.07499999999999996,0.04499999999999993
4F-REPLY-089,4Forums,reply,gun_control,gun control My debate on gun control,Bingo! I'm glad someone gets it!,"Well next time specify! I'm so accustomed to anti-gunners who use rhetoric like ""hunters who use semi-automatics are in need of heavy medication"" and such bull***t that I have a hard time distinguishing friend from foe!",0.14500000000000002,0.07,0.15,-0.07500000000000001,0.004999999999999977
4F-REPLY-090,4Forums,reply,gun_control,gun control Extreme leftist and gun control!,"Bad news son, I am not the moderator, take it up with them. And perhaps the reason that some people are banned is that despite repeated requests to quit using offensive terms and language, and after warnings from the moderator or admin, they continue to do so. Terms such as ""gun hater"". I am sure this has been covered before. I am all for open and fervent debate. I debate with Rev. and the others on this forum without problems. While we may not agree on a whole lot of the issues, we at least can disagree in a civil manner, without resorting to name calling and childish behavior. And I like how you call yourself a gun owner and I (presumably from your text) and others are all gun haters. I actually happen to be a gun owner myself. I am also a person who understands that by not allowing people (including this gun owning citizen---me) to carry guns on board an aircraft or into a school, we are providing for the greater safety of the flying population. Now if you want to debate, please...debate. If you wish to continue to complain and be offensive, you have that right as well.","how can they revoke an ammendment? it isnt the guns causing the violence, its what the owners do with them. just because some XXXXXX go on random killing sprees doesnt mean that every1 should suffer from there conciquences. now what can happen is that there can b more filtered ways for you to own a legal gun, but then the black market will just be gettin hit up like crazy. revoke guns and more illegal guns will be bought. allow people to own them, but forcing them to register will allow you to catch killers more quickly if they choose to use the gun for killing. i mean...if people start using pencils as weapons and stabbing mass people will they then revoke pencils from school? it doesnt make sense, any thing can b made into a deadly weapon...its all on what the use does with it. so all in all, taking guns away will be stupid and just cause more people to own illegal guns so it wont solve n e thing!",0.41500000000000004,0.52,0.58,0.10499999999999998,0.16499999999999992
4F-REPLY-091,4Forums,reply,gun_control,gun control Take off your Blinders and Look at the Real Issues!,"I began that sentence with ""And if..."" so it doesn't follow that I was suggesting that the army go back to pointy sticks. I was just demonstrating the fallacy in an argument by pointing out what it leads to.","I don't intend this as an isult of any kind to the pople you outlined but the women, blacks, and minority groups opinion you are basing you're statment on is for the most part un-educated and passion driven. If in an inner city neighborhood all you see is shooting and killing day to day it's natural to work up an irrational passion against guns. Just because a large number of people have the same opinion about a subject does not make that opinion correct in any way. Allot of people use to think the world was flat. Minorities also refuse to believe that their own comunities are the problem for the crime. They are the cause of their own issues. There is such a culture of ""Blaming the Man"" in this country that people refuse to take action and better themselves and their community. The problems of crime and gun violence are Social not physical. Guns are physical. Also I might add that such survay's also include the opinion of gang members and criminals. Those types of people LOVE gun control. Makes it safer for them to do what they do. WOW... talk about missing the point.... Lets take a look at History for this one. The Battle of Hastings 1066 A.D. Norman Army: 6000 men at arms with the melee weapons of the time. Saxon Army: 4000 Men at arms with the Melee Weapon of the Time (said to be some of the best fighters in all of Europe at that time) Casualties: estimated 6000 dead total on both sides. So out of just 10000 men that Took the field of battle, 6000 died. 60% loss of life in battle. Many large scale mideval battles like this one show 40-60% dead. Lets look at a War with Fi ...",0.07,0.35000000000000003,0.815,0.28,0.7449999999999999
4F-REPLY-092,4Forums,reply,gun_control,gun control Anti-Gun control,why in the heck would you thinjk that the government would be able to take guns away from felons?????? the only people that would give away their guns are law-abidding citizens!!!! then crime would go up because the felons would have guns and we would fight them off with bats!!!!!!!!!!!!!!!!!!!!!,law enforcement would be about ten times stronger it would be easier to take em' away...plus felens cant buy guns...emoticonXCensored,0.755,0.6699999999999999,0.73,-0.08500000000000008,-0.025000000000000022
4F-REPLY-093,4Forums,reply,gun_control,gun control Viva La Liberty! The End Of The Awb Is At Hand!,Yup.... and we have many.,I speak Souther-American-English. :p,0.024999999999999998,0.030000000000000002,0.02,0.0050000000000000044,-0.0049999999999999975
4F-REPLY-094,4Forums,reply,gun_control,gun control For anti-gunners?  How do you defend yourself?,"Rev. HellH0und, you asked me if i felt safe well i do, i live in a small village community where everyone looks out for one another. if theres any one acting strange we take down details and call the police. i don't really like guns that much and i beleive that fact about your more likely to shoot someone else other then a burgular cos my friends mum was cleaning one of thier guns they use for hunting and accidently shoot her self in the head cos she didn't know it was loaded.","Which is statistically inaccurate. Gun Owners of America Has a fact sheet that is well backed up that will demonstrate you are wrong. As for your ""mums"" friend. I will be honest with you. I do not believe you. But for arguments sake why would the idiotic behavior of one individual doom the rest of mankind to tyranny? Rule #1 Treat all guns as loaded. So you agree that Tony Martin should be in prison while his burgular is set free?",0.9149999999999999,0.87,0.875,-0.04499999999999993,-0.039999999999999925
4F-REPLY-095,4Forums,reply,gun_control,gun control What's your interpretation of the second amendment?,"It was a fair question for Tim to ask, even your beloved NRA web-site has the 2nd Amendment located in top-right. (http://www.nraila.com/issues/FactSheets/) How does the law of contract explicitly protect your right to carry a gun? Are you allowed to shoot someone if they breach a contract? What about torts laws? - where a contract doesn't exist.","It's an individual right. I am however for not allowing felons to posses firearms. Other than that..... Machine guns do not need banning. The ""so-called"" instant check needs to go away OR be turned into truely ""instant"". Registration? What for? Concealed carry as long as you legally can carry a firearm.",0.22999999999999998,0.38000000000000006,0.29,0.15000000000000008,0.06
4F-REPLY-096,4Forums,reply,gun_control,gun control What does the MN school shooting have to do with Gun Control?,Can you give an example of such a law? I'd like to see how it's written.,"I can't find the exact law, but from the Illinois state police FAQ on firearms: source: http://www.isp.state.il.us/docs/ptfire.pdf (middle of page 3 under the question about accidentally leaving a firearm in a vehicle that is driven by a non-FOID card holder.)",0.12000000000000001,0.11000000000000001,0.1,-0.009999999999999995,-0.020000000000000004
4F-REPLY-097,4Forums,reply,gun_control,gun control Viva La Liberty! The End Of The Awb Is At Hand!,"but now full automatic uzi 47's will be runing arount spraying there 16 in shells all over the street, no one is safe!!! emoticonXKill emoticonXChicken","come on, everyone knows that uzi's are used for hunting and target practice! [btw- if you were shooting for french it's ""liberté"" but who cares]",0.536,0.5800000000000001,0.5750000000000001,0.04400000000000004,0.039000000000000035
4F-REPLY-098,4Forums,reply,gun_control,"gun control You're aboard a plane, do you want a terrorist to posses a gun?","After drinking a bottle of booze, I couldn´t kill someone with my insurance :p . My opinion is simply that, that there a better ways to protect people than just letting them carry a gun on board of a plane. The government could even use armed passengers as a lame excuse after the next hijack; after all, the passengers could have handled the situation themselves...(sorry, this was not very argumentative).",After drinking a bottle of booze you can also get into your car and kill someone. Insurance like a gun is only good when you have these items at the time of need. As for an argument that is what you want to do. I am here just to point out that people for gun control want it because they have no use for guns! People that want gun control think banning guns is the answer. As with any ban it is clear the only people that obey the ban are not the criminals.,0.6809999999999999,0.845,0.6799999999999999,0.16400000000000003,-0.0010000000000000009
4F-REPLY-099,4Forums,reply,gun_control,gun control gun control yes or no?,"I would support a very few gun control laws. Age limits, but all of them at 18. Forbidding ownership by felons, the insane, and other incapable people is acceptable. (Which means background checks, unfortunately.) The NFA 1934 restrictions on pen guns and the like are acceptable. Pretty much everything else is wrong. I'm for unrestricted access to suppressors, and at worst minimal restrictions on full autos - perhaps similar to handguns now. GCA 1968 needs to go. I'm for Vermont style (unlicensed) concealed carry, and unlicensed open carry. Restrictions on carrying should be limited to forbidding the consumption of alcohol. And get rid of the stupid laws that don't let you go where alcohol is served - it's simple enough not to drink. And keep these gun storage laws out of my house.","Well, looks like there isn't much argument here.:) I guess we can all agree that their needs to be at least background checks and certain restrictions on certain destructive devices. But come on come on, how many drive by grenade launchings have you seen or bayonets by that matter?emoticonXRolleyes As for pen guns, I think the NFA takes care of that. But still, if someone can pass all the background checks and strict scruitny of the state and federal governments they should be allowed full-auto stuff or AOW (Any other weapon.) For SBR restrictions, we really do not need that. Most people now a days can't really hide a short ak in them unless they are wearing a big trench coat or something.",0.181,0.24500000000000002,0.275,0.06400000000000003,0.09400000000000003
4F-REPLY-100,4Forums,reply,gun_control,gun control Months go bye. AWB expires.  What happened?,"There was never a shortage of high-cap mags. The AWB just made smaller pistols more desireable. You could still get the mags for the big fellers, and all the manufacturers came out with nice little compact ten-rounders. There's now a whole new class of pistol out there. Can anyone say ""unintended consequences""? Happens any time the government tries to ban something. emoticonXCool",but it killed the calaco's!!!,0.515,0.39,0.5750000000000001,-0.125,0.06000000000000005
4F-QUOTE-001,4Forums,quote,abortion,abortion you people are so naive and puerile,"So if one man from a tribe murdered a child from the same tribe, he wouldn't be punished? [SEP] Of course he would! Either way, this is irrelivent to the abortion issue. The fetus is a human being and therefore it is wrong to kill it.",Where did Isay any such thing. You're not reading what I say apparently. Wrong a fetus is only a potential human being. Not all situations is killing considered to be murder.,0.7277777777777776,0.8333333333333333,0.7722222222222223,0.10555555555555562,0.04444444444444462
4F-QUOTE-002,4Forums,quote,abortion,abortion Whether you agree or not - It's the dark truth!,"What quality of your liver disqualifies it as an ""entity""?","It is not operating from itself. By that I mean it is a process that is part of a bigger process (your body in general). I can't think of a great example but assume a big computer with a small computer inside of it running off the same power supply (assume power supply is life support for example and not a component of the computer). The hard drive is not a computer but the little computer inside the bigger computer is. The unborn works the same way with pumping his/her own blood, movement at a later stage, growth being mostly driven by its own DNA...etc.",0.6388888888888888,0.5999999999999999,0.5999999999999999,-0.03888888888888897,-0.03888888888888897
4F-QUOTE-003,4Forums,quote,abortion,abortion Why Pro-life?,"Nope, sorry, I'm not for killing the unborn. I'm for allowing women to have the option of terminating the development of a foetus, which is not a living human (once again, I support actually aborting a developed baby if the woman's life or health is at risk) So, it is not accurate to call me prolife. [SEP] The way I see it, the medical requirement for death is when there is no brain activity. Therefore, the medical requirement for life would be when there IS brain activity (around the third trimester or so if I recall correctly). [SEP] However, your movement IS trying to take away that choice from the woman to have an abortion, hence anti-choice being accurate. [SEP] Oh, and, even if your definition was correct (which I have proven it is not), it would still be inaccurate, as we are not making people have abortions, merely making sure they have a choice.","Then to some extent, you are for killing the unborn. You can't have one without the other. Better to swallow that and go on, rather than trying to convince yourself otherwise. If you really believe in your cause, they you shouldn't be taking a statement like ""anti-lifer"" in a negative way to begin with. Brain activity as defined how? Certainly there is brain activity much earlier than the the 3rd trimester in terms of involuntary control of things like heart rate and synapses firing. My preferred way to think of it is viability outside the womb. At what point are premature babies viable? To me that's when the line should be drawn; What you call a fetus is in fact a premature baby. Just as your movement is for destroying unborn life in some situations. Still fits--it's IS 'anti-life.' Well you're certainly making it to where a lot of unborn babies will have to die rather than even factoring their viability and potential life ahead into the equation..",0.888888888888889,0.888888888888889,0.9166666666666666,0.0,0.02777777777777768
4F-QUOTE-004,4Forums,quote,abortion,abortion 13yr Old Girl wants abortion,"The reduction of health concerns to ""a summer without tennis"" is intellectually dishonest and frankly idiotic.",And yet you seem to accept it as a valid reason for an abortion.,0.5611111111111111,0.6333333333333333,0.5777777777777778,0.07222222222222219,0.01666666666666672
4F-QUOTE-005,4Forums,quote,abortion,abortion you people are so naive and puerile,"I don’t doubt that Abortion has been around for a long time. But I’m positive murder has been around longer, which was the debate me and Charchuk were having. [SEP] 1) Would you put an infant “out of it’s misery”? Obviously, horses and humans are two different things. Humans have laws; animals have instinct. Every human is going to eventually die. Just because the fetus would die at the age of three doesn’t mean it doesn’t have a right to live. [SEP] This is why the overwhelming population of handicapped people are pro-life- if you’re not conceived perfectly with no problems, you’re killed. Handicapped people aren’t perfectly created, so they know they will be next. [SEP] That doesn’t matter. The fetus still feels pain, and this is from a very liberal site This signal is sent via nerve pathways to the spinal column, then to the thalamus - an egg-shaped structure within the brain. Finally the signal is transferred to the cerebral cortex where it is sensed as pain. In a fetus, the pain receptors develop around 7 weeks after conception; the spino-thalamic system at about 13 weeks. Here He estimated the age at which a preborn child feels pain: ""As early as eight to 10 weeks' gestation, and definitely by thirteen and a half weeks, the human fetus experiences organic pain."" Here The fetus feels the full pain at 20 weeks, that is pain like we feel, but there is still pain to the fetus with the new pain receptors. [SEP] What makes the government the right for me not to kill you? [SEP] Why should I listen to the Pope? Your parent says it’s wrong for me to kill you, but what gives th ...","Murder has only been around since there was the concept of law to define it. Apples and oranges. Guess what, I'm handicapped. I'm a victim of Thalidomide. Walk in my shoes for a while and you'll change your mind in a hurry. I'm also slowly going blind, I'm a type II diabetic, and every joint in my body is doubled (loose). I have to walk with a cane and take pain medication. You remind me of the old saying, ""I cried because I had no shoes, until I met a man who had no feet."" I have no feet (Well not literally, but you get the point.) I can speak for the handicapped. Shut up, you don't know what you're talking about. It is a drawing, not a photo. Having pain and knowing pain are two different things. Their ability to punish you. If you're not of legal age they are responsible for your actions.",0.908888888888889,0.8944444444444445,0.888888888888889,-0.014444444444444482,-0.020000000000000018
4F-QUOTE-006,4Forums,quote,abortion,abortion Free Abortions,"Since LBJ, the US has wasted over 6 trillion dollars (yes, trillion with a ""t"") on the so-called ""war on poverty"" and what has this gotten us? Nowhere except a culture of dependence and an entitlement mentality. The idea is to make sure that people take responsibility for their own lives. Not have the government take care of you from cradle to grave.","Bassman: I am surprised by most of your recent posts of late. I site this one example above. I am bothered that you posted this rhetoric again. I gave you the statistics and the government websites that support those statistics, that show the millions of people raised from poverty since 1968. From over 22% of the US population in the early 1970’s to fewer than 10% in the 1990’s, and yet you continue to misinform. You claim to be a Christian and mislead just like the Scribes and Pharisees of Jesus day. To purposefully misrepresent the facts is the antithesis of Christian behavior and brings into question your very claim to Christianity as well as makes suspect your personal agenda which seems much more counterfeit than you would like people to know.",0.9255555555555555,0.9222222222222222,0.9222222222222222,-0.0033333333333332993,-0.0033333333333332993
4F-QUOTE-007,4Forums,quote,abortion,abortion Horton Hears a Who,These statistics from an objective source,"Again, your sources are from right winged religious fundamentalist groups, which are NOT credible. Quite deluding yourself and try to post at least one credible source emoticonXRolleyes",0.8666666666666667,0.9222222222222222,0.8944444444444445,0.05555555555555547,0.02777777777777779
4F-QUOTE-008,4Forums,quote,abortion,abortion Do abortion proponents favor choice?,"If they don't have a baby then what will the ultrasound show? [SEP] I never said anything about guilting them into anything. Why would they be guilty? [SEP] Let them know that getting rid of a baby is not a solution to this problem. [SEP] By the way, I don't think your airplane oxygen analogy applies. [SEP] I'll send you one when I print them. [SEP] How in the heck do you know my position and concern for the children of the world and those in Iraq? [SEP] (Have you read the first post? I would be interested in your answers).","A fetus. Sure. emoticonXRolleyes You just want them to make an ""informed"" decision. It doesn't matter what the information is, or whether it's accurate or necessary, so long as it might convince them not to have an abortion. How do you know that not having the baby isn't the only solution to their problems? How to you propose the ensure that every pregnant woman has access to support? You can't. So don't lie to people. Sometimes people have no other option but to terminate the pregnancy, and kill the fetus. Unless you're offering to support each pregnant woman personally, you have no place telling women what their options are. It wasn't an analogy, it was an example of a situation where, despite how selfish it might seem to you or other uninformed outsiders, the mother needs to care for herself first or else there will be noone to care for the child. This is not an analogy for abortion, this is a basic reality of child-rearing. People have a wierd concept of motherhood that you are supposed to give absolutely everything you have to the effort, no matter what, and if you don't you're a ""bad mother"". If you take care of yourself at all, you're a ""bad mother"". The truth is, if you don't take care of yourself first you will be a much worse mother, because you will be unable to care for anyone else, including your child. Spare me. In the future I suggest that for the sake of debate you try to use assertions that you can back up, not fallacious arguments like that. As I said before, I don't think China and India have as serious a population problem as rich countries. I don't beli ...",0.8777777777777778,0.8833333333333333,0.8722222222222222,0.005555555555555536,-0.005555555555555536
4F-QUOTE-009,4Forums,quote,abortion,abortion Plain,It is wrong to intentionally kill only innocent people.,"Um, ok. So the tens of thousands of Iraqis killed in the recent invasion of Iraq were not innocent, not even the children, the women, the fetuses in the womb. Sartre, what, precisely, were these children, women, old men, fetuses in the womb, guilty of?",0.5888888888888889,0.5888888888888889,0.4388888888888889,0.0,-0.15000000000000002
4F-QUOTE-010,4Forums,quote,abortion,abortion 13yr Old Girl wants abortion,"Not really, this case was different in that the state was the guardian. Although I am sure it has happened before. As for three reasons... 1) The state of Florida doesn't believe a 13 yr old can have sex (consent) so why couold she be able to cosent to an abortion? 2) The State is the guardian and they should be able to say where she can and can't go as a parent would be able to do....and the state has a law against taking kids to abortion clinics. 3) ABORTION IS KILLING A KID. Maybe that doesn't matter for most :-/","Right, the state must protect a minor that by thier age of concent laws has been raped by forcing her to under go a physical truma to her body 7 times more likley to permantly damage her than the alternative proceedure that would completly slove the whole problem and then said state expects this thirteen year old girl to then become wholy responsible for what is now an autonomus life when the state deems she's not even old enough to have leagaly made such life in the first place. I said practical.",0.8777777777777778,0.8666666666666667,0.85,-0.011111111111111072,-0.02777777777777779
4F-QUOTE-011,4Forums,quote,abortion,abortion Why I'm against abortion...,"Ah, I apologize. JP posted, replying to you when he said something about ""killing babies"". [SEP] Using the term ""baby"" is fine, usually. It is emotional blackmail when pro-lifers use it purely to further their cause, in my opinion. I agree that it creates a spin on the subject. I don't believe I am using the same emotional blackmail or distortion of reality discussing the life of the mother in terms of abortion, because it is a real issue. I am, among other things, trying to create some common ground we can agree to, since this is the easiest issue for both sides to come together on (though some still will not agree with it, which is beyond me).","Yes, that was my statement and I stand by it. Ah yes, the ""rhetoric"" of pro-lifers. Don't you think that Pro-life is a more accurate reflection of their position than ""Pro-choice"" is of theirs? In the former, the goal is to preserve life. In the latter, the argument isn't the ""choice' of whether or not to knit blue or pink booties, it's whether or not to commit fetal homicide. (Do you prefer that to baby killing?), so shouldn't they call themselves Pro-fetal homiciders to accurately reflect their goal? emoticonXConfused",0.7444444444444445,0.6111111111111112,0.5833333333333334,-0.1333333333333333,-0.1611111111111111
4F-QUOTE-012,4Forums,quote,abortion,abortion At what point are we called human?,"Actually, at the moment I was conceived, someone else became aware of me becoming a human. Brain development does not define a human, it is our potential that helps define us.",According to whom ?,0.4444444444444444,0.2333333333333333,0.2111111111111111,-0.2111111111111111,-0.2333333333333333
4F-QUOTE-013,4Forums,quote,abortion,abortion Early Fetus Not A Human?,this is not backed up by any evidence...if true though...like I said...than it would be wrong to kill. [SEP] than it would be wrong to kill.,"I gave you a link from a medical site,that stated it was harmless in most cases. Why? Are you a Hindu?",0.7055555555555554,0.7444444444444444,0.65,0.03888888888888897,-0.05555555555555536
4F-QUOTE-014,4Forums,quote,abortion,abortion At what point are we called human?,I have done: real science is that which uses the scientific method. Anything else (including mopping the floor) is not real science: it's either incorrectly labeled as science or is pseudoscience depending upon the circumstance.,"http://www.cogsci.princeton.edu/cgi-...n2.1?s=science pscyhology uses the scientific method...people doing earth science use the scientific method, In fact, out of all the departments I listed ALL of them do organized research using a scientific method written by the federal government. All the scientific method IS is A way to learn(research, find out) something, it varies. So a medical doctor can easily be seen as ""in science"" as they do a varation of the scientific method all the time. At the above link says...It is a particular branch of scientific knowledge.",0.1611111111111111,0.7555555555555554,0.7333333333333334,0.5944444444444443,0.5722222222222223
4F-QUOTE-015,4Forums,quote,abortion,abortion Population Control?,It quite entirely depends upon my mood. And quit rolling your eyes before I pluck them out. [SEP] That does not mean I will not make jokes about men and and their hoo hoo dilly's.,"Careful, your Three Letter Syndrome is showing. :) Knock yourself out. Just don't apply your double standard on me and we'll get along just fine. emoticonXRolleyes emoticonXRolleyes emoticonXRolleyes :)",0.25,0.14444444444444446,0.15555555555555556,-0.10555555555555554,-0.09444444444444444
4F-QUOTE-016,4Forums,quote,abortion,abortion 13yr Old Girl wants abortion,I thought I already said that WF emoticonXConfused,"No silly, you said focus like a ""laserbeam"". I said any focus at all. You see there is a difference. Now if you had ""any focus at all"" you would see that :p emoticonXCool",0.8277777777777777,0.7222222222222221,0.7055555555555556,-0.10555555555555562,-0.12222222222222212
4F-QUOTE-017,4Forums,quote,abortion,abortion Why Pro-life?,"No, I disagree that one definition (out of the 5 or so) is accurate as it contradicts the other 4 sources",Show the contradiction. I contend there is none. The one I quoted was the only definition that provided a criteria.,0.8133333333333332,0.8277777777777777,0.8277777777777777,0.014444444444444482,0.014444444444444482
4F-QUOTE-018,4Forums,quote,abortion,abortion Whether you agree or not - It's the dark truth!,"Person can be a legal designation but it doesn't have to be and certainly isn't when referencing human rights. [SEP] Blacks were not ""persons"" legally but I maintain they were always persons and always deserving of human rights. I'd hope you'd agree. [SEP] And for the record, it is obvious that ""person"" in the 14th amendment did not cover the human fetus. This is all the court claimed of which none of it matters because person is not just a legal term. [SEP] They were property for one, thought of as inferior [SEP] for 2, and the constitution declared them 3/5ths of a person. [SEP] For you to even deny that blacks weren't treated as persons under the law in the 1800s is a remarkable rewrite of history and dangerous. [SEP] There you go answering questions again..... The fetus is a member of the human species. Get over it. [SEP] ll that is needed to be a member of a species is an entity with its own DNA if functioning systems. [SEP] Again, you already acknowledged this by calling the fetus a parasite thus implying it was actually a different species. [SEP] They were denied citizenship because they were inferior persons and property... are you actually going to sit here and tell me blacks were treated as persons in the 1800s? [SEP] It certainly did. It claimed they were inferior. [SEP] You already have denied it because a parasite has to be of a different species and you claim no species. [SEP] You seem to think the law is everything [SEP] so if the law defined a fetus or embryo as human (or person if you prefer) then does this make it so? [SEP] Hahahaha, you are no different t ...","Sure it is. It is about rights and therefore about the law. Hmm, backpedaling. Yes, they were always persons and due human rights. So when you make claims about ""rights"" of a fetus as a person, then you know you are lying. Thanks for that admission. Not affecting their personhood despite your claim. False. The 3/5th designation was strictly a census designation but then that's not what I stated, your lie none withstanding. So your false accusation is irrelevant to this discussion. Again, how are members of a species defined? But then if you want to call an embryo an ""entity,"" then you have to do the same for a hydatidiform mole. Are you going to claim the hydatidiform mole to be a human being? Your unique and unworking definition has nothing to do with science. I am not calling the fetus a parasite, your lies none withstanding. I'm saying that the law did not declare African-Americans to not be persons, regardless of your claim that it did. But made no claim that they were not persons. In fact, when you read the Dred Scott decision, it mentions Scott as a person. Didn't you read it? Here you are, check it yourself: http://caselaw.lp.findlaw.com/script...l=60&invol=393 I have not, you are again lying. The law is everything in the area of rights and legal issues. Human would be a biological issue, but yes if the law defined an embryo and fetus as persons, then they would be persons. You need to talk back to the mirror. For the issue of legal issues and rights, yes. Under the law they were at that time.",0.9177777777777778,0.8722222222222223,0.8666666666666667,-0.04555555555555546,-0.05111111111111111
4F-QUOTE-019,4Forums,quote,abortion,abortion At what point are we called human?,"Hmmm. All people will suffer at some point in their life. So yes, I would say that suffering is God's will. It is through suffering that a person achieves perserverance and perserverance produces character. However, I would not say that the purpose of Christianity is to bring souls into the world to suffer. Christianity is the belief of Christ as your savior.","saviour? saviour of what? If suffering is God's will then God is a cruel, unkind, sadistic whatever He/She is. So you can keep your God, thank you emoticonXRolleyes",0.8066666666666666,0.7944444444444444,0.75,-0.012222222222222245,-0.05666666666666664
4F-QUOTE-020,4Forums,quote,abortion,abortion 13yr Old Girl wants abortion,"Yeah, just butcher the baby........His/her life mean nothing...... emoticonXRolleyes",And instead you suggest she be forced to remain pregnant? She means nothing? I err on the side of the woman.,0.6355555555555555,0.7,0.6444444444444444,0.06444444444444442,0.008888888888888835
4F-QUOTE-021,4Forums,quote,abortion,abortion you people are so naive and puerile,"I've already made that clear. One is undeveloped- it is more similar to a simpler organism such as a mollusk or fish than a born human. [SEP] These people are lying to you. You are really doing wrong by trying to ""counsel"" women going into abortion clinics.","The toddler is undeveloped- it still has another 16 years or so to grow up. What about deformed children? Some of them don’t look human. Can we kill them? Remember the elephant man? People treated him as an animal, and he was sold like an animal, and forced to do tricks. At one point, a crowd of people chased after him, and he ran. He finally was trapped in an alley, and yelled out “I AM A HUMAN BEING”. Just because somebody doesn’t look like what you perceive as a human being, doesn’t mean isn’t one. Umm, yeah that’s what ALL is… so what? They offer post-abortion treatment centers too.",0.8733333333333333,0.8111111111111111,0.8222222222222222,-0.06222222222222218,-0.05111111111111111
4F-QUOTE-022,4Forums,quote,abortion,abortion Abortion right or worng?,"Apply the definition you have posted to prove that abortions are done for convenience and, by your logic, prove that abortion = genocide. Don't forget to cite your sources. emoticonXAngel",I think it is time for you to answer some of my questions for a change. Why are most abortions carried out if not because the unwanted unborn are inconvenient.,0.37444444444444447,0.3444444444444445,0.4888888888888889,-0.02999999999999997,0.1144444444444444
4F-QUOTE-023,4Forums,quote,abortion,abortion Early Fetus Not A Human?,"Um, trying to figure out what an addict's heroin has in common with a spontaneous abortion.","If God is responsible for everything, then God is responsible for both.",0.18666666666666668,0.14444444444444446,0.05555555555555555,-0.04222222222222222,-0.13111111111111112
4F-QUOTE-024,4Forums,quote,abortion,abortion you people are so naive and puerile,"No, the medical definition that said that unconsciousness means without a mind. Hence, the fetus is a human being...","We are talking about the noun meaning, not the adjective meaning. Learn the difference.",0.48777777777777775,0.7,0.6722222222222222,0.2122222222222222,0.1844444444444444
4F-QUOTE-025,4Forums,quote,abortion,abortion Why I am pro-choice,The proof is so obvious i really feel i do not need to present it. [SEP] Fact based on evidence. [SEP] A fact is a KNOWN truth. Something that can be backed up and proven. A fact is different than a truth. [SEP] Please show me where a thrid grade science book says that.,"I doubt you have any... It isn't like this is the first time this has come up. So lets see it. It is essential to your argument so you need to provide it. and you just assume the evidence relates to the fact? Perhaps you assume the evidence tested is tested in methods are in reality logical. You beg the question no matter how you look at it which is why you have to have faith in something. Well, many definitions of the word fact. I think it is useless to argue this. A fact can just mean ""a truth that exists"" or it can be a ""something known to exist""....so, whatever. Human (n): 1. A member of the genus Homo and especially of the species H. sapiens. 2. A person Is the embryo not of species Homo sapien? Perhaps you were home schooled",0.7277777777777777,0.7666666666666666,0.7611111111111111,0.03888888888888886,0.033333333333333326
4F-QUOTE-026,4Forums,quote,abortion,"abortion ""They are endowed by their creator with certain inailienable rights...""",It's funny how they would represent something almost all of them opposed in a document protesting wrongs done by the King of England. Where in the DOI does it mention slavery? The decision to abolish slavery was made up. If it were in the DOI (which it's not) then that's when they would have made it up. All human morals are made up,"But it did talk about how people all have the right to life. The founders also knew that slavery should be gotten rid of because it really wasn't consistent with the values they had..however, they expected this would happen later on. If you don't think that the DOI made us a country then you might wanna think again. What day is July 4th again? Just because they knew they would be hung for treason doesn't mean they didn't think a country would be formed. They just knew if their new country failed then they would be hung... I am not claiming that the DOI is a legal document, but like I said, a mission statement...it is what the country is supposed to look to in order to know what we are about. When people start denying this then what is our country based on...what direction are we going in? I think we already see what happens when we forget what the DOI is and what it did. Today we see judges misusing power, congress being a bunch of babies, and more government controls then the founders could ever imagine. It is about time we look to our mission statment to get back on track. If all morals are made up then what is the basis for making them up? One has to have a set up principals or a basis of some kind in order to decide somethign is immoral otherwise what are you comparing? How do you decide it is wrong...Cone is right, Ab got the idea that slavery is wrong because of the DOI and the principals for what it stood. The DOI deosn't say slavery, it says the unalienable rights thing...this was the basis, from that Ab Lincoln decided that slavery violated that...im sure he had so ...",0.7777777777777777,0.7666666666666666,0.7611111111111112,-0.011111111111111072,-0.016666666666666496
4F-QUOTE-027,4Forums,quote,abortion,abortion At what point are we called human?,Based on that information I would have to say that abortion should be legal until 7-10 weeks after conception. Once that time period has passed and the fetus has a functional nervious system and brain then abortion should only be reserved for the rare cases that the mothers life is in danger.,That is something similar to the view of French law that allows elective abortion to be carried out up to 12 weeks into a pregnancy term. I disagree with that position but concur with the view of UK law that recognises that the foetus becomes viable (ie. it would have a good chance of surviving birth) at 24 weeks- at this point and later elective abortion is illegal- although the option of abortion remains for instances where the mothers life is endangered or if the baby has developed various genetic disorders.,0.4944444444444445,0.6166666666666666,0.6277777777777779,0.12222222222222207,0.13333333333333336
4F-QUOTE-028,4Forums,quote,abortion,"abortion ""They are endowed by their creator with certain inailienable rights...""",but an ant or fly is not human life. our constitution assumes an unalienable right to life for all men (human beings). an embryo is human life.,UNALIENABLE!!! RAWR. There is a difference :p Use the correct term..Unalienable...please emoticonXAngel,0.10555555555555554,0.049999999999999996,0.061111111111111116,-0.055555555555555546,-0.044444444444444425
4F-QUOTE-029,4Forums,quote,abortion,abortion New person here,"A newborn child does not totally depend upon his or her mother. It's always handy for the newborn if the mother survived and is available with her resources for the child, but anyone who knows how to take care of a newborn infant could provide care and nurturance for the child. Just a little bit of what it's like in the real world for all the Kool-Aid drinkers.","In most cases newborn children are totally dependent upon their mother. In all cases they are totally dependent. There are horrible cases where the mother neglects the child for various reasons and no one knows about it until it is too late (these cases are far more frequent than people realize). Many times these cases go undetected. These newborns were totally dependent on their mother and there were no other resources for them. Though resources may be available, they are not necessarily utilized, and a newborn can't say, ""hey mom, how 'bout letting anyone who knows how to take care of a newborn infant provide me with care and nurture.""",0.7555555555555555,0.8388888888888889,0.8555555555555555,0.08333333333333337,0.09999999999999998
4F-QUOTE-030,4Forums,quote,abortion,abortion Horton Hears a Who,"So according to you it's consistent to insist that personhood be the determining factor when the rights of women and foetuses come into conflict, while insisting that personhood shouldn't be the determining factor in other situations where rights are on the line. Hang on, I'll get my dictionary... :) [SEP] The physiological changes judged by medical professionals to represent the point at which consciousness and therefore suffering can occur. [SEP] Then we are doing nothing more than exchanging opinions, and your attempts to paint my morals as inconsistent are spurious and irrelevant. Many moral codes of conduct are inconsistent. Therefore I can be inconsistent if I want to be - not that I am, mind you [SEP] Then your argument is entirely meaningless; you won't allow it to apply to anything. You point blank asserted that rights may be denied without denying personhood. Yet you simultaneously insist that in the special case of abortion, we must deny personhood. When I point out this inconsistency, you deny that. [SEP] If there's no slippery slope, then there's no ambiguity, and no problem. Your whole premise is that abortion law is dangerously inconsistent, yet whenever I try to pin down this alleged 'inconsistency' and ask what risk you think it presents, you say 'No, it isn't that, or that, and I never said it would lead to that either', despite clearly worded questions raising the issues as concerns of yours. [SEP] It's starting to look like you don't have an argument, because every interpretation I make of your words, you say it's wrong. What am I supposed to do, figure ...","No one likes a smart a$$. You distort what I was saying. With regards to a personhood, I am of the belief that only persons get rights and that all persons get rights. This isn't inconsistent. Why does this matter? Consciousness doesn't always equate to the ability to suffer by the way. Furthermore, entities other than human can suffer and/or be conscious. I wasn't even addressing your argument to begin with. You seem to have forgotten what this discussion was all about. I recall saying the only logical way to deny rights for an unborn is to declare them to not be a person. Logical inconsistencies don't have to create a slippery slope. Logical inconsistencies just mean somewhere you are wrong. You should start by figuring out what the argument was about which was a so-called right to a woman's body trumping a unborn's right to life given they were a person. You changed the frame of debate to abortion in general and assume my arguments were referring to abortion in general when really they were towards pointing out how the given argument is not a good one. This is what I was referring to above. You are discussing something I currently am not. I keep stressing this point so please understand this. This is absurd and to answer your question, NO...I'm not arguing that and I haven't been (even if I agree with it). If I make the argument that a certain argument is poor then I am not arguing the merits of the issue that argument is about. To apply those arguments to the issue is nothing but illogical. I really think you have just misunderstood what was being argued here. In my dis ...",0.8055555555555555,0.7944444444444445,0.8166666666666667,-0.01111111111111096,0.011111111111111183
4F-QUOTE-031,4Forums,quote,abortion,abortion Why Pro-life?,"This is my last post on this thread because I don't care to get into little debates over semantics, as it is a waste of my time and never would be resolved. I don't really care what you decide to call a human. I will call a human whatever I like whether you complain or not, and in fact I'm willing to bet most americans would say the same. [SEP] Very easily. For instance, would you give somone who has died all of the same rights as a living mentally existant human being? Of course not! And yet, they are still members of the species Homo Sapien, so by not giving them the same rights, that would be discrimination by your standards. See how the definition here is too vague? (On second thought, you probably wouldn't admit it if you did because you seem rather obsessed with the ""official definition"" emoticonXRolleyes ). [SEP] If you look at the second and third listings in the definition another_opinion was talking about, you can see it clearly implies mental existence. Just because one definition is at the top doesn't mean it is more commonly used, it just means they had to write them out in a list. A foetus cannot be worthy of life as it does not mentally (and in many other ways) live. [SEP] Discrimination against a life form that is made of human cells yet is without mental existence does not provide a sense of empathy, and that is why you try to get us to give the appearance of a mental existence, which I for one will never do.","emoticonXCry I get the idea that our English classes are failing on every level. For one, it is hard to be a member of something when you are dead. Secondly, the definition is what it is. Are you proposing that we just each find our own definition for every word and go with it? If the answer is yes then I must admit that I don't understand your post as I have not learned the ancient ShadowPikachu language. My cat mentally lives...she must be a human :) Anyway, they don't imply mental existence. There is no way to assume mental existence is a requirement out of any of those. This one fails due to fallacy. haha, I never claimed to give the appearance of mental existence. I clearly admit that it does not exist for the embryo and most of the life of the fetus. I just happen to think that mental existence doesn't matter.",0.8744444444444445,0.8444444444444444,0.7999999999999999,-0.030000000000000027,-0.07444444444444454
4F-QUOTE-032,4Forums,quote,abortion,abortion Does a Flower Pot deserve rights?,Resorting to these tactics? A little childish don't you think.,"I cannot believe this is coming out of the mouth (or keyboard) of steeeve, who constantly plays false discrimination games with me. And you have the nerve to call me childish?",0.5833333333333333,0.5999999999999999,0.5277777777777778,0.016666666666666607,-0.05555555555555547
4F-QUOTE-033,4Forums,quote,abortion,abortion To Voice of Reason,"I've noticed your latest signature is: "" Abortion is the most barbarbaric act one human being can perpetrate on another."" Are you serious or is this just a slight exaggeration? Are you really saying that you think an abortion is more barbarbaric (since it's your signature you could at least spell it right, barbaric) than what Hitler did in the Holocaust?",Thank you for pointing out my spelling.......Like Will Rogers I am just and old country boy and spelling was never one of my better skills....... I am glad you know about the Holocaust though......There are a lot of people in your age group who believe it never happened........,0.07777777777777778,0.05,0.04444444444444445,-0.027777777777777776,-0.033333333333333326
4F-QUOTE-034,4Forums,quote,evolution,evolution T. rex analysis supports dino-bird link,"** No, the problem is that you didn't read what I wrote,-- due to your kneejerk assumption that 'darwinism' and 'evolution' are one and the same thing.","Ok, true. In that case, your statement was both semi-accurate and completely irrelevant.",0.2777777777777778,0.2777777777777778,0.02222222222222222,0.0,-0.2555555555555556
4F-QUOTE-035,4Forums,quote,evolution,evolution Creationists & The Modern World,Hello.....? Or am I on ignore? I would be interested in your reply to my last post (#11 on the previous page).,"Yes you're on the ignore list, with about seemingly half of the posters who disagree with Arch. When you can't beat 'em, ignore them!",0.049999999999999996,0.01666666666666667,0.01111111111111111,-0.033333333333333326,-0.03888888888888889
4F-QUOTE-036,4Forums,quote,evolution,evolution The Great American Fossil Hoax,"Wow, this new arguement has completely convinced me. Thanks Archangel! We'll just ignore how Piltdown man was marginalized decades before it was outed because it didn't fit with existing knowledge. We'll also ignore that it was the same scientists you villify who actually uncovered, and announced, the hoax. I do like this though: ""But to characterize scientists as arrogant buffoons making claims that often turn out to be false, and to make a caricature out of science because it is not infallible and does not arrive at absolutely certain claims, belies a grave misunderstanding of the nature of science. The buffoons are those who demand absolute certainty where none can be had; the buffoons are those who do not understand the value and beauty of probabilities in science. The arrogant ones are those who think that science is mere speculation because scientists make errors, even egregious errors, or at times even commit fraud to push their prejudices. The arrogant ones are those who can't tell the difference between a testable and an untestable hypothesis and who think one speculation is as good as another. The buffoons are those who think that since both scientists and creationists or other pseudoscientists pose theories, each is doing essentially the same thing. However, all theories are not empirical, and of those that are empirical not all are equally speculative. Furthermore, those creationists who think that Piltdown demonstrates that scientists can't accurately date bones should remember that methods of dating such things have greatly improved since 1910.*"" You must be t ...","Excuses, excuses, excuses. Nothing but excuses. The point is that falsifying info and results has happened many times in the evolutionary search for how man became man. The Latest Evolution Fraud! I can remember as a child flicking through the pages of National Geographic Magazines. I didn't realize at the time, that I was filling my mind full with the evolution myth. Recently, we have seen another example of the evolution hoax being publicized in beautiful living color on excellent quality glossy pages. In the November 1999 issue of National Geographic, we encounter ""Archaeoraptor"", the latest in the never ending series of supposed missing links. A fossil was supposedly discovered in Liaoning, China, which had a reptile like head, feathers, wings and body, like a bird, and the tail of a reptile. And, by the way, the find was made by two scientists who just happened to be funded by National Geographic! Usually it takes quite a few years to debunk one of these frauds, but this one fell apart rather quickly. Upon close examination, it was found that some of the bones, which should be between the tail and the body, were missing. We know now that two separate rock slabs containing fossils had been joined together. So we don't have a missing link at all. We have fossils of two different animals cleverly joined together. And, by the way, the feathers weren't feathers either! It is not suggested here that the National Geographic perpetrated the fraud. It is suggested that, in their zeal to spread the evolution myth, they allowed themselves to be duped by a rather simple fraud. A S ...",0.8277777777777777,0.8555555555555555,0.7555555555555554,0.02777777777777779,-0.0722222222222223
4F-QUOTE-037,4Forums,quote,evolution,evolution would  proof of creationism change your ethics?,"Whoops I meant to say ""100% foreknowledge possible if and only if NO uncertainty """,Exactly. I personally don't belive in 100% foreknowledge.,0.00555555555555556,0.03333333333333333,0.06666666666666667,0.027777777777777773,0.0611111111111111
4F-QUOTE-038,4Forums,quote,evolution,evolution Three problems of evolution,All life is made of lifeless subatomic particles. That's a fact.,Yes... everything is made out of particles. Living creatures as well as all objects are made of non-living subatomic particles. What evolution fails to prove is how life evolved from lifeless bacteria with nothing else around into a tree of complex and intelligent life.,0.01111111111111111,0.00555555555555556,0.01111111111111111,-0.00555555555555555,0.0
4F-QUOTE-039,4Forums,quote,evolution,evolution Big Bang? LOL. You CANT be serious!,"Here is an even better description, god is artificial.",Like a cake? Or Equal Sweetener?,0.09999999999999999,0.08888888888888888,0.02222222222222222,-0.011111111111111113,-0.07777777777777778
4F-QUOTE-040,4Forums,quote,evolution,evolution Big Bang? LOL. You CANT be serious!,Psa 36:2 For in his own eyes he flatters himself too much to detect or hate his sin. Psa 36:3 The words of his mouth are wicked and deceitful; he has ceased to be wise and to do good.,Dude. Seriously. You gotta to stop doing that. People are going to think we are in cahoots. I predict it and then you go and do exactly what I said you do! You are SERIOUSLY jeopardizing our cover.,0.12777777777777777,0.061111111111111116,0.06666666666666667,-0.06666666666666665,-0.0611111111111111
4F-QUOTE-041,4Forums,quote,evolution,"evolution Creation, Evolution, and Religion","I challenge you to show me one solitary place in the Bible where Jesus threatens someone with hell. Use your head, all it does is alienate people. ""Scaring"" people into believing in God is wrong.","Matthew 5:29-30 ""If your right eye causes you to sin, gouge it out and throw it away. It is better for you to lose one part of your body than for your whole body to be thrown into hell. And if your right hand causes you to sin, cut it off and throw it away. It is better for you to lose one part of your body than for your whole body to go into hell."" Luke 12:4-6 """"I tell you, my friends, do not be afraid of those who kill the body and after that can do no more. But I will show you whom you should fear: Fear him who, after the killing of the body, has power to throw you into hell. Yes, I tell you, fear him."" From the mouth of Christ himself. Amazing.",0.888888888888889,0.9222222222222222,0.9,0.033333333333333215,0.011111111111111072
4F-QUOTE-042,4Forums,quote,evolution,evolution Where does science say we come from?,". I've posted heaps of studies on the knowledge bias of scientists (conducted by researchers) and not yet, aside from Ursus have I read any real concession to this fact...",I will concede that humans are flawed and their biases will creep into to anything they do no matter how hard they try. If they try really hard to eliminate bias they will overcompensate. This however does nothing to support your arrogant stance so we ignore the points you make because they don't support your stance. Some people are dishonest so by your logic I should not do business with anyone.,0.5944444444444444,0.5055555555555555,0.3888888888888889,-0.0888888888888889,-0.20555555555555555
4F-QUOTE-043,4Forums,quote,evolution,evolution How did evolution happen?,"Wow... for a skeptic to imply that evidence is weak in their opinion is totally understandable. But to be such a philosophical coward to even have the nerve to suggest that an article titled ""Zooming in on Noah's Ark? Satellites Search for Ancient Artifact"" is nothing more than a Journalistic device shows just how much in denial you are to even accept that the search for Noah's Ark is a serious undertaking on multiple levels. [SEP] What gives the article credibility to one intelligent enough, and open minded enough to appreciate it objectively, is that Space.com is interested in testing the Technologies ability to give a birds eye view of the anomaly and take a totally objective look at the evidence without preference for either perspective. That is what science is supposed to do. Of course with the slanted and one sided perspective that evo comes from, I can understand you not recognizing an actual scientific approach to anything as more than a journalistic device. It's sad really, but such is the reality of those who believe in fairy tale and junk science and try to pass it off as valid as you brain washed puppets do with evo. [SEP] I'll tell you what, PROVE IT!!! I challenge you to prove it didn't happen.","Do let us know when this quixotic search produces results. So far, they've been investigating what are obviously geological formations under the impression they are an Ark. Not very impressive. Only an idiot would be deluded into thinking that's an Ark. of course, with the bias that comes from religious zealotry, i can understand why Creationists can't see anything objectively. The geological record is proof that Noah's Flood never happened the way Creationists claim. One would have to be brain dead to think it did. The fossils are all wrong; the geological column is all wrong; everything is all wrong. Noah's Ark is a myth. Genesis is a myth. Why people insist on taking it as a literal history is a baffling mystery, because there is nothing in favour of it.",0.9199999999999999,0.9333333333333331,0.9666666666666667,0.013333333333333197,0.046666666666666745
4F-QUOTE-044,4Forums,quote,evolution,"evolution I tingle in anticipation of the ""proof""","ok, i will go find one for you","Silent_eko - Can we expect to hear from you by next Tuesday? ;) Here we go again, tingling in anticipation of some promised piece of evidence. Peace, The Bootfitter",0.2333333333333333,0.11666666666666664,0.08888888888888888,-0.11666666666666667,-0.14444444444444443
4F-QUOTE-045,4Forums,quote,evolution,evolution For Bootfitter,"Before you get too deep into a topic you don't enjoy EF, I'm really questioning what your point/goal is. Even if you manage to successfully prove that Archeopteryx is not a true ""transitional fossil"", or that the record of transitional fossils is incomplete, what have you actually acomplished? At best you'll be able to show that the evidence for evolution is incomplete. Ask any biologist or scientist and they'll readily admit that, that's why it's a theory. (Please note the use of the word ""theory"" is used in scientific definition) By all accounts, the data we have from the fossil record is staggering if you consider not only the rarity of fossilization, but the rarity of actual exposure on the Earth's surface to allow us to recover these fossils. The request for a finite, detailed transition in a species that took place over a time period of less than 100,000 years or even 1 million years, amounts to the blink of an eye in geologic time, and astronomical odds of preservation. The lack of 100% proof for something does not mean it's incorrect (you should be well aware of that ;) ), nor does it mean that something else is necessarily a better alternative. Anyhoo, my point here is simply that proving there are some warts on the theory of evolution doesn't really diminish its credibility, it's already stood up to immense scrutiny and passed all the tests so far. More importantly, it in NO WAY increases the credibility of creationism. Waxy","I appreciate your concern waxy. I guess my point is that it is not just the absence of evidence but to look at the evidence objectively. For instance there is a precambrian layer with nothing in it. There is a cambrian layer that suddenly shows vertebrates. This isn't punctuated equilibrium. It goes from nothing to something, all of a sudden. Why is that? As I said, I don't know that much and am still researching. It make take me a week to formulate a really good argument. The stuff I have posted for now is mostly to stimulate discussion on the issue. This all originated because I said that evolution is taught as fact (and I know some on this board that have argued it as fact, Lurch used to anyway, one or two others I can think of). I wouldn't mind if it is promoted as a theory, as long as other possible theories are also examined. Why could one not look at the evidence that supports a creationist view point for instance. Lets look at evidence for and against (in schools) explanations. A teacher doesn't have to say that creation is true. They can say what they believe. They can say why. The kids should be allowed to explore it completely. My point on the other thread is that kids are not allowed. They are taught exclusively evolution as fact. I was.",0.3833333333333334,0.6777777777777779,0.6333333333333333,0.2944444444444445,0.2499999999999999
4F-QUOTE-046,4Forums,quote,evolution,evolution More Endogenous Adaptive Mutagenesis,"Peeling: Then Archangel and Supersport's ""god did it"" is natural too, ...and what if God really did do it? That would sorta make your science seem pretty useless, yes? You guys still have not come up with an example of a mutation that creates any beneficial modification to phenotype so I honestly don't know why you even defending this silly theory and proclaiming it as ""science.""","Sure we have, sickle cell trait is beneficial in that it confers a measurable amount of resistance to Malaria! Do you wish to contend otherwise??????",0.9366666666666665,0.9055555555555556,0.9055555555555556,-0.03111111111111098,-0.03111111111111098
4F-QUOTE-047,4Forums,quote,evolution,evolution Where does science say we come from?,"You say science is biased, but when we say we know that, you post 500 lines showing bias being overcome as proof we're wrong, although you don't make it clear what we're wrong about. [SEP] You continuously throw up smoke screens to try to hide that fact that you know your religion doesn't explain the physical world as well as science does. [SEP] You're wrong. And you know you're wrong. Anyone who dances around a point as much as you do knows that it's a point that will defeat their arguments. So, once again, I ask: why are you here? Why are you in a debating forum when you refuse to debate?","Post 261 I am moving to the conclusion that with Godel's Theorem, I am wrong (still pending further answers). This would not be the first, nor the last time. I show that biases are system-wide in science. It is an attempt to debunk a notion that an argument of science -v- religion is the same as an argument of objective truth -v- subjective truth, or rational thinking -v- non-rational thinking or any other generally anti-religious arguments people use here when they show no insight into understanding just how their own science comes about. Perhaps this criticism is because I am giving too much information that backs up the case for system-wide bias in science. I have thus limited myself to fewer quotes. There are many versions of science. I have shown bias at work; through smoke research. We can now all be wise after the fact and say 'we know smoking is harmful', but that's the beauty of science, it knows things in hindsight. Thus I used the idea of mobile-phones as proof of bias now at work; we can't say whether they do or don't cause tumours; not simply because research hasn't been conducted; research released by the phone companies are in no doubt that mobile phones are safe. Where is the science, and where is the economics-driven-science? This depends on what you limit as the 'physical world'. If I suffer from back pain, science could suggest that it is psychosomatic. How would science be able to explain my pain better than I could? Is 'free will' real? I don't know of science arguments that explain it better than some religious people can. Science, not only can it not ...",0.5944444444444443,0.6666666666666666,0.6666666666666666,0.0722222222222223,0.0722222222222223
4F-QUOTE-048,4Forums,quote,evolution,evolution The Great American Fossil Hoax,"What chimp genes are expressed ""differently"" than in humans, and how so?","ask them: http://www.sciam.com/article.cfm?cha...A795436FEF8039 Based on that figure, experts proposed that humans and chimps have essentially the same genes, but differed in when and where the genes turn on and off. and them: http://www.playfuls.com/news_00374_D...gulation_.html ""humans and chimpanzees are due more to changes in gene regulation than differences in individual genes themselves, researchers from Yale, the University of Chicago, and the Hall Institute in Parkville, Victoria, Australia, argue ""The big question,"" he said, ""is why are humans so different? What sort of changes in the environment or lifestyle would drive such a rapid shift in the expression of genes -- in this case in the liver -- in humans and in no other primate?"" Part of the answer, he suspects, is rapid alterations in diet, probably related to the acquisition of fire and the emerging preference for cooked food. ""No other animal relies on cooked food,"" he said. ""Perhaps something in the cooking process altered the biochemical requirements for maximal access to nutrients as well as the need to process the natural toxins found in plant and animal foods."" lololololololoololololol!!!!!!!!!!! Evolutionary science truly sucks.",0.14444444444444446,0.10555555555555556,0.01111111111111111,-0.0388888888888889,-0.13333333333333336
4F-QUOTE-049,4Forums,quote,evolution,evolution The Great American Fossil Hoax,That you're partial to using strange configurations of fonts and colours? I believe they're still sequencing neanderthal DNA. What percentage of base pair matches would convince you that it *was* human and what that it *wasn't*?,"LOL!!!!!! http://www.dailymail.co.uk/pages/liv...e_id=1770&ct=5 Human and Neanderthal DNA 99.9% identical! Dr Edward Rubin, one of the US and German researchers who have started to sequence the ancient DNA, said: 'We are at the dawn of Neanderthal genomics. Fossil remains have already shown that Neanderthals looked different from us, with heavy brows, low foreheads, and receding chins. They were also much more robustly built than modern humans. lol!!!!",0.17777777777777778,0.07777777777777778,0.0888888888888889,-0.1,-0.08888888888888888
4F-QUOTE-050,4Forums,quote,evolution,evolution Dinosaurs and Humans existed together!  Evos are wrong!,"Without wishing to be a pedant, saying no dinosaur survived KT isn't strictly true. No non-avian dinosaur survived the KT extinction event.","Fair point. :) I always thought that the feathered reptiles around at the time of the K/T extinction weren't classified as dinosaurs, but a little research proved me wrong. Thanks for pointing that out.",0.0,0.0,0.00555555555555556,0.0,0.00555555555555556
4F-QUOTE-051,4Forums,quote,evolution,evolution Big Bang? LOL. You CANT be serious!,Einstein did that and at least had the honesty to admit later that it was one of the biggest mistakes of his life.,"Nope Einstein hypothesized that a cosmological constant was necessary to explain empirical observations. He later on removed that from his models and he always regretted having come up with the idea in the first place. It has nothing to do with immaterial explanations, such a constant would have been material. Indeed its been making a bit of a comeback of late! http://www.physicstoday.org/vol-58/iss-11/p31.html",0.7388888888888889,0.5777777777777776,0.42777777777777776,-0.16111111111111132,-0.31111111111111117
4F-QUOTE-052,4Forums,quote,evolution,evolution Grudgingly conceding some points,"I wonder how one arrives at these sorts of illogical conclusions? These are the types of arguments creationists typically make. They sound very decisive and convincing rhetorically (I especially like the quotes), but they really just don't make any sort of sense.","If this were so, then we'd see vestigial organs cropping up all the time. Instead we don't; we see homogeneity. (and if you're going to use disease as proof this will be very interesting). (We see homogeneity even in the fossil records). Why aren't babies being born with 10 foot slithers of skin on the end of their nose? Who knows, maybe in 1,000,000 years this might be beneficial (or detrimental). I like the loaded statement ... inefficient flagella... by what basis is it 'inefficient'? Is this a scientifically tested concept that has been applied? The flagella has parts that are unique to it. There weren't just a lot of parts lying around serving no purpose that came together to make a flagella. What don't, the quotes or the rhetoric?",0.6944444444444444,0.7555555555555554,0.7666666666666666,0.061111111111111005,0.07222222222222219
4F-QUOTE-053,4Forums,quote,evolution,"evolution ""Freedom"" of speach","Actually, the two scientists didn't contradict each other at all. One said that he got a reaction similar to that from chicken protien, the other said stuctures are similar to those seen in ostriches. These are both just observations of fact, and don't contradict in the least. They're both just saying that dinosaurs had traits in common with some modern birds; they're not saying that they were chickens or that they were ostriches. The only contradiction is between what they said and what Archie thinks they said.","Fair enough, I haven't read the TO page. I stand by my point that discussion of the evidence is the key to scientific advancement, and this inevitably produces disagreement.....",0.00555555555555556,0.00555555555555556,0.01666666666666667,0.0,0.01111111111111111
4F-QUOTE-054,4Forums,quote,evolution,evolution Atheism vs. Creationism,"I wouldn't go calling myself a 'scientist' or anything, but I am a chemist. You are right when you say that sometimes a theory will become its own branch of science, like big bang theory. There are no mainstream cosmologists that do not agree with BBT. To do so puts them outside the mainstream. I for one don't automatically buy BBT, especially the latest concoction, Lambda-Cold Dark Matter Inflationary BBT. From an outside perspective it looks like a bunch of ad hoc garbage. ""Oh, that data doesn't fit the theory. It does if there's 'quitessence' or 'lambda' or 'dark energy' and 'dark matter.'"" It sounds like BS to someone that doesn't understand (like evolution). Actually, it sounds like BS to people who do understand (unlike evolution). From what I can gather from physicists that I have asked about this, to overthrow IBBT without a better theory to replace it would mean too much for the grant funding, peer review, and tenure seeking processes, not to mention rewriting all those books! I've been told that even though IBBT is far from complete and probably wrong, it's still the best theory we have.","someone attempted to start a thread of definitions and before it even started it feel apart. a lot of people get into friction with evolutionist on matters such as the definition and scope of evolution itself rather that really get into the discussion about theories and evidence. rather than GTE, i like the term spontaneous origination... one of the main reasons that creationist group the 3 theories together is because together they collectively replace the explanation for existence that genesis provides. and for scientists to subscribe to 1 or 2 of the theories without subscribing to all 3 is extremely rare. evolution itself is observable and undeniable. genetic variation does arise in species from generation to generation. macro-evolution is an extension of this, where given enough time and generations, one type of organism can evolve into another kind entirely. those that accept macro-evolution usually believe that the living organisms that we see today statred off as simple unicellular primative lifeforms, started of as chemical reactions that naturally fused into more complex molecules. this is the basis of abiogenesis. and even before abiogenesis was the universe itself, that erupted into existence and spewed out matter into space, forming plantary systems everywhere, many with conditions suitable for abiogenesis the 3 theories, BBT, abiogenesis and macro evolution, though considered separated sciences, are related in that together they form a theory that answers ""how come existence"" the alternative, of course, is ""poof! God did it"" anyway, i think there are many peop ...",0.10555555555555556,0.022222222222222223,0.02222222222222222,-0.08333333333333333,-0.08333333333333334
4F-QUOTE-055,4Forums,quote,evolution,evolution How did evolution happen?,"Klown is correct ""thejohn"". You cannot win on the basis of science and simply declaring something does not make it so.",It does when you're a televangelist.,0.5333333333333333,0.47777777777777775,0.3166666666666667,-0.05555555555555558,-0.21666666666666662
4F-QUOTE-056,4Forums,quote,evolution,evolution Evidence Against Creation,"From my speculation, this topic is full of people trying to either prove or disprove evolution. Almost no one ever tries to give evidence against creation. So, what is it?",Because there IS no evidence against creationism.,0.0611111111111111,0.08888888888888889,0.1222222222222222,0.02777777777777779,0.0611111111111111
4F-QUOTE-057,4Forums,quote,evolution,evolution Grudgingly conceding some points,"As I showed earlier, the name Kacha originally meant 'sways' (a verb). But now that it functions as the name of a person, it is a noun as well. Except to Lurch, Iamthetruth and WJA who have all put up their hands to say that a word must remain static. That they have done so is rather brave. Thus when they find a question asking for a 'username' and Lurch chose Lurch, even though it is based on a TV character, it goes back to a verb as in 'to lurch forward'. Lurch must have been furious that he could not choose a 'userverb' instead of a 'username'. Nouns are the name of something. It is one of the most basic of English rules; Iamthetruth is a phrase (not an accurate one in the context of its user), but as he has chosen it as a username, it is now a noun. Thus English grows. In such a way a book called ""Evoultionary Theory"" is the name of a book. But I am being a wee bit too harsh. In part I am at fault for not being able to inform them in a more clearer way, or they'd have understood by now... words can function in different ways. I hope that they will understand that a book title is a noun. That it might be made up of totally different types of words is irrelevant. Once they are together, and functioning as a name, they are a noun. How they can cope with things such as the sci-fi film ""THX-1138"" I am unsure. It was created as the name of a character, and must, according to fuctional English be a noun. But for them, it is a nothing. Hopefully they can admit to their error and we can move on to where Lurch believes that there can be more than 14 different species of Darwin's ...","Please don't misrepresent my position, I care little for your petty argument regarding the usage of words, nor do I care for your obsession with Darwins finches, you seem to think that this is somehow important and that it in some way disproves evolutionoary theory. What I do care about is your inability to present a positive argument for the existance of a god and creation YEC, OEC or otherwise. Evidence , my dear chap, provide some good old solid EMPIRICAL data and evidence to support your somewhat wobbly position. Here's an example; There mere existance of SN1987A proves beyond a shadow of a doubt that the bible is wrong, in particular Genesis. I/we/the scientific comunity, have evidence, where is yours to show us otherwise?",0.8933333333333333,0.5444444444444445,0.7,-0.3488888888888888,-0.19333333333333336
4F-QUOTE-058,4Forums,quote,gay_marriage,gay marriage Gay Tolerance in U.S. Reaching Record Marks,"Right, and after 7 posts and 2 days on this forum, you know the depth of my knowledge regarding other religions, HOW ? Is this a new persona for an existing member again ? Another philosophical coward who lost all credibility so you felt the need to recreate yourself ? Please note the bolded: I make no excuses for the sins of man or the crimes the church has committed in jesus name. I'm not now, nor have I ever been an apologist for the Church. But Jesus Gospel message of Salvation is a message of Love and acceptance. But before you jump on me for demanding that sinners change their lifestyles when receiving His gift of Salvation. Just remember that every time Jesus healed someone, or forgave their sins, He said, ""Now Go And SIN No More"". With forgiveness must come repentance, or the acceptance of His forgiveness isn't sincere or real. In other words, faith is followed by action. Without action the perceived faith is nothing more than lip service. Mohammeds teaching though demand obedience under threat of torture or death. rejection of Islam is punishable by death. and these precepts were created by Islams founder Mohammed. That is pretty strong evidence that it's a religion of control and domination. One of forceful obedience, fear and hate. But never love or compassion for its fellow man. Deny it if you like but that doesn't change the reality of what it represents to the World at large.","Well, Nancy, I know enough to boldly claim that with the quote in your profile that represents a diatribe towards atheism, not to mention that you are haughty enough to include your own personal quote in your profile, and yet you hypocritically accuse others of their diatribes (yes, I've been around long enough to witness that, and it only took a few days), that you have lost all credibility. Therefore, my previous statement stands. Whew, that was easy!",0.47111111111111115,0.4388888888888889,0.24444444444444446,-0.03222222222222226,-0.22666666666666668
4F-QUOTE-059,4Forums,quote,gay_marriage,gay marriage Another state to vote on banning gay marriage,"I am perplexed by the advice that we should follow the example of the women's movement. First of all, the ONLY right that women won by convincing the nation to amend the Constitution was the right to vote. We already have the right to vote. [SEP] MOST of the advances have been based on ""activist"" judges reading ""citizen"" in the Constitution as inclusive of women, ignoring the ""obvious intent"" of the writers to refer only to white males (amended with 14 to include black males -- thus causing half the Founding Fathers to spin in their graves at very high speed).",So you don't consider a woman's right to vote a civil right??? Interesting. emoticonXWow The Civil Rights Act of 1964 and the Amendments were the most relevant and influential elements in civil rights--it seems the trend these days in your movement is to not use Acts and Amendments but instead to use the courts as a means to an end to avoid using an Act or Amendment. Probably because you know you have a snowball's chance in hell of getting one.,0.7333333333333333,0.6444444444444444,0.5666666666666667,-0.0888888888888889,-0.16666666666666663
4F-QUOTE-060,4Forums,quote,gay_marriage,gay marriage Federal Marriage Amend,"Don't you think people should have the right to make choices, especially choices about their lives?",I'd hazard to guess not.,0.43666666666666665,0.3611111111111111,0.4222222222222222,-0.07555555555555554,-0.014444444444444426
4F-QUOTE-061,4Forums,quote,gay_marriage,gay marriage Doesnt public opinion matter?,"well, please tell me how it wouldnt affect society in a bad way and actually be good for it.. Cause there are too many things to list for it to be a downfall.","Look, you stated it would effect society, I didn't. It is up to you to support your statement, not for me to disprove it. If there are so many, surely you can come up with at least a few.",0.6033333333333335,0.6833333333333332,0.6888888888888889,0.07999999999999974,0.08555555555555538
4F-QUOTE-062,4Forums,quote,gay_marriage,gay marriage God or politics ?,"Do I believe you should be allowed to discriminate? Well sometimes. I think you can discriminate based on age such as 15yr olds not being allowed to marry. But yeah, the majority can vote in discrimination against anyone I guess (doesn't mean I would be for it...or vote for it). I understand this to be part of ""freedom""..you are free to restrict freedom.","So what if they do? They does not mean they should run ramapant over other people's lives. What? Do you think the sun rises and sets in your rear? It hurt the SLAVES. They were real live people that were being hurt by a majority who just thought it was wrong to grant them rights as people. This argument is barely followable. Demostrate how you will be harmed by gay marriages. Many in this forum have demonstrated how gay people and families are hurt by not allowing it. Tag your it. Prove hurting your little feeling matters more than protection for families. It doesn't have to be faith - but it usually is. However, let me rephrase ""restricting the actions of indivuals to appease the morality of others when said action does not impact them is not reasonable in a free society."" My faith says absolutley nothing about 17 year olds getting married. the law does. Change it. Frankly I don't care. I just understand the reasoning behind it. He could quit. Then you completely misunderstand freedom.",0.8922222222222222,0.7999999999999999,0.8777777777777778,-0.09222222222222232,-0.014444444444444482
4F-QUOTE-063,4Forums,quote,gay_marriage,gay marriage Why do you support/reject gay marriage?,For example????,"2000 election, Roe v Wade, Loving Versus Virginia, etc. Scotus is no stranger to controversial cases.",0.004444444444444448,0.01111111111111111,0.01111111111111111,0.006666666666666662,0.006666666666666662
4F-QUOTE-064,4Forums,quote,gay_marriage,gay marriage Us no longer the home of the free,"By the same argument I could say the legislature was following the Buddhist precepts, or the philosophy of Aristotle.","Or the Code of Hammurabi, which pre-dated Judaism by centuries. I find it interesting and a little frightening that so many people appear not to be able to distinguish good from bad through their own observation and thought processes, but instead have to rely on orders from a supernatural being as put forth in a fragmentary, badly translated 2000-year-old book to tell them what's ""moral.""",0.02555555555555555,0.061111111111111116,0.01111111111111111,0.03555555555555556,-0.01444444444444444
4F-QUOTE-065,4Forums,quote,gay_marriage,gay marriage Would you be for two biologically related gay brothers or sisters to marry?,Actually it seems you are the one that is sick. You have this obsession with what others do with their sex life and want the government to try and prevent any kind of sex you don’t approve of. It looks like you are trying hard to repress homosexual desires you have. Otherwise why do you care what others do when it doesn’t affect you? I'm not for or against what other adults do with their consentual sex life. It's none of my business.,"You have the nerve to call me sick when there are others on here saying that it doesn't matter if people engage in incest, and give reasons like its ok if they love each other...Go look in the mirror for sickness!!!! You not commenting on phuntings response to me (after I asked him to respond to me a fourth time, which I thank him for, though I disagree with his response) disturbs me, as it should anybody.... The only obsession is see is the obsession gays have in seeking acceptance for their lifestyles.... No, there are no desires that I am trying to repress...Especially not sick homosexual desires.... That tired, worn out method of calling people 'closet cases' won't work with me...Maybe you are the closet case and don't like me bringing stuff like this up???",0.8255555555555555,0.7611111111111112,0.7333333333333334,-0.0644444444444443,-0.0922222222222221
4F-QUOTE-066,4Forums,quote,gay_marriage,gay marriage Way to Solve the debate about marriage,"Oh come on. You know good and well analogies are a perfectly acceptable common tool in discussions. [SEP] Well you've made quite a quantum leap from the church's view on homosexuality to selling guns (designed to cause physical harm). [SEP] It's very telling when others seem much more concerned about the gun salesman (or church, if you will) and are much more eager to have them ""take responsibility"" (whatever they mean by that) than the perpetrators who actually did the crime. [SEP] I don't think any Catholic church leader (that I know of) in modern times anyway has ever decreed ""conduct violence against homosexuals."" [SEP] I'm curious as to what degree of responsibility you think the church should take for all this supposed production ""of the perps"", and persistence ""in inflammatory accusations laced with known-misrepresentations?"" [SEP] SInce you seem so much more eager to blame the church than the nutcases who are supposedly influenced by the church, how much responsibility should the church take? What do you suggest the church should have to do? What should their, er . . . penance be? [SEP] I'm surprised you wouldn't think that all three of those go hand-in-hand. If there's really prejudice and REALLY fear, then there IS ignorance.","Well, in this case, we have the very real-life example of the Pope's apology to the Jewish people. The real-life example is quite illustrative all on its own. It doesn't need tools to illuminate nuance. See, here's a good reason to stick to real-world examples instead of analogies when they're not needed. What I've had in mind while discussing the moral responsibility of creating an atmosphere conducive to violence is what I said I was talking about, Catholicism and the history of anti-semitism. I think it's ""very telling"" as well. That's why the Pope's words meant so much to Christians and Jews. Not in modern times. Again, I was thinking of anti-semitism (though the immediate topic was ""Max""). But if you want to tie those words to what I think about hate crimes against gay people, we'd have to focus on fundamentalist preachers and fundamentalist imams, not Catholic priests. (and quite a few supposedly ""moral"" politicians speaking out in religious terms) I think the Pope considers it more er . . . atonement than penance. Mostly it seems to consist of a open pursuit of understanding. You'd have to ask him what the details of his plan are. Couldn't there just as easily be willful malice?",0.731111111111111,0.6444444444444445,0.538888888888889,-0.08666666666666656,-0.19222222222222207
4F-QUOTE-067,4Forums,quote,gay_marriage,gay marriage N.Y. Top Court Rules Against Gay Marriage,"It's more than I expected, and obviously the best I'm going to get for now, so I guess it'll have to do.","Whew! Man, for a second there I thought I was actually going to screw up royally and disappoint you! That was a close one.. I'll sleep better now . . .emoticonXRolleyes",0.10666666666666666,0.06666666666666667,0.01666666666666667,-0.039999999999999994,-0.09
4F-QUOTE-068,4Forums,quote,gay_marriage,gay marriage this has been slightly bugging me...,"I am intolerant of fundamentalist anything. It is too black and white! I don't mind christians, but not fundamentalist chrisitans. Examples...J. Falwell, james Dobson, Pat Roberson, GW Bush.",I am a fundamentalist christian. I also have a sister in law who is gay. My wife was gay. I have many gay friends. I do not judge them. i know God loves them as much as he does me. How could I judge them. Your intollerance lumps people together into a category. It is the very definition of prejudice. To Pre(occur before) judge(decide on the evil or good of a thing).,0.8911111111111112,0.8444444444444444,0.7777777777777777,-0.046666666666666745,-0.11333333333333351
4F-QUOTE-069,4Forums,quote,gay_marriage,gay marriage N.Y. Top Court Rules Against Gay Marriage,"No. You never asked me this. No, it is not a strawman to wonder why I think a legislature can legitimately vote on a definition for marriage. But it is a strawman to take what I have said (which was that marriage is subject to democratic processes), substitute for what I said something I did not say (i.e., that because I believe in democracy, I am defending oppression and discrimination), and then suggest that I support oppression and discrimination. This is what you did. And that is a strawman. And your point of view would be wrong.","That is the problem marriage should never be subject to the democratic process. I can only assume that you want marriage to be subject to the democratic process because you want to discriminate and oppress. Why then, if this is not true do you want to subject marriage to the democratic process?",0.8555555555555555,0.8055555555555555,0.7444444444444445,-0.050000000000000044,-0.11111111111111105
4F-QUOTE-070,4Forums,quote,gay_marriage,gay marriage Study Finds Gay Unions Don’t Last,"If that's the implication of that original post, then I will agree with you. However, I don't think it is inaccurate to assume that parts of the body evolved to do specific tasks.",And the specific task of the male nipple is... what?,0.72,0.7,0.6222222222222221,-0.020000000000000018,-0.09777777777777785
4F-QUOTE-071,4Forums,quote,gay_marriage,gay marriage Why should people be allowed to vote on my marriage,It wouldn't have been an epidemic in Africa either without the spread in the homosexual/bisexual community initially. A soldier raping a woman can't give her AIDS if he isn't a carrier in the first place. This is a chicken and egg issue and we know what the egg is. It just isn't a politically-correct egg. TFB!,"You seem to be suggesting that if two uninfected homosexuals have sex then, hey presto, aids results. Whereas, an uninfected hetresexual can rape without worry. Maybe I'm mistaken. Where did the first politically incorrect egg come from?",0.6744444444444444,0.6444444444444444,0.5777777777777778,-0.030000000000000027,-0.09666666666666657
4F-QUOTE-072,4Forums,quote,gay_marriage,gay marriage Doesnt public opinion matter?,But sometimes they do things that are wrong... and you gotta fix it.,Homosexuals don't need to be fixed. Can I fix you to like something you don't. You can and will be turned on my the same sex. If they can change so can you. Dumb XXX thing to say......,0.8633333333333333,0.8555555555555555,0.8333333333333333,-0.007777777777777772,-0.030000000000000027
4F-QUOTE-073,4Forums,quote,gay_marriage,gay marriage Gay Tolerance in U.S. Reaching Record Marks,"I, for one, really think you need to spend more time on your knees in prayer to your god/man asking him how to remove the log from your eye, Archie. Once you've accomplished that, then you should spend time on your knees thanking your man/god for helping you accomplish that. That should take you the rest of your miserable life.emoticonXGood","Practice what you preach samiinh. Because I already do what you suggest and you need it so very much yourself. And I say that with love my friend. I hope for the healing power of Gods love to pierce your soul and heal you of the sin that currently guides your life. And realize that I say nothing to marginalize you or to oppress you as a gay person. I am trying to show you another way of thinking and living, nothing more. And you have every right to reject my views and I wont hate you for it. I hope you don't mind if I pray for you though.",0.5277777777777778,0.48333333333333334,0.5777777777777776,-0.04444444444444445,0.04999999999999982
4F-QUOTE-074,4Forums,quote,gay_marriage,gay marriage Why should people be allowed to vote on my marriage,I keep hearing the statement let the people decide or let the people vote. Why should people be allowed to vote on my marriage? No where else and in no other civil rights aspect do we see this type of statement.,"Because Matthew, society has to take the time to define its standards. We don't start with the assumption that anything-goes; standards are developed over time. Your question is no different than the recent couple in Germany in the news who are brother and sister wondering why they should not be allowed to marry. Marriage laws have to have limits somewhere in terms of what sort of arrangements of people suffice to be considered marriage, and this is all a part of simply determining (over time) where those limits fall. Many rights in our society DID have to go through a people-deciding process, so you are wrong that on no other issue do we see that sort of thing happening. In fact, even with civil rights itself, it happened in the form of the Civil Rights Act of 1964. It happened earlier than that with women's suffrage. Voting on civil rights is a well established precedent. Some things have become rights, some haven't. It's a process that our society goes through in defining its standards. The problem is that some in your movement seem to want to circumvent that process.",0.9244444444444444,0.9222222222222222,0.9111111111111112,-0.0022222222222222365,-0.013333333333333197
4F-QUOTE-075,4Forums,quote,gay_marriage,gay marriage New York State Supreme Court 2-4-05,It's not the court's job to redefine marriage. That's the job of the people.,"Again, no one redefined marriage, the dispute was who is entitled, under the constitution to be protected by the existing law. The courts ruled that everyone regardless of sexual orientation should be protected under the EXISTING LAW. To do any differently would be to create second class citizens. That was the ruling. If you'd stop stealing language from bush and read the case, you would get it.",0.9077777777777778,0.888888888888889,0.8777777777777778,-0.018888888888888844,-0.030000000000000027
4F-QUOTE-076,4Forums,quote,gay_marriage,gay marriage Why do you support/reject gay marriage?,"I started this thread, in good faith, at the request of Jaxian. The intent was to have an honest debate over the pros and cons of gay marriage without the emotional outbursts, name calling, invectives and deragotory comments that I was seeing in other threads on the topic. Unfortunately, some have found it impossible to debate the topic in a logical, civil manner. So, in an attempt to keep the debate civil, I'm not going to respond to cheap shots, personal attacks and inflammatory comments. If you have an opinion to voice, please do so in a respectful manner and I will reply in kind.","What were you referring to specifically that is not civil and logical? I think most of us are trying to deal with your opinions logically, and we are showing your fallacies of logic. What is not civil and inflammatory?",0.6055555555555556,0.4222222222222222,0.538888888888889,-0.1833333333333334,-0.06666666666666665
4F-QUOTE-077,4Forums,quote,gay_marriage,gay marriage Mass. Amendment to ban Gay Marriage and Civil Unions...,"Don't dodge. You were asked to prove that the priests admitted to being gay. I have no interest in your definitions, that's not the issue. I want to see your proof that the preists said, ""I'm gay.""",Dont hold your breath!,0.3244444444444445,0.3055555555555556,0.2888888888888889,-0.0188888888888889,-0.03555555555555556
4F-QUOTE-078,4Forums,quote,gay_marriage,gay marriage Why do you support/reject gay marriage?,"Both can be called discriminatory and both ARE discriminatory; there is no doubt about that. The difference is that one is discriminatory for a good reason while the other is discriminatory for no good reason, or at least I believe there is no good reason to discriminate against same-sex couples. Whether that reason exists is the heart of the debate. [SEP] In the case of same-sex marriage, I have to assume that we are not giving benefits to people based on their religious beliefs regarding what constitutes a marriage.","Well, I don't mean for this to become a social security discussion, but I think your arguments for saying the the one case of discrimination is any better than the other is weak. There are plenty of people out there who don't make it to 62 (and some may even know they won't), so the argument that 'we're all going to get SS sooner or later' doesn't really hold up. And the argument that younger people don't need help is not compelling either--many certainly probably do need financial help--just like many gay couples can claim to need to the benefits of marriage. The point here is that the govt. has numerous programs in which they discriminate, and anyone could argue that they such discrimination for any of those programs is bad. Social security, pell grants, disability payments, marriage benefits, etc. are all forms of benefits the govt. gives out and none of them were around when the constitution was drafted. To say that gay marriage is an example of inequality or denial of rights is to claim that about any of these examples, because they are all examples of benefits given based on criteria. Your claim that you should get marriage benefits is no different than a healthy person claiming it's unfair for his neighbor to get disability payments or no different than a younger person saying social security is unfair. Both could be cases where there is indeed a need there despite not meeting the criteria. I think the real issue here is that you are trying to cash in on a form of govt. benefits for which you don't meet the criteria. The standard for what constitutes a marriage has b ...",0.8955555555555555,0.8833333333333333,0.9111111111111112,-0.012222222222222245,0.015555555555555656
4F-QUOTE-079,4Forums,quote,gay_marriage,gay marriage what is your opinion on gay marrages???,Having trouble with you reading Steeeeven? Dont know what an opinion is young Steeeeven?,"perhaps you should have spelt marriage correctly?? You can cut the XXXX anytime... Since you refuse to be more specific I will just write what I feel. My opinion on gay ""marrage"" is that it is a union that is illegal in most parts of the United States. It normally means two people of the same sex trying to join in a union similiar to a traditional marriage of a man and a woman.",0.3611111111111111,0.22222222222222224,0.3611111111111111,-0.13888888888888887,0.0
4F-QUOTE-080,4Forums,quote,gay_marriage,gay marriage what is your opinion on gay marrages???,Should it be made legal?,"I'll assume you mean ""would I like it to be legal"" or ""would I vote for it to be legal""....oddly enough I have to decide this in a few months. Either way...no to both of those.",0.06999999999999999,0.12222222222222223,0.03888888888888888,0.05222222222222224,-0.03111111111111111
4F-QUOTE-081,4Forums,quote,gay_marriage,gay marriage Marriage Only! Ma-sjc,"You shoud send your views to the whitehouse. Apparently the bush administration also disagrees with you (as do most legal experts). They disagree with you so much, that they are trying to pass a constitutional amendment. If you are right, they are wasintg all that time, energy, and spending a fortune on constitutional scholars who say that it IS descriminatory according to the supreme courts rulings on equal protection. [SEP] If you are right, they don't need the constitutional amendment (which is only needed to nullify the equal protection caluse in this case) [SEP] Of course, we all know that equal protection has been pretty braoadly applied to mean EVERYBODY, not just based on race, religion, etc...","George Bush's comment reguarding the Mass supreme court's ruling on sam-sex-marriages was to the extent of ..""deeply disturbing"". I dont see how that would be disagreing with me If Im correct about what? Everyone falls into the categories of race, religion (or lack thereof), national origin, color, ect... And no one has the power to contol these things (except religion).....The states are more than welcomed to add to the list in certain areas (civil union, work) as long as they do not infringe on the basics the federal gov. has established.",0.53,0.5444444444444445,0.6,0.014444444444444482,0.06999999999999995
4F-QUOTE-082,4Forums,quote,gay_marriage,gay marriage Why should people be allowed to vote on my marriage,"So if I use your belief on another topic, say slavery, you then would conclude that slavery was neither cruel nore injust 1 since it was a legal and traditional activity practiced since OG was in the cave 2 slaves should not think it was cruel and unjust because they had no legal rights and standing and thus was not cruel and unjust since they were slaves. My point is just because something is the law or not the law does not make it any less cruel or unjust when viewed from a certain perspective.","Ah yes... I was wondering when Dred Scott would make his guest appearance. The horror of an entire race of people held in bondage simply does not equate to two individuals renaming a civil union to suit their purposes. Your claim basically is that since folks were once legally held as slaves, laws must necessarily be irrelevant. I believe your case is rather more like that of the 20 year old adult claiming the right to legally purchase alcohol based on the fact that prohibition was once a law.",0.9133333333333332,0.8222222222222222,0.8444444444444444,-0.09111111111111103,-0.06888888888888878
4F-QUOTE-083,4Forums,quote,gay_marriage,gay marriage Why? Why Not?,Still attacking the messenger rather than the message I see. Why not just deal with his post?,I was questioning his incongruity.,0.2644444444444445,0.3888888888888889,0.4333333333333334,0.12444444444444441,0.16888888888888892
4F-QUOTE-084,4Forums,quote,gay_marriage,gay marriage Teacher reads 2nd-graders story about 'gay' wedding,"I love it. More stupid, paranoid parents for me to mock mock mock. They are sooo part of a great big problem.","a quote from Matthew: and a quote from jitobear: See, I didn't make this up. The thing is, this IS a sensitive subject. Both sides need to stop calling people ""stupid"", ""bigots"", among other stuff, because when we can't effectively communicate then we really get no where but angry. Then you get somewhat ""neutral"" people like me, not even going ""there"" on this subject, because what is the point, no one wants to see the full picture. Just call 'em XXXXX or bigot, that's about the extent these two sides seem to come to. Am I right or am I right? That's just my two cents.",0.49333333333333335,0.33888888888888885,0.32777777777777783,-0.1544444444444445,-0.1655555555555555
4F-QUOTE-085,4Forums,quote,gay_marriage,gay marriage BAN gay Marriage?,Jake good try at manipulating scriptures. [SEP] Jesus is all about family values. [SEP] The point of thsoe scriptures is that His gospel is above everything else. [SEP] The only thing that comes before family is GOD. He loves families but won't let a family bring someone down.,"I wasn't manipulating anything, I quoted the literal scriptures. Yes, and I pointed out exactly what kind of family values. That's true of one of the verses I quoted: ""And everyone that hath foresaken houses, brethren, or sisters, or father, or mother, or wife, or children, or lands, for my name's sake, shall receive an hundredfold, and shall inherit everlasting life."" Matt. 19:29 One could be a dead beat dad who foresakes his wife and child, and claim one did it for Christ's sake, and be richly rewarded for doing so, and have everlasting life. The verses don't say that... ""If any man come to me, and hate not his father, and mother, and wife, and children, and brethren, and sisters, yea, and his own life also, he cannot be my disciple."" Luke 14:26 (KJV) Doesn't say hate your family compared to me, Jesus. It just states hate your family. Why should hate enter into it at all? Apparently I must hate my mother to be the disciple of Jesus. ""For I am come to set a man at variance against his father, and the daughter against her mother, and the daughter in law against her mother in law."" Matthew 10:34 That's why he is come. He hasn't come to make peace within families and to encourage togetherness of families.",0.9066666666666667,0.8666666666666667,0.888888888888889,-0.040000000000000036,-0.01777777777777778
4F-QUOTE-086,4Forums,quote,gay_marriage,gay marriage Why do you support/reject gay marriage?,"Joe, what would make you say something like that? I feel like one of the most loved people in the world! I think that is part of the reason that I DO hope to see gay people moving out of a life of perverison. Why is it that you cannot accept that people have concerns about this issue of homosexuality? That doesn't make them a bigot. [SEP] Sure I am. That's why I am for civil rights for everyone and always have been--but homosexuality and gay marriage isn't a civil right. This is a non-related issue. [SEP] Hey Joe, you are a bigot. (There, I too can say it where it doesn't apply.) If I were a bigot, don't you think I'd be FOR discrimination? I'm not.","Actually you are a bigot. big·ot ( P ) Pronunciation Key (bgt) n. One who is strongly partial to one's own group, religion, race, or politics and is intolerant of those who differ. Uh, CIVIL MARRIAGE LAWS are indeed a Civil Rights Issue. What part of LEGAL MARRIAGE don't you get? Yes, actually joe does display some traits of being a bigot, just as you do also. You are ""FOR"" discrimination in that you are against LEGALIZED MARRIAGE for gays. Something you are afforded your rights to, but gays are not in kind. ~: Note: I said ""in kind"" meaning the right to marry the person to whom one in question is attracked to...:~",0.8922222222222221,0.8388888888888889,0.8222222222222222,-0.05333333333333323,-0.06999999999999995
4F-QUOTE-087,4Forums,quote,gay_marriage,gay marriage All things love...,"I think you know full well that's not the case--gay people are indeed fighting for validity and recognition of marriage from a cultural standpoint. That's why gay marriage is so opposed--because of the cultural changes--the impact it has on the institution of marriage. [SEP] If gay people were only out for the ""legal"" benefit of marriage, their activists would be content with something like national civil unions that could address the legal issues, and would be more open to find ways to meeting those needs other than redefining marriage in this country to fit gay couples. You say the terminology (""marriage"") isn't what's important, and to call it anything we want. But it's your movement who is insisting on the ""m"" word. [SEP] Indeed it wouldn't happen immediately, but one only needs to look at the situation in Scandanavia to see how marriage as an institution erodes when broadened to such a wide-open definition. When we allow any group that comes along who says 'I want MY kind of relationship to be a marriage too' to have their way, it waters the institution down every time.","Although many people in the gay rights movement wish for people to accept their relationships, but they not fighting to write that recognition into law, they are fighting to be treated equally. I do not doubt that people will come to accept same-sex marriages to a greater degree if same-sex marriage is legalized, and this will happen because our laws will no longer teach that opposite-sex marriage should be elevated above same-sex marriage. I also have no doubt that this will make many people happy. But I can assure you that the reason gay people fight to legalize same-sex marriage is not that they want people to recognize them, but simply because they want equal treatment under the law. It is not ""instantaneous recognition"" that they seek, it is a fair chance to promote their own beliefs and to be treated equally under the law. I should think that you would know the reasons for legalizing same-sex marriage as well as anyone. Those reasons do not include ""people will recognize same-sex couples"". Those reasons do include, ""same-sex couples are not treated fairly under the law"". Legalizing same-sex marriage will not have much impact on marriage, and that impact will be nothing but positive. Opponents of same-sex marriage seem to me content in saying, ""marriage will be impacted"" without considering the fact that it will change in a positive fashion while not affecting their own marriage in any fashion whatsoever. Activists are out for the legal benefit of marriage, but that benefit includes an impartial view of the morality of same-sex and opposite-sex marriage under the law. ...",0.8444444444444444,0.8166666666666667,0.7555555555555554,-0.02777777777777779,-0.08888888888888902
4F-QUOTE-088,4Forums,quote,gun_control,gun control Second Amendment,"If the US code provision I cited was enacted after 1934 (and, given what it talks about, I don't think it is necessary for me to verify that), then it trumps your statute by standard rules of statutory construction.","You wish..... If what ""you"" think is correct (which it isn't) then they would have have to ammend the given statue. Since they didn't it is therefore legal to own. In the same link I provided do you also suggest that: ""(1) any explosive, incendiary, or poison gas (A) bomb, (B) grenade, (C) rocket having a propellent charge of more than four ounces, (D) missile having an explosive or incendiary charge of more than one-quarter ounce, (E) mine, or (F) similar device;"" are also ""illegal"" because your statue ""trumps"" mine? If so, you are sadly mistaken and fail to grasp what is legal here in the US and what isn't.",0.9044444444444445,0.8722222222222222,0.8611111111111112,-0.03222222222222226,-0.043333333333333335
4F-QUOTE-089,4Forums,quote,gun_control,gun control Against guns,"give every man woman and child a gun and let them fend off for themselves. what a great idea!! we can do away with the Police, security guards etc. Give Bush a gun and do away with the Secret Service. Just like in Iraq today and what a great place that is. Guns are only killing machines be it for killing humans or animals. The so called hunters are just killers hiding behind the word: sport. All guns ought to be banned. And every country would become as safe as Japan.","When they banned guns in Australia, did the sale of poison go up? emoticonXWow",0.6555555555555557,0.5666666666666667,0.5777777777777776,-0.08888888888888902,-0.07777777777777806
4F-QUOTE-090,4Forums,quote,gun_control,gun control Gun free Zones,This post is about gun free zones not keeping criminals from taking guns into them. [SEP] The problem with your point is you treat law-abiding citizens as criminals!,"I attacked nobody. I simply stated that I find the term ""safety nazi"" offensive. So don't use it. And WHAT FACTS? emoticonXWow Just when I though I heard every illogical and contradictory statement you could make...you continue to amaze. So you don't mind if a few innocent people die...just as long as we don't treat them like criminals?",0.7899999999999999,0.7222222222222221,0.7666666666666666,-0.06777777777777783,-0.023333333333333317
4F-QUOTE-091,4Forums,quote,gun_control,gun control Against guns,"I agree with your last statement. As a matter of fact it was going to be covered by AM on ABC radio today; unfortunately I missed it, forgot to tune to the ABC while drivng to work I remember that subsequently to the gun controls laws, the ownership of swords, knives, machetes, hunting bows etc was also controlled.","How about table knives and baseball bats, too? No sense in missing anything. emoticonXRolleyes",0.5555555555555556,0.4222222222222223,0.5111111111111111,-0.1333333333333333,-0.04444444444444451
4F-QUOTE-092,4Forums,quote,gun_control,gun control What's your interpretation of the second amendment?,"What really matters is that when posting these things the majority of people reading them can vote in your country. So, you making a non-case is sort of letting the side down... when you attack me rather than the message. It's like me saying ""What's the weather got to do with anything?"" :) without making a statement as above.","You've already defecated in your country with your gun control. Please do not defecate in mine. Please note, there are absolutely ZERO pro-gunners telling you what to do in your country or trying to bring any opinion of gun control to your country. You are not here to bring a message. You are here trying to convince others you are right. So don't try to hide your feces wraped in some intellectual thought. You want a public policy and are trying to influence a public policy in this country. Your imperialism sickens me.",0.7122222222222222,0.6611111111111111,0.6888888888888889,-0.05111111111111111,-0.023333333333333317
4F-QUOTE-093,4Forums,quote,gun_control,gun control Banning guns means more freedom,"""Freedom, as those versed in even rudimentary political science know, comes in two variants, freedom 'from,' and freedom 'to.' Both of these are crucial in American society. We all want freedoms 'to' do things that benefit us, and we want freedoms from things that harm us."" Do you want to have more freedom by giving up your guns? We could have freedom from gun violence and freedom from high taxes that are caused by thousands of gun injuries each year. ""The cost of firearm injuries in the US in 1990 was an estimated $20.4 billion. This includes $1.4 billion for direct expenditures for health care and related goods, $1.6 billion in lost productivity resulting from injury-related disability, and $17.4 billion in lost productivity from premature death. (Max and Rice, 1993)....There you have it: costs of up to $20 billion, most of which is borne by the taxpayer, which limits our rights and freedoms. Hundreds of thousands of injuries, limiting the freedoms of those shot, and tens of thousands of deaths, completely halting those freedoms. ""Rights come from one of two places. Either they are granted by God, or they are formed in agreement among people. Since God, although an important part of American society, has no official place in American government, our system of rights is based on an implicit social contract, one in which the general goal is to maximize freedom. Only when the American public comes to its senses and realizes that guns cost more than they are worth, will we all agree to limit one freedom, to provide us with another. ""This is also known as the 'workability' arg ...","Hey let's not get too far? How about Paul Finkleman? Do you or do you not agree with Paul Finkleman? He thinks it is OK to ""cook data"" in support for gun control. How about you? Hey where is that website at? Dude you need to check your sources. First you source a guy who thinks it is OK to ""cook data"" then your sourcing another guy who by his own website, if I estimate correctly from his own bio, is about 30 years old and has had nothing but temporary and part time job his whole life. Plus I don't recall any text in the 2nd Amendment that says, ""shall be infringed if it becomes to expensive"". Quite the contrary is says, ""shall not be infringed"". I take that to mean that the reasons in the thesis are NOT good enough to infringe the 2nd Amendment. You know what? This guy is A-OK. "" I would not pass whatever gun laws I pleased"". Even this guy knows a gun free society will never happen in the USA. That is why Brady and other gun control groups need lies and slimy politicians to get thier way. Plus here is his ""rational"" law: ""A national system for registering guns and ammunition"". Guess what? The Supreme Court already decided that this is HIGHLY ILLEGAL. Here is a letter from the FBI regarding the LEGAL handling of data to register guns: http://www.acslpa.org/register/NICS_FBI_Ltr.htm So if you website gets it way, the author is going to be a support of civil rights violations and illegal activity.",0.9322222222222223,0.9055555555555556,0.9111111111111112,-0.026666666666666727,-0.02111111111111108
4F-QUOTE-094,4Forums,quote,gun_control,gun control Why do you want to take my guns?,"Do you have any data or facts to back this up? I think not. The collective rights theory, while interesting, has no real basis in law or history. What would imply to you that only memebrs of the organised militai have a right to bear arms? Doe it say that somewhere int he seocnd Ammendment? Could you point to some writing by the founding fathers that supports this rediculous viewpoint? Lets start a new thread about this. It doesn;t really fit in this one.",[QUOTE=daewoo][QUOTE=voiceofreason]Your ownership of a gun is not protected by the second amendment unless you belong to the organized militia. He does this as part of his posting cycle.... ***yawn*** I truly hope this time he clarifies his position....,0.15222222222222223,0.17777777777777778,0.17777777777777778,0.025555555555555554,0.025555555555555554
4F-QUOTE-095,4Forums,quote,gun_control,gun control Doctors Vs. Guns,"Thats nice. How's those ""32"" guns you ""own"" and hows your ""training"" going. Funny though how you can believe or not believe a question....","Actually, he said he didn't believe you. Come to think of it, I don't believe he has 32 guns either.",0.018888888888888893,0.04444444444444444,0.01111111111111111,0.025555555555555547,-0.007777777777777783
4F-QUOTE-096,4Forums,quote,gun_control,gun control concealed carry,"It would seem to me that, being in the military, he shoud have had instruction in the proper care and feeding of an AK-47. Odds are, whoever the enemy is, wherever the enemy is, some of them are going to be using an AK or an AK derivitive. It just seems like there are an awful lot of situations in combat where it might be right handy to be able to pick up your enemies gun and use it. You can only carry so much ammo after all.","I spent 4 years in the 82nd airborne, and no one ever mentioned AK’s to us. There was no training with foreign weapons at all. I don’t have an AK (yet), but is a Saiga 20 near enough? It took a few minutes to figure out loading and unloading, and a few more to dissemble it. The hardest part was getting that top cover off, then it was intuitive.",0.7344444444444443,0.7777777777777777,0.8111111111111111,0.043333333333333335,0.07666666666666677
4F-QUOTE-097,4Forums,quote,gun_control,gun control What's your interpretation of the second amendment?,"Both Kelvin and Hellhound were unable to state where there natural rights come from, or even to designate what exactly are their natural rights. They ingore history too. I'm glad you pointed this precedent out.","Quoting a passage from the book The Militia and The Right to Bear Arms (p.164): ""despite the earnest attempt to associate the Second Amendment right with the postulates of the liberal, enlightened philosophy of the eighteenth century, the Second Amendment right to arms remains firmly fixed in its seventeenth-century English heritage. It never evolved from the particular to the general, never grew from one of the historically conditioned rights of Englishmen into one of the unconditional and universal rights of humankind.""",0.05444444444444445,0.02222222222222222,0.01666666666666667,-0.03222222222222223,-0.03777777777777778
4F-QUOTE-098,4Forums,quote,gun_control,gun control Viva La Liberty! The End Of The Awb Is At Hand!,I am glad the law was sunsetted.,What? Your crazy. Your all crazy. In 10 years there has not been a single bayonet attack. It is obvious the law is working. You need to look harder at the truth and not at NRA propaganda. Common use some independant thinking. We need to keep this law to save our children form the series of violent bayonet attacks that will be unleashed upon us when this law expires.,0.8666666666666667,0.8055555555555555,0.8055555555555555,-0.06111111111111123,-0.06111111111111123
4F-QUOTE-099,4Forums,quote,gun_control,gun control Viva La Liberty! The End Of The Awb Is At Hand!,"Hold on to that .45, I hear the bolts are getting hard to come by. An UZI is next on my list after an AR varient. I'm currently reworking my .308 Saiga to a psuedo Galil. After that's overwith I'll build the AR and start looking at Vector UZIs. There's this one guy I talked to who sells 10mm barrels (along with other calibers) for them, and that would make a nice woods carbine for deer. Wonder how much work it would take to get it to accept Glock 20 mags? He recommend .45 mags or the grease mag conversion and modifying feed lips.","Of course I will hold onto it. They are too good to let go of. All kind of fun to play with. You migh REALLY look into one of the Chinese ones. They need a little work (primarily cosmetic) to get them into shape, but they are a superior weapon th the Vector or the GI model (I have had all 3). All parts are fully interchangable, but the chinese Uzi can often be had for $300 used (you would REALLY be pushing to find a used vector for that). Define ""Pseudo Galil"" please.",0.022222222222222227,0.01111111111111111,0.00555555555555556,-0.011111111111111117,-0.016666666666666666
4F-QUOTE-100,4Forums,quote,gun_control,gun control Doctors Vs. Guns,"Is it registered health professional or doctor? and ""limited circumstances by an organization""...what does this mean? A registered health professional can be a nurse, and x-ray tech, a physical therapist, a speech pathologist, a paramedic, a lab tech, [SEP] ? and ""limited circumstances by an organization""...what does this mean?","Well, whether you have calmed down or not, I’ll address your neurotic nit picking. . First of all, doctors are responsible for the care that is meted out under their supervision. Secondly, I struggle to imagine someone being killed by a session gone awry with a speech pathologist, or an x-ray teche. Furthermore, the definition of “medical misadventure” that I posted above is only the first one I found with a search on google. I didn’t look further because I could tell it was a concept you had never heard of before. This definition: “Any type of medical error such as surgical or medication mistakes.“ Taken from wrongdiagnosis.com (http://www.wrongdiagnosis.com/m/medi...ture/intro.htm) Makes your entire “point” pointless, as only doctors can prescribe medication or perform surgery. There may be other definitions out there. I’m not a doctor, so I don’t know. Uh, I would guess that in some limited circumstances, organizations can be held responsible for medical misadventure. Look, rather than arguing the nuances of dying in a hospital, I can say any number of other things that make the same point. Try this on for size: According to the NHTSA http://www-fars.nhtsa.dot.gov/ 37,862 people died on the nation’s highways in 2001 37,526 people died on the nation’s highways in 2000 According to the CDC, http://www.cdc.gov/nchs/releases/02facts/final2000.htm and http://www.cdc.gov/nchs/releases/03f...litytables.htm A total of 28,840 people died from firearms in 2001 A total of 28,663 people died from firearms in 2000. This data suggests that roughly 10,000 more people are killed every y ...",0.7,0.711111111111111,0.8333333333333333,0.011111111111111072,0.1333333333333333
CD-REPLY-001,CreateDebate,reply,abortion,abortion,"But you are siding with the side that is pro-abortion. The child in the womb is never at fault, never deserves to be dismembered alive. It does not matter what excuse you can come up with...the unborn does not deserve it. But people like you side against life for reasons that YOU THINK are good enough for it to be killed. You advocate death for the child of the mother who is mentally imbalanced. You said she might damage her baby should she be allowed to continue the pregnancy. You care more about the ""what if's"" than what actually might happen. What do you think abortion is? Why not take the chance that she might not harm the baby? You want to kill it by abortion anyway...this is a violent act. What difference does it make whether she harms it or someone is hired to kill it? It dies in both scenarios? A woman does have a choice. Allow the unborn a chance at life by doing what is right, or kill it and be responsible for ending anothers life because of selfish reasons, which is morally wrong.","Yes. I'm siding with abortion cuz it is never just Yes or NO. A lot of wrong things happen. But, they happen for the right reasons. To you killing a baby is all that is visible. I do not say your wrong. I cannot tell you are right either. What kinda solution do you come with if going further is dangerous and not to is equally dangerous. I'm not going to say that there is never a choice. There always is a choice. Look... Sometimes, giving birth to a baby is risky. It might mean the mother's life too... What difference does it make whether she harms it or someone is hired to kill it? It dies in both scenarios? Yeah.. Give birth to it then, when it can fully understand the meaning of pain and let it die. While you could have saved it all the pain. All that torture. Like... We had a nuclear tragedy in India. The birth effects are just preposterous. Kids died when they reached the age of 1 or 2. The mothers were denied of abortions, not by the hospitals but the family members. Some of the women weren't healthy enough for the birth process and hence they died. Even today Women are forced despite their health conditions. I do not say it is right. But, it is never just a Yes or a No. There are always issues. There must be exceptions. To certain things. Certain 'unavoidable' things. I agree with everything that you mention. It isn't wrong. But, I only mean to emphasis on those few things that stand importance too.",0.39,0.55,0.5549999999999999,0.16000000000000003,0.16499999999999992
CD-REPLY-002,CreateDebate,reply,abortion,abortion,In your point of view it is okey to kill somebody just like you? Even though it is absolutely wrong! It is unnormal and immoral to kill a baby.,"Even though this argument contained a segment that invoked religion, I do respect it for supplying more than an endless stream of Bible verses and claims about what God wants or doesn't want. 1. If I somehow find myself in a situation where my survival relies on using someone else's body as a host, then I absolutely support their right to terminate that dependency at the expense of my life, especially if I an incapable of thought or choice. This is why it does not matter to me if a fetus is considered human or not; the government should not force a citizen to sacrifice their right to bodily autonomy for the sake of another living thing, whether or not that living thing is a human. If they did, I don't see why we would not have mandatory organ harvesting from living donors. 2. Not all unwanted pregnancies result from unprotected sex. Also, the choice to have sex (unprotected or not) is not synonymous with the choice to carry a pregnancy to term, in the same way that choosing to smoke is not synonymous with choosing to let lung cancer run its course without seeking treatment. 3. I seriously doubt the validity of all those post-abortion statistics, as a few searches immediately turned up contradicting data. However, even if they are true, it is not the government's job to prevent people from making poor decisions. If it was, then, alcohol, cigarettes, extreme sports, body modification, and any number of 'regrettable' choices would be illegal. Sure, abortion could be safer, and pregnant women could be better educated and supported before and after they make the choice to contin ...",0.74,0.6950000000000001,0.8200000000000001,-0.04499999999999993,0.08000000000000007
CD-REPLY-003,CreateDebate,reply,abortion,abortion,No. I'm not that old. I'm 30 years old.... in hex ;) You'll have to do a little research to convert that number to something that means anything to you.,"Hollys don't crap. But then again, crap isn't all that holy. So, was I right? Are you 48?",0.07999999999999999,0.1,0.09000000000000001,0.020000000000000018,0.010000000000000023
CD-REPLY-004,CreateDebate,reply,abortion,abortion,"I suppose some conjoined twins should be able to kill each other at will with impunity... Should parents have the right to kill their infants, toddlers, teenagers and etc because parents must labor(perhaps at an unenjoyable job) for their children? What about the children's physical autonomy? Once you die, you stop having an ""ongoing"" permission, I find it difficult to support, other than by principle, not having mandatory organ donations. Although, I think your dispute is about mandatory organ donations from the living. In this case, it is a conflict between two people and each of their's physical autonomy, it isn't a degradation of physical autonomy in favor of something else. Rather, if mandatory organ donations from the living were passed into law, the goverment would be saying that the sick has a greater physical autonomy than the healthy.","I suppose some conjoined twins should be able to kill each other at will with impunity... With conjoined twins, the ownership of the body can be disputed. They share bones and organs; it is not a clear-cut case of one separate but dependent organism residing in another. I know there is physiological variation with conjoined twins, but take Abigail and Brittany Hensel as an example: http://en.wikipedia.org/wiki/ Abigail_and_Brittany_Hensel How can one sister make a claim to the shared organs at the expense of the other sister? They own them equally. I don't believe a fetus can be said to own any part of the mother's body at all , much as less as much as the mother does. Also, parents are often given the option to separate the twins even when it will almost certainly kill one of them. They can make a decision, on behalf of one child, to kill his/her twin ""at will with impunity."" Should parents have the right to kill their infants, toddlers, teenagers and etc because parents must labor(perhaps at an unenjoyable job) for their children? What about the children's physical autonomy? If a parent wants to end their commitment to an infant, toddler, teenager, etc., why resort to killing them? They can disown them, and the commitment is terminated without impinging on physical autonomy. Rather, if mandatory organ donations from the living were passed into law, the goverment would be saying that the sick has a greater physical autonomy than the healthy. Yes, I did mean mandatory organ harvesting from living individuals. To dispense with unnecessary health qualifiers, it would be sayin ...",0.76,0.73,0.76,-0.030000000000000027,0.0
CD-REPLY-005,CreateDebate,reply,abortion,abortion,"there's so many things wrong with this statement HM lets list them 1. you're ditching a life if your getting an abortion because the fedus or what ever is human and is living inside you 2. this #2 statement is totally disputable because it is an opinion 3. some people would disagree that the bibles trash and i would never trust your disputes because they are irrational 4. sorry but yet again we are the human RACE not the human species try to remember the little schooling you have please 5. ""sorry nation"" means that a large percent of people would be dead because murder is allowed 6. who are you going to adopt if all the babies have been aborted you really should have thought that one through 7. actually it is a persons rightful business when they care for and or are related to something in a way and many people care for children no matter what therefore it is our business plus it is a public voting matter 8. i think of this as the Internet where you can express yourself in any way you on one hand seemed to be getting pretty angry therefore i would say your toes were stepped on 9. you do not have to write perfectly on line and XD isn't a literal term therefore you used a double negative in your ""speech"" if you would call it that 10. how would you like it if you were aborted your mother weather you know it or not loved you enough not to abort you","1. I was talking specifically about placing a child into the adoption system. Learn to read. I don't have a problem with ditching something. The problem as I see it is when a mother would sooner impose a life of lovelessness and misery onto her child than to just terminate it's life. If YOU personally think it's okay to make other persons miserable so long as it keeps your conscience clear, fine, but that makes you an egotistical asshole to me. 2. Given logic as the means to decide who is correct, she is objectively wrong in a factual manner. 3. You don't even know my disputes. You're writing me off before you even know why the bible is garbage, this is a logical fallacy on your part. 4. No, by definition ""humans"" are a species. Biology 101. Look it up. 5. How is this contradictory to what I wrote? You're statement was still non-cognitive opinion. Besides, you're ""God"" aborts far more babies than humans do. 6. What colour is the sky in your fantasy world? Just because persons are allowed to get abortions doesn't mean they necessarily will. Lots of mothers place their children up for adoption despite being allowed to abort the fetus, hence the surplus of orphans. 7. No, you've decided it's your business because you're an egotistical hypocrite. You don't automatically have the ""right"" to force others to conform to your personal preferences just because others don't agree with you. 8. Well you were wrong. Don't worry, I'm sure God will forgive you for your prejudice nature. ;) 9. ""XD"" is a laughing emoticon. Welcome to the Internet. I didn't even use a single negative, so you' ...",0.9249999999999999,0.91,0.9279999999999999,-0.014999999999999902,0.0030000000000000027
CD-REPLY-006,CreateDebate,reply,abortion,abortion,it is also the mother's choice. the child doesnt have no say. as i said they shouldnt be having any sexual activity. i am 11 and i know this....,your right they shouldnt be haveing sex but they do and they are not about to stop if they dont even want to wear a condom,0.16999999999999998,0.29500000000000004,0.27,0.12500000000000006,0.10000000000000003
CD-REPLY-007,CreateDebate,reply,abortion,abortion,"If you will admit that abortion is EVER the best course of action in a given situation, the you will have to also admit that by definition, abortion is not murder. Now since the killing of an unborn fetus is sometimes legally designated as murder, we could discuss when it is appropriately termed ""abortion"" and when it is appropriately termed ""murder"" I can jump ahead and point out that in cases of ""medical necessity"" most people would agree that an abortion is not immoral. Now should the determination of medical necessity be a privately or publicly made decision? ie should a government agency have the authority to review a doctor/patient assessment of medical necessity? Perhaps I've typed enough to spur some conversation.","I think they did a scientific study a while ago about when a fetus can feel pain (or when the brain was active) and used that to create a cut off point of 24 weeks (in the UK). However this has obviously been discredited after babies as young as 22 weeks have survived, yet the abortion gestation has not changed. This is clearly inhumane, and I think it should be lowered. But how you would find a ethical gestation point is beyond me.",0.36500000000000005,0.125,0.44,-0.24000000000000005,0.07499999999999996
CD-REPLY-008,CreateDebate,reply,abortion,abortion,But it is growing into a human being? Am i right or wrong? You should understand that these cells are different from the other cells within our body. Cells that are developing with it's own genetic uniqueness and has its own DNA and blood type. Then why do the laws protects that very mass of cells by recognizing the homicide of a fetus as a separate offense if it is unworthy of human rights according to you? Well that case i am referring to has a lot to do with this debate because it is a dispute on whether or not life begins at conception and it is a scientific controversy which resulted in the court ruling that life begins at conception after hearing arguments from both sides. So does a person who has Alzheimer is also not self aware which is why they are described as being in the baby stage? Well let us consider adoption instead of abortion and stop making it seem as if abortion is the only way out. Who is responsible for bringing them into existence? Did they asked to be brought into existence or to be related?,"You got frustrated with Avesked (however his name spelled) and banned him. That is just like abortions. Your were unprepared for Avesked intelligent rebuttals, and aborted him. This is just like abortion, but slightly worse, because Avesked is a human and can tell whats going on. A fetus is neither human (yet), nor can tell whats going on. I can't wait till I get banned.",0.35000000000000003,0.43499999999999994,0.44,0.08499999999999991,0.08999999999999997
CD-REPLY-009,CreateDebate,reply,abortion,abortion,"1. Your fingernails and hair do not make up the whole of you as a human. Without your hair or fingernails you would survive. On the contrary, abortion kills the entire individual organism. 2. That whole issue is inconsequential. 3. Science is silent on the issue of morality. However science does agree that the fetus has an individual genetic code and fits into the biological definition of life. It is an individual human by all biological standards. It is in no way a part of the mother, it just depends on the mother for survival (and so are children outside the womb). Because of this it is deserving of all human rights everyone else has. Unless you can show it is not an individual human or it is not alive, anything else is superfluous. 4. You're just stating the positive side of the coin whereas I said the negative. 5. You're refusing to answer the basic data over and over. Please share how a human fetus is not alive or how it is not an individual with a unique genetic code.","1. Just as my fingernails and hair do not make up the whole of a human, so too a fetus does not make up the whole of a human. They do have equal feelings, emotions and understanding on the matter though. 3. It is in every way part of the mother. It is a cluster of cells with no feelings, emotion of ability to be self-aware growing within her. And wether it is alive is not the point at all. It is not even close to the point. The point is whether it is self-aware and capable of feeling, which it definitely, without any doubt, is not. 4. No, you're imagining a human where there is none. I'm giving you fact you're giving me your personal misguided feelings. 5. My claim is not based on genetic code or whether it's living. It's based on being self-aware. Gentetic code and living have nothing to do with the matter as I clearly showed in the examples of hair, nails, insects and moss. I'll make you a deal, when you have the omniscient ability to know exactly what every female and fetus on earth is thinking and feeling and you can prove to me you have this ability, then if fetuses stop dying of natural causes all on their own magically, I'll agree with your self-righteous nosy bullshit.",0.9249999999999999,0.9199999999999999,0.88,-0.0050000000000000044,-0.04499999999999993
CD-REPLY-010,CreateDebate,reply,abortion,abortion,"its still taking nourishment from the mother, it still moves. I am a mom, do you know how i would feel now(after holding her) if i would've taken the alternative route? If its taking nourishment from its mother, it's not quite a human being yet. If it has a brain, that makes the issue more complex. Childbirth was a decision that you took, it worked for you. You need to understand that what works for doesn't work for many women.","And technically i didn't choose to become pregnant, it just happened",0.535,0.615,0.6299999999999999,0.07999999999999996,0.09499999999999986
CD-REPLY-011,CreateDebate,reply,abortion,abortion,"No his statement wasn't. You just disagree with it. It is both. Silas mistakenly thought it would be obvious (and it was to me but apparently not to you) that he was talking about adoption being a superior choice to abortion. That is obviously a hasty generalisation. I would think that in many cases, babies born with fatal birth defects or, at least, defects that can tragically affect their lives (such as cerebral palsy) will not experience an alleviation of their pain and suffering no matter who their parents are. How can you say that I am rushing to ridicule when you haven't even seen my perspective on this issue? He presented an alternative that doesn't involve an unnecessary surgery and in which the life of the developing child is cherished instead of treated like trash. Now, you have made a few unjustified assertions. You have claimed that abortion is an ""unnecessary"" surgery. You have also claimed that parents treat the life of their developing child like trash. Both of these claims are unasserted.","It is both. Even if it was. Your statement was rude and counterproductive. What a decent person does is ask for clarification when they have trouble making sense of something. That is obviously a hasty generalisation. No it takes into account that most abortions are not due to medical necessity. How can you say that I am rushing to ridicule when you haven't even seen my perspective on this issue? Because you offered your scathing critique of Silaswash's writing style and left your response absent of anything that would give a clue as to your perspective regarding the subject being discussed. You have claimed that abortion is an ""unnecessary"" surgery. I didn't claim they all were. You have also claimed that parents treat the life of their developing child like trash. Well they are certainly not given a burial Both of these claims are unasserted. ~laughs~ I'll try to start making claims that are asserted, Mr. Intelligible.",0.645,0.6099999999999999,0.6100000000000001,-0.03500000000000014,-0.03499999999999992
CD-REPLY-012,CreateDebate,reply,abortion,abortion,well why would people say that kind of things!!?? i mean its not like your mom aborted you...and the babies or unborn fetus have as many rights as you and i have to live!,"""well why would people say that kind of things!!??"" Because it's true, would be the most obvious conclusion... ""i mean its not like your mom aborted you..."" Non-sequiter. Just because my mom planned and kept me doesn't mean everyone else should or will do the same with their children. ""and the babies or unborn fetus have as many rights as you and i have to live!"" By ""right"" you, of course, mean, ""in my personal preference"" as the word ""right"" means nothing outside of your ability to label things as such. Until the child is born it is just a parasite. Not much difference between it and a tapeworm. Would you get rid of a tapeworm? Perhaps you would keep the unborn child because you want to give birth to it and love it later in life, but then this is just a matter of YOUR personal preference and should ONLY be considered in the matter of your own child. Not every woman is required to keep a fetus they wont love just to appease YOUR preferences. Or are you egotistical enough to claim that only your way of life is correct?",0.9249999999999999,0.89,0.88,-0.03499999999999992,-0.04499999999999993
CD-REPLY-013,CreateDebate,reply,abortion,abortion,Abortion is wrong sure there are instances that people think that it is right but it never is you are taking a life away even if the baby is not alive yet you take away that oppertunity away if you say for instance get raped or the condom breaks give the baby up for adoption but still be apart of its life I have noticed that the people that say abortion is right are alive and their parents didnt go through an abortion,"First of all, do you know what a comma or period is? Because your whole argument is just one huge sentence... Break it up. Abortion is wrong sure there are instances that people think that it is right but it never is It's not right even if the mother will die during childbirth? Or if it is a fact that the child will be born with a disorder that will make it suffer all it's life and die in only about ten years after birth? It's still wrong then? give the baby up for adoption but still be apart of its life Some people are against adoption in the same way you are against abortion. They simply can't go through with it. And you can't always be apart of it's life once you put it up for adoption, nor do some people want to. I have noticed that the people that say abortion is right are alive and their parents didnt go through an abortion ... This is the stupidest argument ever, if any parent did then it would irrelevant. And I have, on many occasions, which my mother had had another abortion when I was conceived. She suffered greatly by deciding to keep me and my twin brother, and I wish she had simply aborted us and lived a better life for herself.",0.862,0.9349999999999998,0.86,0.07299999999999984,-0.0020000000000000018
CD-REPLY-014,CreateDebate,reply,abortion,abortion,"It is a degradation to you, perhaps. Others believe differently. Why should we legislate based on your moral beliefs? Let's face it, unmarried people have impulses, desires, etc. They are going to act on it. Wouldn't you rather they have the tools to prevent pregnancy than not have them? Perhaps I should have been more specific in my example. A baby grows inside of you. So technically, it is a part of you. A part of your body. You are not obliged to see it to term if you choose not to. This is why a ban on abortion would fail. We should reduce the number of abortions because it's a very heartbreaking decision for a woman to come to. No woman comes to it lightly. When someone decides to end the life inside her, it is because she knows that it is a better choice than condemning the chiild to a lifetime of unhappiness. Some come to it because they know they cannot overcome an addiction and thus cannot bring a healthy child to term. Others because they know they cannot financially support the child. Others because they live in abusive homes that they don't want to subject a child to. Whatever the reason, it's certainly not an easy choice to make. So providing resources for these women such as education and contraception, can make a world of difference. As for your last argument, what substantiates your claim? From the University of California study on abstinence only and comprehensive sex education: Behavior research cannot make judgments about social values, but it can evaluate the success of school-based curricula at producing tangible outcomes for young people. The weight of ...","Well we've covered a lot of ground. Let me see if I can tie it all together for you; knowing that there is a difference between proof and persuasion. What do abortion, premarital sex, homosexuality, pornography(including soft porn, the kind found in supermarket checkout lanes) and Ted Bundy all have in common? What is the one unifying thread that ties them all together? They all devalue human life by reducing it to something less than what it is. You agree that man has a nature and it is fixed. Therefore there is a way in which mankind ought to function. A deviation from that norm is therefore dehumanizing. Let me explain. Abortion; Renders the human a non-human and therefore it can be disposed of when an individual doesn't want it. Premarital sex: views other people as objects to be used for ones own personal pleasure and then discarded when no longer wanted. Homosexuality: An expression of self love. Using another person to express ones love of self and then discarding that person when they no longer please you. Pornography: The portrayal of people as objects of sexual fulfillment. People are viewed as objects to be used for personal pleasure and then discarded when you are done with them. Soft porn: does the same as pornography but in a more subtle form; very deceiving since it appears harmless. Ted Bundy; Became convinced through pornography that people were something that you used to bring pleasure to yourself and then disposed of . Do you see the pattern. reduce the person to an object to be used, use the person and then discard them. At the core of everyone of these ...",0.6300000000000001,0.6000000000000001,0.47000000000000003,-0.030000000000000027,-0.1600000000000001
CD-REPLY-015,CreateDebate,reply,abortion,abortion,"Having an abortion is just pure selfishness, it is is as simple as that. Women make a choice themselves to have sex, and then play god and decide if the child can live or die, making such invalid comments as ""its my body its my choice"" not realizing that it is not just about them anymore. You cannot say that a fetus is not human, or not living. Everything about the fetus was made from living organism, and blood and cells ect ect, it took two LIVING breathing humans to make this child. Is a plant not alive simply because it cannot speak? is a microscopic plankton not alive simply because you cannot see it with the naked eye? no. It is as alive as you are. There is no reason for abortion when there are so many people out there who cannot have children themselves. If a women does not care enough for this child, that she wishes to abort it, then it cannot be hard for her to carry this child and give it to somebody who would love it. If somebody tried to decide for you, whether you could live or die, you would be angry, that is not a choice they are allowed to make, and it should never be a choice for woman. Every child deserves a voice, every child deserves to live. Women simply need to wake up and take action for their mistakes. Abortion is murder.","Having an abortion is just pure selfishness, it is is as simple as that. Women make a choice themselves to have sex, and then play god and decide if the child can live or die, making such invalid comments as ""its my body its my choice"" not realizing that it is not just about them anymore. Selfishless is not illegal, nor should it be. The fetus is making its home inside the mother's body, thus the choice of its continued residence there should not fall to anyone else but her. I am sure you enjoy being able to decide what medical procedures are performed or not performed on your body. Is a plant not alive simply because it cannot speak? is a microscopic plankton not alive simply because you cannot see it with the naked eye? no. It is as alive as you are. If abortion is immoral because the fetus is alive, and all things are equally alive, then abortion is the same as uprooting a weed. There is no reason for abortion when there are so many people out there who cannot have children themselves. Foregoing an abortion does not cure the infertility of strangers. If a women does not care enough for this child, that she wishes to abort it, then it cannot be hard for her to carry this child and give it to somebody who would love it. There is no shortage of existing children who do not have homes. There is no reason to add to the number. I am going to guess you have never seriously considered what it might be like to be forced to be pregnant based on what someone else thinks you are allowed to do with your body. If somebody tried to decide for you, whether you could live or die, you wou ...",0.91,0.9349999999999998,0.9249999999999999,0.0249999999999998,0.014999999999999902
CD-REPLY-016,CreateDebate,reply,abortion,abortion,"Indeed, lets start by executing abortionists. Their dying screams...like music to my ears ;) Odd how violent you are, and the lack of respect you have for human life. I may kill foetuses but I don't pretend to hold all life as sacred, and I rationally defend my thoughts. You scream insincere sanctimony, claiming to have a moral high ground while approving a deed that is the very definition of murder.",Well said. We finally agree on something. This punk is just over-the-top hypocritical. Thumb's up.,0.065,0.13000000000000003,0.05,0.06500000000000003,-0.015
CD-REPLY-017,CreateDebate,reply,abortion,abortion,"Let me clarify my position, since I misstated it. The first question that needs to be asked is "" what kind of life is it?"" If it is a human life then no reason for abortion is adequate. Therefore no further questions are needed. I find it rather disturbing that we want to have sex without commitments so badly that we are willing to kill the result of that sexual union. But isn't that just like human nature, everything is just fine until something conflicts with what we want and stands between us and what we desire. Then laws get broke, peace treaties ignored, property taken and people killed. But the most heinous crime is when we make laws to exonerate ourselves. When we call evil, good. We may be guiltless before the law but that doesn't mean we are not without real quilt. But praise be to God that He has provided a solution to the two greatest problems man faces, guilt and death. With God there is forgiveness, but not without great cost.",God made us the way we are then leave us to deal with it. Don't bring God into this. This is our decision.,0.5750000000000001,0.6599999999999999,0.7050000000000001,0.08499999999999985,0.13
CD-REPLY-018,CreateDebate,reply,abortion,abortion,"What could we show that you would find acceptable as the picture of abortion. Pretending pro-life people care about scientific fact is bullshit. Not that it's impossible to be scientifically honest and still be pro-life, but so many outspoken pro-life people and groups who have no problem using misinformation, emotional blackmail, intimidation and deceit to manipulate people into doing what pro-life thinks is right. Pro-choice people don't have to lie, because they don't care if no one chooses an abortion as long as they aren't being lied to or bullied. In fact, I think you'd find most pro-choice people would agree that the fewer people need/want abortions, the better. But being dishonest or cruel is not the way to go about making that happen. Why are D&E;illustrations so commonly used for pro-life propaganda when D&E;accounts for less than 5% of all procedures? Not because it's an honest representation of what most abortions look like, because it isn't. It's because it's supposed to be scarier and more guilt-inducing. If you show this picture to an average woman who is considering an abortion and tell her this is what her procedure will look like, you are probably lying to her. (I'm not the one putting the semicolon after D&E;, the website is doing that.) You want abortion legal…on demand period. You got it. The fact is abortion is the act of KILLING A LIVING HUMAN BEING. THAT IS A SCIENTIFIC FACT. The heart starts beating around 22 days…..THAT IS A SCIENTIFIC FACT. Please show me where I denied that a fetus is a human. Oh wait, I didn't, because I'm not an idiot. Of cours ...","I've agreed with a lot of your argument, but I'm particularly disturbed at the part where you say, ""One human should not use another human as a life support system unless the host is giving ongoing consent. This applies regardless of the age or legal status of either party or the relationship between the parties. If it's in your body and you don't want it there, you have a right to try to find someone who will take it out."" This line of thinking is rational , but some women would use it to justify promiscuity. I believe in abortion in cases where: - the mother and/or father are too young to support a child, or the mother and/or father are in a situation that would not be a positive environment for a child (ie, abusive relationship(s), poverty/homelessness, etc.); - the mother's/fetus's life is at risk, - the fetus is the result of a rape or incestuous encounter; - the fetus has a very high chance of developing some debilitating disease/malformation that will make its developing life difficult. In women who are promiscuous and take no time to learn about/use contraceptives, they should not use abortion as a Plan B. If they are not ready for a child, and plan to have sex, then they should learn more responsibility and practice safe sex, not just assume they won't get pregnant.",0.6000000000000001,0.505,0.47000000000000003,-0.09500000000000008,-0.13000000000000006
CD-REPLY-019,CreateDebate,reply,abortion,abortion,"Ok. You're now officially making ludicrous points. Congrats. Gargantuous isn't even close to the word which is used to describe the difference between a sperm cell and an unborn fetus: A sperm cell has not yet entered the fertilisation process; a fetus has. You said it yourself: There are thousands of sperm. There are also many eggs in a female. If you masterbate, it isn't the end of the sperm world! There are still going to be thousands upon thousands more and ready to be concieved! So please do not BS this debate and say that sperm = fetus, because it is completely wrong. Lose a sperm cell, no big deal; lose a fetus, there is something to be concerned with. No need to over-explain, your whole argument was wrong anyway.","Hey, sperm does not equal fetus. What iamdavidh is trying to say is that sperm equals same category as fetus! SAME CATEGORY!!!!! POTENTIAL LIFE! get it? I'll say it again: IT'S NOT A PERSON LIKE YOU AND I WHO CAN ASK ""WHY"" OR ""HOW"". The fetus is a ""thing"". It's parasitic in relationship with its host. It can feel pain? My arm can feel pain! My arm has all the human DNA to make another human being, so do sperms and eggs. The fetus can certainly become a person but before it does, it's NOT. NOT A PERSON! P.O.T.E.N.T.I.A.L. ONLY!",0.6699999999999999,0.69,0.79,0.020000000000000018,0.1200000000000001
CD-REPLY-020,CreateDebate,reply,abortion,abortion,"BS foetuses have brains and central nervous systems...they can feel pain and even hear sounds outside of the womb...do you know anything? A brain is not a mind. They are separate. A mind is a brain with identity. They respond to sounds and stimuli, they are not really aware. How could they be aware as we think of it when an infant is only starting to develop this aspect of mind?","A brain is not a mind. They are separate. A mind is a brain with identity. They respond to sounds and stimuli, they are not really aware. How could they be aware as we think of it when an infant is only starting to develop this aspect of mind? Your mindless assumption.",0.41500000000000004,0.4100000000000001,0.31,-0.004999999999999949,-0.10500000000000004
CD-REPLY-021,CreateDebate,reply,abortion,abortion,"So are you saying it's okay to kill something that could potentionally be someone just like you? I can see how it isn't up to you to decide for anyone else, but do you believe that it's okay? It doesn't matter what it could become. It only matters what it is presently.","why shouldn't it matter? Doesn't everything deserve a chance? The fetus can't even protect itself or have any say in it. That's not fair to just say ""I'm going to end something/someone's life and there is absolutely nothing nobody can do about it."" And you still didn't answer the question.",0.7399999999999999,0.7949999999999999,0.735,0.05500000000000005,-0.004999999999999893
CD-REPLY-022,CreateDebate,reply,abortion,abortion,"There is a VERY simple answer to the abortion debate: Abortion should NOT be a form of birth control. It should ONLY be allowed (as a final solution) in the event of a pregnancy resulting from rape, incest, or other sexual crime.","That sounds like YOUR solution to a minority of people. Don't you dare make everyone abide by the minority's rules. If it was a simple answer, it wouldn't be such a huge issue. Abortion isn't a form of birth control like condoms or the pill, for those directly involved it's a difficult choice that they have to make because bringing a human life up is no easy task. It's not like having a pet (and even that is a big ask because not all pet owners are responsible). Again, it's the choice of those directly involved. It doesn't affect anybody else's life, so leave it alone.",0.755,0.845,0.8,0.08999999999999997,0.04500000000000004
CD-REPLY-023,CreateDebate,reply,abortion,abortion,"Err on the side of life? ERR??? This is not guess work. The fact is we DO know that it's human, we DO know that it's definitely a POTENTIAL life (but not ACTUAL life). We DO know the answer to most of these questions. We just want a choice. Don't word it as if you've sanctioned abortions. You are simply giving people a choice. Put it another way, you haven't taken away their rights to choose. Holocaust is killing Jews. Choice to abort a fetus that cannot survive outside the womb until at least week 20 is the same as using a condom or abstaining, or masterbating into the toilet.",... So I can find a pregnant dog and stab it in the vagina?,0.537,0.59,0.665,0.052999999999999936,0.128
CD-REPLY-024,CreateDebate,reply,abortion,abortion,"I don’t care to debate nor discuss your convoluted justifications for destroying a human fetus or embryo. My question to you: Why did your mother not destroy you while you were nothing but a cellular glob? Answer: Because your mother, and probably your father, loved you more than they loved themselves!!!!!!!!!!!!!!!!!!! Hypocrite! You are ready to justify the killing of human fetuses, while at the same time ignorant of the fact that ‘your’ bullshit argument is possible by reason of your mother’s refusal to kill you while your were nothing but a cellular glob! A female like you who is willing to justify the most cowardice of crimes against her own would-be progeny will commit any manner of crime against her own offspring. So, I think you should make certain that no cellular glob that is human in nature should ever be allowed to grow within your womb, for any child that is born of your matrix will most likely be sacrificed for your own selfish benefit. This is no argument!! Why, because, you have confessed to the innocence of killing your own would-be progeny. Down-vote all of my arguments! It still will not change the fact of your willingness to advocate not only the killing of all human fetuses (yes, all human fetuses), but the killing of your own would-be children. Go ahead! Justify yourself, for your response is nothing more than a self-justification via the state agreeing with you that should kill your un-born progeny. Oh, I can say much more about females such as you. Please, provoke me! BTW, how many children have you given birth to?","You're annoying me but I must say I find you a little bit amusing. Call it assertion or whatever you want, it explains why you shouldn't push for a law that will affect the lives of those who don't share your views... and feelings ;) Stay on track there horsie!",0.52,0.585,0.55,0.06499999999999995,0.030000000000000027
CD-REPLY-025,CreateDebate,reply,abortion,abortion,"Aside from religious views, there are more ways to look at abortion. By any means, abortion should never be encouraged because it is, indeed the killing of a life and we do not have the right to determine the undertaking of any life, save for our own. However, there are exceptional cases where abortion would be acceptable. First and foremost. Abortion should never occur simply because of teenage pregnancy - a reason for abortion that has become more prevalent in recent years. That is because teenagers have to understand and take up the responsibility of what they have done. If they had had sex, then it's of utmost importance that they take up any consequences that come along with it. Thus abortion should not be encouraged if it is an escape route for people to run away from problems. But, however, there are also reasons why abortion should be acceptable and one reason would be if it puts the mother's health at risk. If the mother of the child faces numerous health issues such a cancer, high blood pressure, it is of grave importance that we weight the pros and cons of the pregnancy. For if the childbirth of a newborn forsakes the life of the mother, aren't we killing another life as well? Of course, it is up to the couple as to whether which option they wish to take, but their opinions should be duly respected because the mother's life is at risk.","Aside from religious views, there are more ways to look at abortion. By any means, abortion should never be encouraged because it is, indeed the killing of a life and we do not have the right to determine the undertaking of any life, save for our own. However, there are exceptional cases where abortion would be acceptable. Please tell me why you are the authority on which 'killings' are okay, and which are not. First and foremost. Abortion should never occur simply because of teenage pregnancy - a reason for abortion that has become more prevalent in recent years. That is because teenagers have to understand and take up the responsibility of what they have done. If they had had sex, then it's of utmost importance that they take up any consequences that come along with it. Thus abortion should not be encouraged if it is an escape route for people to run away from problems. Abortion is a consequence. Do you think it is a comfortable, fun activity people undergo in their leisure time? It is an emotionally trying, incredibly difficult decision to make, and it can be a scary and uncomfortable procedure in the best of cases. Especially for young people, it may be one of the most trying and terrifying periods of their lives. It is sadistic to force teenage girl through a pregnancy because her judgment lapsed, or her contraception failed her. Do you also advocate that if someone gets a curable disease from sex, that they do not seek treatment because it would be 'running away from problems' and refusing to 'take up consequences'? But, however, there are also reasons why abortion sh ...",0.792,0.88,0.87,0.08799999999999997,0.07799999999999996
CD-REPLY-026,CreateDebate,reply,abortion,abortion,"About Ad hominem, Let's say all the nasty things about me are true and much worse. What does that tell us about my claim? nothing. It only says something about me and is therefore irrelevant to the question at hand. So what if I'm logically unsound and have obvious character weaknesses? does that mean I'm therefore incapable of saying anything truthful? Even a broken clock is right twice a day. So to say because of this therefore that I think is a a non sequitur. And since recycling is a good thing I'll say it again. Insult is not an argument, it's a failure to provide one. Now your free to use them if you like but they don’t carry much weight with me; I really am much worse than you think. Now at the end of the day, morals and righteousness are all about survival of the species. If that is true, then you are mistaken when you said Killing a grown kid is murder Because that means at some point it would become a good thing to kill grown kids when it is necessary for the survival of the species or to foster a peaceful productive society. But who decides what is good for the species, how do you define good, good for who? But to my question ""can I kill it"" Your answer tells me that you instinctively know that there is something inherently wrong with murder and that it ought not be done. You recognize that there is something about murder that makes it wrong. And that wrongness is a characteristic of the act and not the peoples opinion of it. Gassing six million Jews was wrong even if the Germans thought it was good. You know that and so do I. But if that is the case then your pr ...",Proof that aborting a fetus is proper justification of killing It's potential life. There's nothing to prove. It doesn't have any rights. . No doubt you'll disagree and all I can say is that I respect your point of view. The question is: Would you be able to say the same?,0.57,0.62,0.585,0.050000000000000044,0.015000000000000013
CD-REPLY-027,CreateDebate,reply,abortion,abortion,"This is what I derive from your argument: ""We should not outlaw abortion, we should outlaw unprotected sex. This is because we want to prevent children from coming into this Earth, or kill them off should accidents happen."" This system is complete and utter BS, and would do more harm than good. If we wanted to prevent children from being born, we should educate, and provide more condoms and help encourage abstinence among teenagers and couples. This way, we can eventually move past outlawing unprotected sex and stop abortions for good. What you suggest does nothing to promote any form of childbirth. It doesn't give a single solution that doesn't cause more problems.","You don't think making unprotected sex illegal is a workable option? Just compare it with many other things that are illegal: riding a bike without helmet, not wearing a seatbelt in a car. Most of the time, the cops don't know if you're wearing your seatbelt or not! But they certainly would know if you crashed your car!!! So if unprotected sex is made illegal (outside of a committed relationship) people can risk it if they want, but if the girl is pregnant and you seek abortion, then the authorities would know about it!!! Then you'd be fined lots of money, or the fine should be built into the cost of an abortion!!! That should be a deterent, wouldn't you say? Eventually people will learn that it's not good to have unprotected sex, they won't have to be told any more. Like wearing a seatbelt in a car, it's become second nature to people now. ""Promoting childbirth""? I'm sorry but this sounds like you're trying to increase the world's population? That's just dictatorship, pure and simple. You want more people, so you force people to give birth? Go live in a country run by a dictatorship, that's should suit you perfectly.",0.8049999999999999,0.815,0.79,0.010000000000000009,-0.014999999999999902
CD-REPLY-028,CreateDebate,reply,abortion,abortion,"It's definitely dishonest to present this as a picture of abortion in general, and sadly it preys on people who have no better source of information. Most women will not have abortions using this procedure, and their fetuses will not look at all like that. They probably will not even be recognizably human. If a woman went to a clinic, she would at least be told the truth about what would happen to her if she wanted an abortion. However, D&E;is still in use today although it counts for a small fraction of all procedures. Abortions aren't pretty, no matter how they're done. If you are pro-choice, you may have to accept the fact that they are just tough for laypeople to look at, even suction aspiration. It's not at all a point in favor of pro-life; childbirth and open-heart surgery can turn stomachs, too.","What could we show that you would find acceptable as the picture of abortion. You people do not care about medical facts, scientific facts. IT DOES NOT MATTER IN THE LEAST TO YOU. You want abortion legal…on demand period. The fact is abortion is the act of KILLING A LIVING HUMAN BEING. THAT IS A SCIENTIFIC FACT. The heart starts beating around 22 days…..THAT IS A SCIENTIFIC FACT. Now I know what our laws say…that killing should be an option for women. But tell me….what would you call killing a living human being without its permission? The unborn can't speak for themselves. It does not matter what the procedure is…it outcome is the same thing. Death to the unborn. It is killing by burning, scrapping, dismembering, vacuuming the child until its dead. That is every abortionists goal. The unborn has to be killed in the womb….not outside. This picture is accurate and shows abortion. Those who are pro-abortion of course would not like this pic….it puts action to reality…it gives a face to what they condone. And what they condone is barbaric. This is a surgery or procedure that is like none else on earth. Most doctors try to save lives. And abortionists kill lives.",0.7759999999999999,0.855,0.71,0.07900000000000007,-0.06599999999999995
CD-REPLY-029,CreateDebate,reply,abortion,abortion,"I create debates not to make people change their minds, i make them because i like to speak my mind...and i mean if the teen-aged pregnant girls are so worried that the baby will ruin their future they shouldn't have opened their legs ahead of time!?don't you think?","You seem to have missed my point. Perhaps I wasn't clear enough. Concerning the issue of abortion - by what right and under what authority does anyone claim the power to deny the fundamental right of an individual to choose for herself? Regardless of the circumstance or whether you agree with her choice. By the way, kudos for speaking your mind when creating this debate rather than opting for the hackneyed ""cutting and pasting."" That would be somewhat trite, don't you think?",0.5650000000000001,0.6950000000000001,0.595,0.13,0.029999999999999916
CD-REPLY-030,CreateDebate,reply,abortion,abortion,"Funny, I would say since the baby hasn't done anything to you, you shouldn't subjugate it to a life of loneliness and misery. There are already enough unloved orphans in the world, why bring in another? If I had to choose, I would rather my life be ended as a fetus so I can go find another body to live in, perhaps one with a mother whom would want me for a reason greater than guilt. A reason like love .","If I had to choose, I would rather my life be ended as a fetus so I can go find another body to live in, perhaps one with a mother whom would want me for a reason greater than guilt. A reason like love. So no one can love an adopted child? Please...your illogical emotive post is utterly pathetic.",0.7799999999999999,0.7999999999999999,0.7549999999999999,0.020000000000000018,-0.025000000000000022
CD-REPLY-031,CreateDebate,reply,abortion,abortion,Really? So how come when a person commits suicide the state has every right to stop that person from doing it? Why don't you answer that then? Why do you keep saying her body. The fetus is inside her body but not her body. The fetus has a completely different DNA and blood type than the mother and if the blood type of the fetus comes in contact with the blood type of the mother it can be fatal.,how come when a person commits suicide the state has every right to stop that person from doing it? cite 1 state or federal law. do you mean assisted suicide? - because that would be a different matter.,0.7849999999999999,0.5700000000000001,0.7250000000000001,-0.21499999999999986,-0.05999999999999983
CD-REPLY-032,CreateDebate,reply,abortion,abortion,yeah so people have the right to decide. certain things happen in life and some people may not be able to support a baby. if a girl gets raped and becomes pregnant does she really want to carry that man's child? i wouldn't. plus some women have serious conditions so if they do carry a child to term they could die in labor. this is not good and they should have an abortion to save their life. it's simply not our choice to decide what people want to do with their bodies and if they feel it is not killing someone then it is not on our plates it is on theirs.,"Good argument. I'm being serious by the way. But the percentage of women who end up getting pregnant by rape is a meager .6%. I know that's still a percentage, but not as big of one as you may be thinking.",0.41000000000000003,0.4000000000000001,0.42500000000000004,-0.009999999999999953,0.015000000000000013
CD-REPLY-033,CreateDebate,reply,abortion,abortion,"You're cap lock is on. ;) It isn't my body and it isn't your body, therefore you have the right to tell her what she can and can't do with it? yeah, that's a rock-solid argument, you ego-centric hypocritical fool. If God doesn't want abortions to happen then why are there so many still-births? Why does God abort so many of his own children is he finds it immoral? Is God a hypocrite too? (rhetorical)",definition of hypocrite: a person who puts on a false appearance of virtue or religion. 2. : a person who acts in contradiction to his or her stated beliefs or feelings. obviously im not being down to my religion and i have never had an abortion before so im not a hypocrite i was almost aborted because my mom and dad werent married and my gramma wanted my mom to have an abortion ive lost two twin brother/sisters to death in the stomach and one sister/brother because it was concieved in the wrong area of the stomach i have four cousins that would have been aborted and their mother loves them tons im adopted by my great grandmother because my mom was to young to keep me but my mom loves me and my little brother to death and is glad we were never aborted so the tables can turn jerk! there are so many still births because god gives us a choice and we do the wrong thing if god thinks the child shouldnt be with the family it will result in a still birth not an abortion when you get an abortion you are going against gods will to kill your own child against nature,0.6649999999999999,0.85,0.87,0.18500000000000005,0.20500000000000007
CD-REPLY-034,CreateDebate,reply,abortion,abortion,"Ive had over 10 abortions! Mwaaa ha ha ha ha ha You are retarded, I just want to throw that in.","Hey girl you have just lost the argument, there is not evidence, no perswation in your ""article"". all you did was attack another person's ethos. I feel sorry that you have had so many abortions. Perhaps its time to switch your birth control.",0.71,0.7599999999999999,0.7200000000000002,0.04999999999999993,0.010000000000000231
CD-REPLY-035,CreateDebate,reply,abortion,abortion,"""Oh I can just get it aborted so I don't have to worry about it."" Thats not laziness thats disgusting. Abortion rights are being abused. It should not be looked at like an easy form of contaception.",Agreed it disgusting but it still is laziness because their to lazy to take care of their child ETC.,0.49,0.555,0.4000000000000001,0.06500000000000006,-0.08999999999999991
CD-REPLY-036,CreateDebate,reply,abortion,abortion,"I'll be more blunt. It isn't your responsibility to teach others moral lessons that involve contracting fatal diseases, or ruining their lives. Such behaviour is vindictive and arrogant. That is your subjective opinion, I on the other hand disagree. I think my 'lesson' is entirely valid...personal responsibility is very important. It isn't arbitrary. It aligns with law. What law, of which nation? Besides laws can be changed. Being against killing isn't much of an argument. We kill every day. As far as I and anyone who has ever looked at a foetus is concerned, killing a foetus is little different from killing an Apple when you made cider. Utterly ridiculous. An apple is a fruit and is not a multi cellular organism, such as a human foetus. I do not kill human foetuses everyday and that is what we are discussing..not apples or plums or oranges...LOL","Utter unsubstantiated nonsense. Or Bullsh t as you americans say. Unless of course you know something most neurologists and other medical scientists do not? * What does it mean to feel? Beyond simple taxis and kinesis what is there to the experience? There are emotional consequences for the stimuli, there is introspection towards the stimuli, there is the actual feeling itself, and there may be long-term memory of the event. I do not believe it possible that a foetus has developed all of these aspects of feeling yet, when an infant appears to lack them except in the most rudimentary stages.",0.767,0.8500000000000001,0.8400000000000001,0.08300000000000007,0.07300000000000006
CD-REPLY-037,CreateDebate,reply,abortion,abortion,"As a woman who does not hold a religious stance on this but rather a personal experience stance, I think my argument holds a lot of water. I had an abortion. I regret it deeply. I am older now and realize how selfish of a decision it was. I think because we can't see or hold or converse with the life, it is easy to dismiss but, I ALSO, almost did it again, 3 years later. I had two children already and had been basically tricked into a pregnancy I did not want. My boys were older, I had my life together and did not want another child. The issue was pushed by my partner and I was given an ultimatum. I got pregnant and he left 8 weeks into it. I was backed against a wall, scared, confused. How would I care for 3 children alone? I made an appointment and drove to Las Vegas ( hours and hours from where I lived. ) Once there I broke down in the parking lot and drove all the way home. I went through with the pregnancy and gave birth to a gorgeous little girl, met a guy that has been her dad for the last 5 years and I am reminded everytime I look at her, that the only thing that separated her from death was my unwillingness to walk up a flight of stairs. She almost wasn't here... so close. She also reminds me of the who isn't here because of a selfish decision I made. I like how so many people forget about adoption as an option...just like I did. Denying life a chance...",I am sorry for your loss. Are you okay ?,0.07600000000000001,0.08000000000000002,0.09000000000000001,0.0040000000000000036,0.013999999999999999
CD-REPLY-038,CreateDebate,reply,abortion,abortion,"Pro-choice is full of idiocy because unlimited rights in every situation is, of course, ridiculous. You're right, you're supposed to be able to be punished for your actions if you do something stupid. To have the rights to avoid responsibility for every last mistake you make is an abandonment of logic. Pro-life is full of idiocy because most of the time it is based on the notion that the second a sperm and egg meet and become a single complete cell, they become a human being with all of the same rights of a human being. That is an abandonment of logic. Logical, truly moral balance is found on middle ground between the two extremes.","I gave you scientific evidence where science says that once sperm meets egg, it is another living human being. Can't you read? The thing is.....you have not done research on this topic. You have not even looked to see what science says about this. If you did you would know you are wrong. The sperm was alive, when it met the egg which was alive. There is no moral middle ground on this...you cant sit the fence. You are pro-abortion because you say the woman has the right to choose. And if you give her this right, then who the heck are you to tell her when she can and cant abort....because thats personally when YOU THINK, it should be saved. You wont listen to what science says about life in the beginning........you ignore it....then you bring up what science says when fetus is viable. This is not balanced thinking at all. WHAT HAPPENED TO THE WOMANS RIGHTS?",0.905,0.9349999999999998,0.9,0.029999999999999805,-0.0050000000000000044
CD-REPLY-039,CreateDebate,reply,abortion,abortion,"You keep saying that it's human, which I agree with you. The points of difference seems to be that I regard it as a potential up to a certain point, whereas you think of it more as a definite . You then argue that it deserves all the same rights as that of people. I don't agree I'm afraid. It doesn't deserve the same rights and you can call this discrimination based on level of development ;) (not based on level of dependency as you keep saying). Until it passes a certain stage in its development (mental and physical), it shouldn't have any rights whatsoever.","Here is what I think you are saying by potential life; This human after a certain point can go on and have a life. And by life I'm guessing you mean it in the generic sense, meaning the totality of ones existence, a life lived. Here is why I think that is a dangerous position to hold. Basing the value of a human on it's potential is a subjective value judgment, someone other than the human in question decides the value of the human life. If someone decides that the life of someone else is not valuable they then are free to dispose of it. That's dangerous because that is how Germany began the road to the holocaust. It started with the sick, mentally retarded and elderly. The did it by making the value judgment that certain humans didn't have potential, they held no value for society. And following Darwin's model of survival of the fittest it was only logical to dispose of them. See potential is a very vague and subjective term that can be defined in a multitude of different ways, it's what's know as an equivocal word. You see when a value judgment is subjective the line between value and no value can be easily moved to suite the desire of the one with power making every human at risk, even you. The safer ground to stand on is objective value. The value of the human is in the human itself. By the fact that it is human gives it it's value. This puts all humans on a level playing field. I can't come up to you and because I have more power than you say your life is not as valuable as mine. Taking the position of objective value protects the weakest and most vulnerable members of ...",0.887,0.9199999999999999,0.9,0.03299999999999992,0.013000000000000012
CD-REPLY-040,CreateDebate,reply,gayRights,gayRights,"I loathe people who think that their version of logic is the proper one - but enough of these insults. There is one logical reason to engage in intercourse. Procreation. Homosexuality cannot result in impregnation and thus there is no logical reason to engage in homosexual behavior. ""Because we can..."" is not a logical answer. We can do a great many things, but that doesn't mean that there is a logical reason to do so.","Obviously there is a logical reason for it occur, if it occurs naturally through nature. There is no logical reason to paint pictures, there is no logical reason to dance, there is no logical reason to enjoy sex. We do these things, because it gives us pleasure. Pleasure is natural and logical. You know what else is pleasurable and natural? Human rights. You know what is logical and rational for a society to do, to uphold human rights. You argument is myopic tunnel vision.",0.89,0.9249999999999999,0.9,0.03499999999999992,0.010000000000000009
CD-REPLY-041,CreateDebate,reply,gayRights,gayRights,"Okay, so the behavior of the minority is abnormal, abnormal is deviant, and deviant behavior often isn't accepted by the majority. This is what you've established, and I don't disagree with it. But nowhere have you done anything to show why the behavior of the minority is unethical and immoral simply because it is deviant. You haven't shown abnormal behavior to be unacceptable, just stated that it is frequently unaccepted - by people like you. I suppose the once deviant notion that a woman's word was equal to that of a man's, the abnormal view that women should be allowed to vote and own property was just ""a slide of hands"" by the women's rights movement. And, of course, if we apply your logic evenly, this makes them immoral and unethical for perpetrating deviant behavior. Godforbid we see it as social progress, it was something new and different, how could it be? Your slippery slope argument comes off more like paranoia. If you cant make the distinction between rape and homosexuality simply because they are both actions of the minority, you must live in a very frightening world.","Okay good Chad, let us apply this definition to my previous contentious argument with you. I argued that anal sex and also using a plastic/wooden/steel rod in a sexual act are irrational. Further Chad, when we are aroused, our body reacts by producing lubrication in preparation for intercourse. Therefore using other body parts in sexual acts are irrational, don't you think? Morality constrains us, it qualifies right and wrong, it not alien to us it's built-in, coded, programming into our humanity. The concept of the original position is based upon this inalienable human trait. Moralism (which we both obviously hate) is a bully, it attempts to devour and threaten others. Therefore don't confuse morality which is innate with the hypocritical self-promoting moralism. In addition Chad, my view is in the minority now, because of the shifting goal post, look at the Argument Ratio or the Debate info above.",0.475,0.37500000000000006,0.24000000000000002,-0.09999999999999992,-0.23499999999999996
CD-REPLY-042,CreateDebate,reply,gayRights,gayRights,"I shall oppose you on this subject until the day I die Jake. Being Gay is a fact, albeit not in the majority of the people born. You're right, never give in to conformity and we're trying not to! You talk about the few being louder. They have to be just to get the ear of those who can put things right. Ever hear of the Boston Tea Party? Those people were in the minority but they were absolutely right. What came from that was the fundamental right to be represented while being taxed. What is a family? In today's world it is many things. A mother and father with children, a mother and child, a father and child, a child who has been abandoned but has been rescued through adoption or foster care and the gay couple or person whose God given right to have children has been thwarted by people like you. It's not ""We"" who have been created to be with the opposite sex. It is ""You"" and many, many others like you but what if you weren't created that way? What if you were created to be exactly what you are? Straight, Gay, Asexual and whatever else there is? Homosexuality is not abnormal simply because you say so. You put up a debate in the last couple of weeks about wanting to read a good book. Good! Go read one about Homosexuality and how right it really is. What once was considered a malady of the mind is now a malady of the homophobe because you dare not disturb your thinking. So what that most people aren't gay? That has about as much to do with anything as most people not being born on Pitcairn Island! No one is being brainwashed here but you...especially not ""laterally."" It goes a ...","you can't possibly compare sensible rights with right to same-sex marriage... gays have the same rights as straights do. they can marry someone of the opposite sex. this is more of a civil matter, and although i will vote as much as possible to legalize gay marriage, people with YOUR argument just cause less support for it.",0.8049999999999999,0.835,0.8300000000000001,0.030000000000000027,0.025000000000000133
CD-REPLY-043,CreateDebate,reply,gayRights,gayRights,God made man for woman and woman for man thats all I got to say.,"God didn't make man or woman you inbred Adam and Eve have kids, then what? Their kids have kids with each other, then their kids, and theirs, and so on Religion is a joke for uneducated people who couldn't explain the sky, the sun, or why we don't fall off the other side of the world",0.87,0.8849999999999999,0.8899999999999999,0.014999999999999902,0.019999999999999907
CD-REPLY-044,CreateDebate,reply,gayRights,gayRights,"Technically ""Gay Marriage"" doesn't exist. The people defined marriage as between a man and a woman. [prop 8] I don't see why they can't make their own civil unions. My stance has nothing to do with religion because I believe in separation of church and state. I'm just saying that marriage is our thing and they should get there own thing. ""we try to force being stright on americans and say its a sin"" Who is ""we""? Of course there are crazy people in the streets with stupid signs. Don't let then tarnish your view of straight Christian America.","Gay people should get their own thing? I agree. In support, can anyone provide a very good reason as to why black people should have gotten their own kind of marriage? That is also what you liberals would call an ""arbitrary"" or ""capricious"" distinction. Quite simply people of different races do not get together and they should ""get their own thing"". There's nothing wrong with the name Mixed Union when they are given the same legal entitlements as marriage (pure-race unions, or clean-marriages, of better defined as those marriages which are in keeping with our honourable forefathers of America). Marriage is a precious institution of our society and only recently in the history of the US has the mixing of races within this great institution been permitted (research yourself how liberal and ""new"" this Mixed Union concept is). The other Great nations of the past also did not permit such mixings; even S. American nations (which do not count as one of those capital-G ""Great"" nations) until recently made explicit laws making sure that those Mixers would GET THEIR OWN THING instead of muddying up the definition of marriage. As other people later put it, and quite logically put it, 1+1 IS NOT 3, IT'S 2. THE ANSWER IS 2. Though, of course, one would argue the real answer is to this problem is 42... anyone with me? 1 Latino + 1 Pure Aryan = DOES NOT MAKETH A MARRIAGE; it makes it a Mixed Union entitled to all the same legal protections as marriage. We do make this extremely precious and important distinction because nowadays our dictionaries are getting muddied with upstart liberal id ...",0.855,0.79,0.5800000000000001,-0.06499999999999995,-0.2749999999999999
CD-REPLY-045,CreateDebate,reply,gayRights,gayRights,Well I see where your coming from but it's not quite the same because they are attracted to the same sex. That's why they need civil unions.,"I don't see why they ""need civil unions"" Why should the state endorse this relationship?",0.72,0.6699999999999999,0.7399999999999999,-0.050000000000000044,0.019999999999999907
CD-REPLY-046,CreateDebate,reply,gayRights,gayRights,"No it shouldn't! God didn't make the world to be full of gays, and I bet that half the people on the allowed side a gay anyway!!!","This is a highly bigoted opinion. Making a case against gay marriage on god alone is a weak position. In what way does the people on the other side being gay somehow devalue their opinions? If I'm gay, does my opinion somehow mean less than yours? Gay people don't harm other people. To deprive them of their right to marry the person they love who happens to be the same sex, is wrong. This is a completely black and white issue, no gray area whatsoever. Homosexual couples are being deprived the right to marriage as well as all the legal benefits that come along with marriage. This is a civil rights issue.",0.905,0.8949999999999999,0.8899999999999999,-0.01000000000000012,-0.015000000000000124
CD-REPLY-047,CreateDebate,reply,gayRights,gayRights,"Then if you're different pick a different word. Traditionally marriage has meant a union between a man and a woman. To use the same word for same sex partners dilutes the word and makes it less descriptive. It also pisses of the religious right and makes for great CD fodder ;) You claim to be different but you want to seen as the same. That doesn't make any sense to me. Let us see you as different and accept you for what you are. There's no need to put a requirement forcing us to see you as the same. BTW, claiming that gays are genetetically different and supporting genetic engeneering means that someday some one will want to eradicate the gay gene. It's a two edge sword that cuts both ways. You have to love it ;) Remember, vote twice, vote often ;)","That is such a bogus argument Joe. ""You claim to be different but want to be seen as the same."" My God man, take a black man and a white woman, they're not the same but they can now marry (since 1967!). You've seen us as different for eons and that hasn't allowed people to accept us! For all intents and purposes we are very much the same insofar as we all want the same things in life. From you, we can't get that without the fight of a lifetime ensuing. I, for one, couldn't care less if genetic engineering can one day change a gay gene! There'll be less pain in the world if that happened BUT, does anyone have the right to do that? Go work on the autism gene or the Downs syndrome gene or the idiot savant gene...then you will have accomplished something!",0.85,0.88,0.87,0.030000000000000027,0.020000000000000018
CD-REPLY-048,CreateDebate,reply,gayRights,gayRights,"It's one thing for gay couples to adopt their own lifestyle, but they've moved far beyond that. Now they are demanding that the rest of society change its traditions and institutions to suit them. This isn't about insurance or inheritance benefits for gay couples (which I have no problem with). It's about redefining an institution older than civilization itself. If a two men or two women can marry, why not three men or four women? Or fathers and daughters who happen to be consenting adults?",fathers and a daughters cant get married bc when you inbreed the children come out with missing chromosomes and cross eyes.,0.705,0.6649999999999999,0.4,-0.040000000000000036,-0.30499999999999994
CD-REPLY-049,CreateDebate,reply,gayRights,gayRights,"Definitions of marriage This is where it might hurt your head. The dictionary isn't always right. The dictionary is written by a bunch of people that give the definition of words as they see it. You go to a different country and several words have different meanings. Go to a country with morals and you'll see that marriage is between man and wife and that it is a religious ceremony. However in this new day and age (i agree) it doesn't have to be purely religious. But irregardless it is between a man and wife. You cannot have a man and man or woman and woman or transexual and transexual or brother and sister or brother and father or brother and mother or sister and father or sister and mother or sister and sister or brother and brother or paedophile and young person or dead body and necrophile or a dog and a bestiality person. You see what I'm getting at? What exactly is immoral and irreligious about Homosexuality?. Lol you being serious? Can I, thanks. I will reference you when I need to be a bigot. Blah blah blah anybody that isn't accepting of all types of peoples is a bigot. Have fun advocating paedophilia. I'm not going to bother claling you a sick fuck cause I think all of you guys know you are... I need to come up with a new accurate word to describe you queers.","As an Englishman, I believe I have the authority to declare that the defenition of the word marriage is 'The state of being married', or as a noun 'An act of lawful romantic union between two persons'.",0.6229999999999999,0.72,0.54,0.09700000000000009,-0.08299999999999985
CD-REPLY-050,CreateDebate,reply,gayRights,gayRights,"Can anybody against gay marriage make an intelligent comment without involving God in it? We are not required to believe in God in this country! If you start talking God, then my question will be -who's God? Yours? And how about mine? Who's God is right? Etc... This is the best about this country -God does not have legal rights here.","Religion is a large part of many of our country's laws. If you live in America and don't like it then move. If you don't live in America respect his/her opinions. Not just religion goes into it. I find watching two homosexuals making out like a normal couple in a public place disturbing and sick. I know many probably feel the same about straight people but that's just my opinion. Plus, I think it would really confuse children to see something like that. I'm against homosexuals and homosexual marriage but I believe such things are out of my hands and I shouldn't be violent or insulting with such things just because.",0.6209999999999999,0.6349999999999999,0.66,0.014000000000000012,0.039000000000000146
CD-REPLY-051,CreateDebate,reply,gayRights,gayRights,"Nobody is born gay, although they might become gay because one of their parents is gay and they look up to them.",That is as far from the truth as one can get! There are no statistics that show that your take on this is true.,0.85,0.7649999999999999,0.74,-0.08500000000000008,-0.10999999999999999
CD-REPLY-052,CreateDebate,reply,gayRights,gayRights,"Do you even have a clue about the history of marriage? Seriously. Marriage has meant plenty of things over the millenia. It's not about a word, it's about a right. There were those who said blacks couldn't marry whites once upon a time. The same rhetoric was used against them. Gays are entitled to the word marriage just like anyone else because no one owns that word and any connotation that you ascribe to that word has a historical context that has changed over time and will change more over time. Separate is not equal.","Historically, marriage has meant a union between a man and a woman. If it has ever meant anything other than that, then I would like to see that proof. When racists said that a black person could not marry a white person, they lost in the courts because the historical definition has been ""a union between a man and a woman"" not ""a union between a man and a woman of the same race."" Racists did not try to claim ownership of the word. The racists tried to change the definition of the word and lost. As they should have. Now a new group wants to change the definition of the word once again and they should lose that battle but they should win the battle to get their rights.",0.885,0.8400000000000001,0.885,-0.04499999999999993,0.0
CD-REPLY-053,CreateDebate,reply,gayRights,gayRights,"Homosexuals hurt the idea of family morales, what if they were to adopt a kid, and all of his/her friends ask why they have 2dads, or 2 moms. The kids dont know, and honestly, so do I. I dont really care if there are gay people and they do there freaky stuff in their private life, but getting married is too much. And i agree with soccerstud, there are two sexes on this planet for a reason, if god wanted us to be gay then he would have only created one sex. Plus, you need 2 different sexes to make a normal family work, you need breast milk, you need sperm cells, you need egg cell, you need both the female and the male to function as a normal family, and in my opinion, gay married couples are not a normall functioning family.",""" ...there are two sexes on this planet for a reason, if god wanted us to be gay then he would have only created one sex. "" What if this entire world wasn't even planned by God? If you believe that God planned for there to be sexual reproduction and for there to be male and female humans, then I suppose you believe that we were intelligently designed, since God has such a direct impact in the world. Well, if he designed us, then why do our esophagus and trachea intersect, which creates a very dangerous choking hazard? And why do our eyes have blind spots where the optic nerve goes into the eye? Couldn't God have designed our bodies to be a little more perfect? I'm not denying God's existence. I'm merely stating that this world wasn't directly created by God like so many people believe. And because of this, there are certain things, like homosexuality, that exist even though they go against religious teachings.",0.834,0.8,0.825,-0.03399999999999992,-0.009000000000000008
CD-REPLY-054,CreateDebate,reply,gayRights,gayRights,"I loathe people who think that their version of logic is the proper one - but enough of these insults. There is one logical reason to engage in intercourse. Procreation. Homosexuality cannot result in impregnation and thus there is no logical reason to engage in homosexual behavior. ""Because we can..."" is not a logical answer. We can do a great many things, but that doesn't mean that there is a logical reason to do so.","There is one logical reason to engage in intercourse. Procreation. Homosexuality cannot result in impregnation and thus there is no logical reason to engage in homosexual behavior. Good. You elucidated your premise for your argument. Now for the bad news: your premise is arbitrary and of no more objective value to the universe than selecting pleasure, greed, or love. You should skip the logical pretence and simply state that you think procreation is important, because you have no logic backing you. Oh, and bonus: gay people will be able to procreate in a few decades, using technology that converts skin cells into gametes.",0.964,0.89,0.9049999999999999,-0.07399999999999995,-0.05900000000000005
CD-REPLY-055,CreateDebate,reply,gayRights,gayRights,"Hi, haven't seen you in a while. ""separate but equal, is inherently unequal"" That's like saying: ""1+1=2, inherently is wrong because people in the past where bad at math.""","That's like saying: ""1+1=2, inherently is wrong because people in the past where bad at math."" You do know what ""separate, but equal"" refers to, right?",0.6809999999999999,0.5000000000000001,0.5,-0.18099999999999983,-0.18099999999999994
CD-REPLY-056,CreateDebate,reply,gayRights,gayRights,"It's one thing for gay couples to adopt their own lifestyle, but they've moved far beyond that. Now they are demanding that the rest of society change its traditions and institutions to suit them. This isn't about insurance or inheritance benefits for gay couples (which I have no problem with). It's about redefining an institution older than civilization itself. If a two men or two women can marry, why not three men or four women? Or fathers and daughters who happen to be consenting adults?","The argument you are making would have applied to interracial marriage when it was illegal, so acknowledge that you would have been against interracial marriage when it was illegal or admit your hypocrisy.",0.865,0.7699999999999999,0.78,-0.09500000000000008,-0.08499999999999996
CD-REPLY-057,CreateDebate,reply,gayRights,gayRights,"No, it should not. Same-sex marriage is an oxymoron. Marriage is, by definition, a union between a man and a woman.",Then we should change the definition. --------------------------------------- --------,0.775,0.76,0.7699999999999999,-0.015000000000000013,-0.0050000000000001155
CD-REPLY-058,CreateDebate,reply,gayRights,gayRights,OH good grief How close minded can one nutter be? Someone that chooses to be gay does it on their own one way or the other. Its not your business who someone finds attractive or falls in love with.,"How exactly, am I being closed minded? I think im pretty open minded, im not just going with the mediaflow like most of you ""nutter""s are.",0.455,0.6299999999999999,0.54,0.17499999999999988,0.08500000000000002
CD-REPLY-059,CreateDebate,reply,gayRights,gayRights,"Yeah, bite me ;)",No thanks...That would be like biting a sesame seed. I like to be able to see what I bite and it also has to be clean.,0.169,0.28,0.22000000000000003,0.11100000000000002,0.05100000000000002
CD-REPLY-060,CreateDebate,reply,gayRights,gayRights,"I'm all for replacing marriage with a different contract that likewise incorporates someone into your family, just with out the religious and sexual undertones. We already have that. It's called marriage. It's not a religious or sexual issue. It's a state issue in recognizing the merging of two families. The religious ritual is a superfluous (but meaningful to some) practice. It actually has no bearing whatsoever on the actual legitimacy of the marriage. And honestly, I don't see what sex has to do with marriage. If it was relevant at all, we'd stop impotent or infertile people from marrying. But we don't. It's only relevant when all these closeted homosexuals struggle against their sexuality and try to fight the very things they're doing in secret.","Your correct, unfortunately most people don't see it that way.",0.085,0.06,0.06999999999999999,-0.02500000000000001,-0.015000000000000013
CD-REPLY-061,CreateDebate,reply,gayRights,gayRights,"Care to provide a peer reviewed scientific study which doesn't just list the rest of societies bigotry as a problem to support your claim? Or to ya know, actually make an argument.","Yeah, there have actually been studies on this. It shows that children raised in gay families are completely fine. http://www.post-gazette.com/stories/ sectionfront/life/ what-happens-to-kids-raised-by-gay- parents-488758/",0.384,0.6199999999999999,0.33999999999999997,0.23599999999999988,-0.04400000000000004
CD-REPLY-062,CreateDebate,reply,gayRights,gayRights,"Children get picked on at some point in time, and it is usually about something else (something physical) like being chubby or looking different.","The push against gay, lesbian, and same-sex couple adoption is more about gay discrimination than child welfare. So, before you buy into the myths and rhetoric that gay adoption poses an unsafe environment for children or that a gay household is a ""recruitment center"" for young adults, the facts those against same-sex adoption aren't telling you: There are already thousands of children living in gay couple households. The 2000 U. S. Census reports 33% of female same-sex couple households and 22% of male same-sex couple households already have at least one child under the age of 18 living at home.",0.5640000000000001,0.56,0.7799999999999999,-0.0040000000000000036,0.21599999999999986
CD-REPLY-063,CreateDebate,reply,gayRights,gayRights,"The child will become a homosexual. As a (teen daughter) she would want to talk with mom about teenage issues such as dating, relationships, when to become sexually active vs. postponing it, birth control, etc., and a (teen son) would want to talk","""the cild will become a homosexual"". oh really ? So it would mean that with heterosexual parents you will be homosexual. Interesting, all my gay-friends have heterosexual parents. And concerning children, they can talk to their parents, question them, even if they're homosexual. just sayin'…",0.908,0.89,0.85,-0.018000000000000016,-0.05800000000000005
CD-REPLY-064,CreateDebate,reply,gayRights,gayRights,"Good one but remember there are sometimes a two-side of views in matters regarding these. That adopted child will be affected by his parents and his peers no matter how you look at you. It's not too good to have too much fatherly love or too much motherly love. It has been scientifically proven by researchers somewhere =,=. One up-vote for you :D",Show me the study because I've never had the chance to see it.,0.6200000000000001,0.6100000000000001,0.55,-0.010000000000000009,-0.07000000000000006
CD-REPLY-065,CreateDebate,reply,gayRights,gayRights,"What right do gay people have to force their views on everyone els? Nobody is forcing you to get gay married! Why can't you fucking understand this! Two people you don't know getting married doesn't effect you at all! Edit: Sorry, didn't realize how old this debate was...feel free to respond if your opinions are the same though.","I felt free to down vote that response. I hate getting opposed responses for things I can hardly remember anyways, I would appreciated if you would not use such bad language when talking to me. And don't give me one of those immature well I will say it anyways rants and then type every offensive word in the book.. thats old. And I know about the first amendment I am only stating what I would appreciate. Oh well, I'm sure you can think of something els, go ahead. For the record I do understand that I am not being forced to marry homosexually. That's a good thing. I'm also not forced to agree with the few that it is morally correct. The problem is that people don't wan't people telling them that they can't vote based on their religious beliefs. I believe that homosexuallity is morally wrong and I don't want it in my country. I'm not alone. There is nothing you can do about it and you can't change my mind. Prop 8 passed. Do you have a problem with democracy? Move somewhere els. You and people like you and all of Hollywood are trying to beat the majority of American citizens. Trying to sway everyone. That's not good. History shows that. The few being in control is a bad thing. "" Two people you don't know getting married doesn't effect you at all! "" So I'm only allowed to vote and have opinions on tings that effect me personally? You don't think I should? That's to bad.",0.802,0.78,0.7849999999999999,-0.02200000000000002,-0.017000000000000126
CD-REPLY-066,CreateDebate,reply,gayRights,gayRights,"And if a gay couple adopts a child in a state where gay adoption is legal then moves to (or vacations in, drives through, etc.) a state where gay adoption is illegal, are there custody rights put in question? The full faith and credit clause, requires that all states must respect the laws and decisions of other states. This way you do not have to re-marry every-time you move to a different state. Yet despite this, some states refuse to acknowledge gay marriages from other states, thus violating the full faith and credit clause of the Constitution. There is a lack of consistency in this area.",you obviously don't know what that clause really means. http://en.wikipedia.org/wiki/ Full_Faith_and_Credit_Clause Also: http://en.wikipedia.org/wiki/ Defense_of_Marriage_Act And just logically - what use would your states rights argument have if once the first state allows it every other state would have to recognize it?,0.823,0.855,0.82,0.03200000000000003,-0.0030000000000000027
CD-REPLY-067,CreateDebate,reply,gayRights,gayRights,"Technically ""Gay Marriage"" doesn't exist. The people defined marriage as between a man and a woman. [prop 8] I don't see why they can't make their own civil unions. My stance has nothing to do with religion because I believe in separation of church and state. I'm just saying that marriage is our thing and they should get there own thing. ""we try to force being stright on americans and say its a sin"" Who is ""we""? Of course there are crazy people in the streets with stupid signs. Don't let then tarnish your view of straight Christian America.","your qoute does not make since to me ""we try to force being stright on americans and say its a sin"" because it sound to me as if your saying being straight is the sin and did you actually see a sign that said this? i am thinking that you took a qoute and made it different and if thats the case that just makes you crazy for trying to impress upon us a qoute that implies your veiws that does not exist. its like laughing at your own jokes",0.6929999999999998,0.68,0.655,-0.01299999999999979,-0.03799999999999981
CD-REPLY-068,CreateDebate,reply,gayRights,gayRights,Yes! You are so true! The Bible is the only true book that will remain true forever. Great job on the debate! You should be a pastor.,"Please support and verify. I mean, if the Bible is 100% true, well then, what it says should be visible everywhere right? It shouldn't take but a second or two to find extra-biblical support, right?",0.69,0.64,0.5900000000000001,-0.04999999999999993,-0.09999999999999987
CD-REPLY-069,CreateDebate,reply,gayRights,gayRights,"Words are very powerful Jessald. Try walking into a crowded room and yelling fire, or walk through Watts, Los Angeles and yell out the ""n"" word. Homosexuality is an act of gay sex, not gay love. Two men or women can love each other and not engage in gay sex. I have many male friends I have known for a long time that I love very deeply however I am not sexually attracted to them. Men sexually attracted to other men and vice versa is a type of sexual disorientation. It happens all throughout the world in many different species however humans have the ability to correct behavior as apposed to the animal kingdom which is in some ways what makes us stand out. It can be the result of childhood or adult trauma, genetic hormonal imbalance's, environmental variables, the list is endless. Forget throwing fuel on the fire, lets start researching the causes of homosexual behavior and find ways to treat the condition instead of pretending like its a matter of choice because to be honest, I dont know any Gay men who would choose to be gay in todays social climate.","Yes, eliminating homosexuality would make the problem go away. But science isn't anywhere close do being able to do that yet. In the meantime it makes sense to legalize gay marriage.",0.363,0.56,0.43500000000000005,0.19700000000000006,0.07200000000000006
CD-REPLY-070,CreateDebate,reply,gayRights,gayRights,"You are supposed to be married when you have kids. The minimum length for an argument is 50 characters. The purpose of this restriction is to cut down on the amount of dumb jokes, so we","Says who? Why? Your statement can't even be considered an argument because you just say something without backing it up. Marriage is about so much more then having kids. It's about two people who are in love making a lifelong commitment to each other. How about this...go to a wedding. See how many times children are mentioned in the ceremony. Assuming it's a typical wedding, the answer would be none. How about people who are infertile...should they not get married either? Your arguments make no sense, and lead me to believe you haven't really thought critically about these issues at all.",0.9,0.9299999999999999,0.9249999999999999,0.029999999999999916,0.02499999999999991
CD-REPLY-071,CreateDebate,reply,marijuana,marijuana,"As the dutch example shows, legalizing marijuana doesn't come with any significant negative effects to society. Instead, the government has an additional source of income from taxes and saves significant amounts of money that is currently being spent on arresting, prosecution and locking up non violent marijuana users.","that's cool, except the tax part. Why is government owed a tax for the growth or sale of this particular plant? We don't have special taxes for coffee, which is about the equivalent in overall social effect and harm-potential (that is, almost zero). There's nothing that justifies that marijuana be subjected to anything other than standard sales taxes.",0.622,0.6799999999999999,0.605,0.05799999999999994,-0.017000000000000015
CD-REPLY-072,CreateDebate,reply,marijuana,marijuana,"Marijuana is much less harmful than alcohol and tobacco. Studies have shown that marijuana increases concentration and creativity, probably because it stimulates both sides of the brain. Not to mention, were marijuana legal, it's estimated that the U.S. would save around $11 billion a year (I'm not sure if the money we would save by not arresting otherwise harmless marijuana users factors into this, but it's still quite a bit of money). It would create more job necessity and availability. And I've never heard of using marijuana making anyone aggressive, so they couldn't use that as an excuse for demonizing it. :)","marijuance creates LACK of concentration, not an increase of concentration! Marijuana is addicting, no matter what you say. If made legal, it will become a competitive market just like any other thing. (At least for those who don't grow it). That would mean there would still be [illegal] sellers, as they would be breeding more powerful strains to get more powerful amount of THC levels. The more powerful it is the more addicting. Substance abuse is a health problem. We already have a huge health-care industry centered around alcohol/drug abuse. You want to add to the list? The Tobacco Companies wait in anticipation so they can start packaging and selling to more idiots. That's right--I'm talking marijuana. No doubt they pay for studies to try to prove that marijuana is ""harmless"". They see big dollar signs, just like with tobacco. The FDA would have to get involved to ""put a limit"" on ""acceptable"" drug levels. They would also have to enforce these rules, And just like with alcohol, they have to watch for ""bootleg"" sellers who try to sell dangerous products. Everyone will (still) want their piece of the pie. Once legal and commercilized, competition will be fierce so at first the price will be low, but just like with gas, they will slowly squeeze you dry.",0.865,0.8949999999999999,0.905,0.029999999999999916,0.040000000000000036
CD-REPLY-073,CreateDebate,reply,marijuana,marijuana,"The reasons for why pot should be legalized are all legitamite but people are only looking at the big picture. Sure it can benifet society in many ways but their are so many down sides to legalizing pot. If everyone were to become pot attics they would become more and more addicting up to the point that all they want to do is smoke pot. Allot of people are probably reading this and thinking that i am completly wrong, but the fact of the matter is that if you smoke pot long enough your mind will strictly be wrapped around trying to get high. With that said, how will our society progress if every has their minds on obtaining pot. Our world will not become more advanced because everyone who was one smart is now a pot head! Who will be the guy to cure cancer if everyone is on pot??","Why do you assume if marijuana is legalized that everyone will start doing it habitually? You have nothing to back this view up and the history of prohibition would actually disagree with your statement. ""the fact of the matter is that if you smoke pot long enough your mind will strictly be wrapped around trying to get high."" Marijuana is not physically addictive. Yet one of the most addictive substances known, nicotine, is perfectly legal to have in cigarettes. Alcohol is also very illegal. There are thousands of deaths every year from tobacco and alcohol, yet there has never been a recorded death due to marijuana. Unless you support making cigarettes and alcohol illegal, your position is not logically consistent. Furthermore your assumption that people who smoke pot are not productive members of society is simply not the case. 50% of the population has smoked marijuana at least one time. And the past three presidents have admitted to smoking pot. You can very easily be a very successful habitual smoker, but it is far more difficult to be a fully functional alcoholic. Yet once again I doubt you support prohibition of alcohol. Your argument is based upon incorrect assumptions and contradictions. Try again.",0.955,0.95,0.943,-0.0050000000000000044,-0.01200000000000001
CD-REPLY-074,CreateDebate,reply,marijuana,marijuana,"I hate you people. Weed is a bad substance, just as bad as alcohol, its banned now, unbanning it will just give people another excuse to bitch at the government and allow a gateway for advocates of drugs to try to get other drugs legalized, like steroids. Yadda yadda yadda. The legalization of pot isn't just a small matter, it's a beacon for trouble from other substances.","What evidence do you have to support the statement ""Weed is a bad substance, just as bad as alcohol""? This is simply not true: http://www.saferchoice.org/content/view/ 24/53/ You seem to have a personal problem with pot and it's users....did something happen to you at some point in time to cause this prejudice?",0.892,0.87,0.7999999999999999,-0.02200000000000002,-0.09200000000000008
CD-REPLY-075,CreateDebate,reply,marijuana,marijuana,That was my point .,"I'm not sure what you mean. You said the health benefits weren't enough to justify legalization and gave LSD as an example. What I meant was LSD may have some health benefits, but it also causes mental disturbances and marijuana doesn't. So the two substances can't really be compared.",0.52,0.535,0.33,0.015000000000000013,-0.19
CD-REPLY-076,CreateDebate,reply,marijuana,marijuana,"Correction, marijuana is not a drug it is a substance. Sure it makes you sleepy and hungry but it also makes you happy! You left that part out.",Marijuana destroys the brain you forgot to mention that part.,0.661,0.65,0.5499999999999999,-0.01100000000000001,-0.1110000000000001
CD-REPLY-077,CreateDebate,reply,marijuana,marijuana,Um. Ever heard of prohibition? Ever read about how it got overturned because of american citizens revolting against it? The fact that people can come together to change laws is part of what makes this country great.,"Revolutions have happened and have been successful in the past, but honestly, who is going to support a revolution to legalize a drug like Pot to be used when it was banned for our protection? And don't even say ""We revolted against the ban of alcohol."" because it is quite obvious that Pot does far more damage to yourself and those around you than alcohol does. The fact that we can revolt against something doesn't mean we should. If we legalize something that makes people stop caring about their lives and only want to get ""high"" then we are pretty much setting a course for our downfall as a civilization.",0.836,0.84,0.835,0.0040000000000000036,-0.0010000000000000009
CD-REPLY-078,CreateDebate,reply,marijuana,marijuana,There's a difference between all drugs and marijuana. Caffeine causes more deaths annually than marijuana.,"I'd implore you to read my post again. I wasn't attacking marijuana, and I believe the war on drugs is... a war on DRUGS in general, not just weed.",0.212,0.23500000000000004,0.225,0.023000000000000048,0.013000000000000012
CD-REPLY-079,CreateDebate,reply,marijuana,marijuana,"Yeah I guess. As I said there is no point in using up tax money on a ""Drug War"" that will never end. The only thing that will happen if they legalize it is that it will get more users. I believe it could effect our economy.",The worse thing that will happen is more dope heads. It will only raise tax revenue and it would effect the economy. It would create thousands of jobs. Weed is the largest cash crop in the world. Get rid of cartels.,0.535,0.55,0.6799999999999999,0.015000000000000013,0.1449999999999999
CD-REPLY-080,CreateDebate,reply,marijuana,marijuana,Cannabis has been proven to have health benefits .,"So has numerous substances, for example LSD, is the fact or possibility of benefits really a sufficient argument in itself for legalization? http://www.guardian.co.uk/science/2009/ oct/23/lsd-ecstacy-health-benefits",0.6819999999999999,0.665,0.665,-0.016999999999999904,-0.016999999999999904
CD-REPLY-081,CreateDebate,reply,marijuana,marijuana,"It should be legalized. We need to strive for a rational legal code. In relation to tobacco and alcohol, two of the legal drugs, cannabis is hands down the least harmful. It does not have the physically addictive properties of either alcohol or tobacco, cannabis users can stop anytime with withdrawal symptoms on par with or less than that of caffeine withdrawal. More than that, tens of thousands of people die every year from lung cancer and alcohol related accidents and illnesses. If your an alcoholic you can die if you just stop drinking. No one to my knowledge has ever been killed from smoking or quiting cannabis. In addition, cannabis has not been shown to have the carcinogenic effects that tobacco has. Cannabis has even been shown to promote new brain cell development, and its users report wide ranging benefits. The Netherlands model shows that soft drugs can be legalized and it actually improves the society. We need to end the propaganda and misinformation campaign, bring more reason and fairness to our legal code, and legalize cannabis.",I'm sold on your argument. One up vote for you. I need new brain cells! Just ask almost anyone on this site ;),0.075,0.075,0.08500000000000002,0.0,0.010000000000000023
CD-REPLY-082,CreateDebate,reply,marijuana,marijuana,"What is your problem with the Herb anyway The way it effects the brain and mental system. you agree it is better than a lot of what is Legal already No, I agreed that in some cases there are drugs that have more severe effects (ultimately it depends on the amount consumed and the at the frequency it is consumed). why should it be illegal for someone who wants to get to get stoned on Marijuana to unwind but OK for them to get drunk which has a lot more health issues connected Moderation. Marijuana has more of an addiction effect than alcohol does.","Alchohol affects the Brain and Mental System in a similar way to Marijuana but the story that Marijuana kills Brain cells has been disproven Alchohol definately does. The addictive properties of Marijuana have been over exagerrated Alchohol is way more addictive, as is Tobacco",0.745,0.785,0.72,0.040000000000000036,-0.025000000000000022
CD-REPLY-083,CreateDebate,reply,obama,obama,"2x as many people on food stamps Ya...That's what happens in a recession. ou cannot point the Dow and Nasdaq they fluxuate everyday. They don't fluctuate 6500 points everyday. Face it, the NASDAQ, DOW, and S&P;have all doubled under Obama. Did you forget to mention S&P;downgrading our economy You can't downgrade an economy. wonder why it didnt happen with bush? You don't understand the role Ratings Agencies played in the financial collapse, do you? - Now why don't you respond to the massive refutation of your argument I posted on the other poll.","O I forgot the American people govern how many food stamp programs there are...wrong! all the govts doing, people need to get off their ass and get a job but wait! they can't because obama and the epa etc regulate the piss out of any entrepreneur that shows their face in this administration. Doubled? Really? No. They have improved but they were at their lowest when obama was in office also. If you want to be technical no its not called downgrading an economy, its called a credit downgrade which responds from the economy to practically yes it is an economic downgrade. (Sorry had a little argument with myself). What role did they play, oh please do tell...? It was their fault for the housing bubble right?? they didnt tell us that it was a bad thing the govt was making banks give people money who couldn't pay it back? let's not blame this on our govt or the ""flawless"" obama administration lets blame it on a CRA. I don't think you understand the role CRA's played in the financial collapse of the economy. I did respond..?",0.875,0.865,0.845,-0.010000000000000009,-0.030000000000000027
CD-REPLY-084,CreateDebate,reply,obama,obama,President Obama's love affair with Keynesian Economics makes me want to vomit.,and Republicans love of supply side economics? and deficit spending? no bid contracting?,0.525,0.5,0.55,-0.025000000000000022,0.025000000000000022
CD-REPLY-085,CreateDebate,reply,obama,obama,"No, he stumbled on the question on the legality of his gun control laws. PS - just because you show a source doesn't mean it's reliable. That website you showed me is a lie, because I attend TEA parties and I don't think gay marriage should be banned.","I said ""Republicans"" have proposed the amendments and the included source states or links to the names of the republicans that sponsored them - I did not say you agree with all of them (though you noticeably do not include your position on the other 11, or a reasoning why amending the constitution is always a bad thing).",0.575,0.7,0.72,0.125,0.14500000000000002
CD-REPLY-086,CreateDebate,reply,obama,obama,"I happen to think he's doing awsome, even if one disagrees, this hatred cannot possibly be based in reality. Because everyone who disagrees with you must not be involved in reality... As for your list of ""accomplishments"" it was rather clever of you to use a link to another forums and by doing so hiding the fact that the list is from DailyKos. I wish I could color code stuff, but bold will represent things that are nothing special or would have most likely been done by McCain and italics will represent something that should not be the government's job or something that is not even an accomplishment. 1. Taxes are the main gripe of all those fat pasty Tea Party weirdos. Yet this very year is the least taxes Americans have paid then at any time during the Bush administration. Where were these lard asses when there was a white guy in office? Cutting taxes is something that just about any leader would do in a recession, its the future tax hikes to cancel out the huge deficits that people are pissed about. 2. Spending has actually been cut, and everyone conveniently ignored that Obama finally ended the f-22 program which Presidents have been trying to elimante but couldn't because they were not cool enough since Bush Sr. In fact Obama has passed 60% of cuts, much more than Bush Jr. - hence actually shrinking the size of government. $82.69 billion dollar deficits this April, though it is nice to see the military industrial complex get a kick in the balls. 3. Every nation that has ever passed a Healthcare plan similar to the one Obama passed was happy for it and held that residing ...","Because everyone who disagrees with you must not be involved in reality No, you can disagree. I'm talking about the ridiculous hatred... as evidenced by the tag ""fuck him"" and basically every insane tea party. 1. okay so you hate him for taxes he hasn't raised... that makes sense ._. 2. the f-22 program wasn't a kick in the balls at all. It was a billion dollar program for planes the military does not use only kept alive because senators in respective states that made the planes have been too week to support cutting the program. And that the rate of our deficit increase has slowed since Obama took office, and our GDP increased. 3. It will actually bring everyone's cost down, including those who pay for it, including you if you pay for it. Under the current system we pay the most, including you, for the 33rd ranked healthcare in the world. It is a retarded system and had to be changed and Obama has been the only President strong enough to do such. 4. Again, so in spite of the chart I linked clearly showing the job situation has steadily improved since Obama has been in office, you choose to hate him based on some vague future fear fully imagined in your fevered head. And I'm sure you blame Bush's job loss on Clinton, makes perfect sense ._. 5. Wow, that's amazing, don't let other conservatives hear you give him credit for something, they'll lynch or pray for your soul or exorcise you or some other crazy ass thing. Next section: This is to point out that he's doing stuff not assoiciated with sacrificing kittens to satan or speaking to Hitler's ghost about ways of turning Amer ...",0.85,0.88,0.78,0.030000000000000027,-0.06999999999999995
CD-REPLY-087,CreateDebate,reply,obama,obama,Hell no! His policies are crap and I can't wait for the courts to overturn his health care bill crap ;),"There's no presidence of overthrowing the Healthcare Bill. And I'm still trying to figure out why you are against something that will gaurantee even your coverage if say you're fired, that will force insurance to spend at least 85% of what you pay into it for healthcare (instead of new yachts etc) and will lower our national debt by half a trillion dollars over the next 10 years. It is truly senseless. I'm not sure how many times I can explain this to you.",0.845,0.82,0.865,-0.025000000000000022,0.020000000000000018
CD-REPLY-088,CreateDebate,reply,obama,obama,No because he has had three years to make some changes to this economy and he hasn't! Actually if you haven't heard it has DROPPED! :( It's time for someone else to step in and help America.,Every thing you said was false. I think I can convince you to be an Obama supporter. The economy is very clearly recovering. I have posted the facts above in previous comments. Lowest unemployment in 3 years. Best January for the economy in this century. Dow at 3 year high. Nasdaq at 11 year high. Job growth at 15 year high. Corporate taxes at 40 year low. Etc. etc. Obama 2012!,0.9299999999999998,0.9149999999999999,0.8999999999999998,-0.014999999999999902,-0.030000000000000027
CD-REPLY-089,CreateDebate,reply,obama,obama,"No, his policies are crap. He ignores that majority of America doesn't want Health Care but he still pushes it through. Ignorant much? Health Care is another way of Theft for the government. They take your money and give it to someone else and themselves. Being forced to have insurance or your given a fine on your income? Wow, totalitarianism much? Six states are performing a law suite against this. It will go through congress and get passed. IT is unconstitutional to run a bill through that has already been Vetoed!! That just provides evidence that none of you people give a shit about the foundations of this country. Health Care is a Gateway for more government control. If you don't believe that your a fool.",I wonder about those six states. Could you please send me link and tell me what the six states are?,0.34,0.17,0.30000000000000004,-0.17,-0.03999999999999998
CD-REPLY-090,CreateDebate,reply,obama,obama,"When Obama took office we were losing on average 700,000 jobs per month. The economy hit the trough of it's business cycle, and by suggesting Obama stopped the downward spike has no truth. Last year Republicans filibustered over 200 times. Where is your link of proof? Of course though in 6 years Republicans will just elect another frat boy or actor to ruin all the hard democratic work again Ronald Reagan had to clean up the mess after Jimmy Carter. Bill Clinton wasn't a frat boy. He admitted to the use of marijuana in college.","The economy hit the trough of it's business cycle, and by suggesting Obama stopped the downward spike has no truth. Right wingers who claim to be independent like yourself have been doing this for decades. When the economy is bad when it's Regan or Bush in office it's a business cycle, when it's Obama or Carter it's their fault. Where is your link of proof? Here's a great article on the unprecedented obstruction of government link And here are loads of stories about the record number of filibusters. Google either ""Republican filibuster 2009 or 2010"", they are breaking their own record link Ronald Reagan had to clean up the mess after Jimmy Carter. Bill Clinton wasn't a frat boy. He admitted to the use of marijuana in college. Ronald Regan was the first to triple the national debt, and began us down the road of deregulation which is the primary reason we today are in such a deep recession. And I wasn't talking about Clinton, he was economically perhaps the best president in our history, Bush Jr. is the frat boy.",0.7949999999999999,0.715,0.78,-0.07999999999999996,-0.014999999999999902
CD-REPLY-091,CreateDebate,reply,obama,obama,George Washington was worse he was a theif and he wasn't even elected.,You just say that because he defeated the British ;)...........................,0.22,0.25,0.39999999999999997,0.03,0.17999999999999997
CD-REPLY-092,CreateDebate,reply,obama,obama,[Rick Santorum is more popular than Paul???? :/ Woooow. This world.],"radical econ policy - Austrian economics radical foreign policy - isolationist He is old insufficient popularity wants to get rid of major govt agencies Although he seems pretty smart and has had some good ideas and some popular ideas, he doesnt really fit the bill.",0.29,0.29,0.2,0.0,-0.08999999999999997
CD-REPLY-093,CreateDebate,reply,obama,obama,"I'm shocked! People are downvoting your Obama has almost the same number of letters as Hitler argument... they must be Nazis. Uh-Oh, George has exactly the same number of letters at Hitler - does that make him more like Hitler than Obama??",but did you know obama's supporting the building of an islamic culture centre at the site if the twin towers also did you know that his aunt is an illegal immagrant living in the U.S not working but getting benifits.(so in other words your taxes are paying the upkeep of barrack obamas aunt),0.22500000000000003,0.09000000000000002,0.12000000000000002,-0.135,-0.10500000000000001
CD-REPLY-094,CreateDebate,reply,obama,obama,[Can someone please explain why Ron Paul is out of the contest??],"Because market anarchy without checks and balances via some power in which people have a say (government) leads inevitably to serfdom at best and straight financial slavery more likely--all whilst roads crumble around us and only rich kids (inhereted rich after a generation or so since without checks on large corporations they can simply steal any idea and make it cheaper) get an education... And only between 10% and 20% of the half-retarded american population is that fully retarded during any given election. So yeah, that's why he'll forever be ""out of the contest"" outside of Texas and a couple southern states. Plus he's been spewing government all in your vagina outlawing abortion while hypocritically preaching smaller government when it comes to feeding the kid the impoverished and rape-e's are forced to take to term.",0.19999999999999998,0.41000000000000003,0.21000000000000002,0.21000000000000005,0.010000000000000037
CD-REPLY-095,CreateDebate,reply,obama,obama,I hate to break it to you but if they were honest then they would not win elections.,"If if honesty is the only way to win elections, it inevitability leads to corruption. Thus, the entire elected official class are corrupt.",0.13,0.1,0.13,-0.03,0.0
CD-REPLY-096,CreateDebate,reply,obama,obama,we are screwed if he does ....................................... .............................,How so? How would we be better off with one of the GOP clowns in office?,0.6499999999999999,0.49000000000000005,0.6399999999999999,-0.15999999999999986,-0.010000000000000009
CD-REPLY-097,CreateDebate,reply,obama,obama,Here listen to Obama yourself. Now these lies are his accomplishments. it's ulgy but please watch the whole thing. He can't run from these comments. http://www.youtube.com/ watch?v=d_Z5KZ42GXw http://www.youtube.com/ watch?v=H64yKJhB528&NR;=1 Obamas greatest achievement is that he got elected in the first place. His accomplishments.... http://www.westernjournalism.com/ exclusive-investigative-reports/ is-obama-stupid-and-lazy/,"Well, you'd be hard-pressed to find a politician that hasn't lied. Supposing we find one, just give it time. All politicians lie, why are you acting like this is something new? However to say that he has never made any accomplishments while in office, I think is quite false. The real question seems to be whether his 2012 opponent will be an improvement or not.",0.695,0.6699999999999999,0.615,-0.025000000000000022,-0.07999999999999996
CD-REPLY-098,CreateDebate,reply,obama,obama,"Bush did the bailouts wrong. He didn't include lending requirements for the banks. Obama did better. Kicking out lobbyists is a fact . I seriously doubt Obama gave stimulus money to ACORN. So the solution to terrorism is to act like terrorists ourselves? We can to better. Torture is dishonorable and causes us to lose legitimacy. Besides, it doesn't work. Bush allowed for research on products derived from the cells already in existence, not for the creation of new lines. Heh, this is kind of a stupid debate, isn't it?","Uh he did it is well known and it has been all over the media as well how could you have not heard this? But because of Acorns latest events congress is trying to now stop the Stimulus money from getting there. Lending requirements are the issue of the banks and bond holders neither Bush or Obama had anything to do with tighter lending. Debating isn't stupid it's just fun to hear other peoples opinions. I respect your opinions and beliefs i don't necessarily agree with them but that's democracy, in some countries we are not even allowed to have such a debate. It's nice just to exercise what most people take for granted. I hope that Obama doesn't decide to go bigger into Afghan war instead get out.",0.7349999999999999,0.7050000000000001,0.69,-0.029999999999999805,-0.04499999999999993
CD-REPLY-099,CreateDebate,reply,obama,obama,"He really wants nothing less than total control of our personal lives, monies, religion ,and it starting to sound like Germany in the late 30s. I am very , very scared for our freedoms, which have been eroded and continue that way .",What do they call the country you live in in the parallel universe you are posting from? I'm just curious.,0.36000000000000004,0.45000000000000007,0.41500000000000004,0.09000000000000002,0.05499999999999999
CD-REPLY-100,CreateDebate,reply,obama,obama,Obama has done something he has created more uncertainty and more job losses because of uncertainty on big tax programs. 80% of all unemployment is from companies 500 or less. Recent poll asked business owners from all sorts of industries about their business and if they are thinking of hiring. Overwhelmingly the answer is no. Small business is not going to hire when they are facing a possible huge carbon emissions tax. If health care goes through another 8% tax. The game plan right now of the President is to add more tax to a already hurt economy. If you have a business and the only talk out of Washington right now is not to help private business but only make it more expensive to do business why would you spend more and hire an employer. This is the lack of common sense that I talk about with Obama policies on the economy. Remember the lie and we all knew that is was BS that if his stimulus was passed that unemployment would stop at 8.5%. Thank god we only have 4 year terms. I hope that someone comes along a worthy opponent unlike Jon McCain in my opinion was a horrible choice for the GOP . If it is someone that's a worthy opponent Obama will be like many other past Presidents a one hit wonder.,"Obama has done plenty for small business . Nobody wants to pay for emissions and health care, but ignoring our problems won't make them go away. What's your alternative solution? The unemployment numbers weren't a lie. They were simply mistaken. They were based on the consensus view of economists. Most people hadn't yet realized what a big hole the crisis left us in.",0.8160000000000001,0.81,0.8,-0.006000000000000005,-0.016000000000000014
